{
  "batch_normalization": 0.12659863868928545,
  "batch_size": 58.52919006250144,
  "block_size": 2.3599807169462923,
  "channels": 2.7595563036891306,
  "conv_activation": 0.4935872325763997,
  "debug": false,
  "dense_activation": 0.9176422534848168,
  "dilation_rate": 10.039190736662183,
  "dropout": 0.12605252280829532,
  "epochs": 100,
  "experiment": "cnn_multichannel_rna",
  "extra_channel": true,
  "fc1": 218.40247879995425,
  "fc2": 237.39173614154262,
  "kernel_size": 0,
  "l1": 0.0005617038250237593,
  "l2": 0.00033433421798149656,
  "lr": 6.290605619662816e-05,
  "min_score": 0.15,
  "nblocks": 1.9147850337992722,
  "net": "cnn",
  "timeout": 10800,
  "train_verbose": true,
  "working_dir": "/home/dasolma/papers/fer-rna/src"
}