{
  "batch_normalization": 1.410280975913223,
  "batch_size": 41.64619986955787,
  "block_size": 2.9067857083494006,
  "conv_activation": -0.3562218713285855,
  "debug": false,
  "dense_activation": 0.06021602836884632,
  "dilation_rate": 1.805122170322849,
  "dropout": 0.6795908213180729,
  "epochs": 100,
  "extra_channel": true,
  "f1": 4.592018913861217,
  "f2": 3.750785671650392,
  "f3": 9.165201471727489,
  "fc1": 165.70129917838943,
  "fc2": 100,
  "kernel_size": -0.34184744961002167,
  "kernels": [
    [
      2,
      3
    ],
    [
      2,
      5
    ],
    [
      2,
      10
    ],
    [
      1,
      3
    ],
    [
      1,
      5
    ],
    [
      1,
      10
    ]
  ],
  "l1": 0.0002796729053418362,
  "l2": 0.00038263857726611005,
  "lr": 0.0008211146923825048,
  "min_score": 15,
  "msblocks": 0.2681001422246214,
  "nblocks": 1.781268777079092,
  "net": "mscnn",
  "timeout": 10800,
  "train_verbose": true,
  "window": 335.3701753928506,
  "working_dir": "/home/dasolma/papers/rul_stacked/src"
}