{
  "batch_normalization": 1.34014030037434,
  "batch_size": 60.07485930819139,
  "block_size": 2.0207244228760084,
  "conv_activation": 1.469952138102537,
  "debug": false,
  "dense_activation": 1.9416666006036476,
  "dilation_rate": 6.050904099762634,
  "dropout": 0.47668552052040586,
  "epochs": 100,
  "experiment": "rnn_cnn_l2",
  "extra_channel": true,
  "fc1": 110.43563985288672,
  "fc2": 81.87573141873264,
  "kernel_size": 0,
  "l1": 0.0008972157579533268,
  "l2": 0.0009004180571633304,
  "lr": 0.0006367704427005352,
  "min_score": 15,
  "nblocks": 2.1812789862764275,
  "net": "cnn",
  "timeout": 10800,
  "train_verbose": true,
  "working_dir": "/home/dasolma/papers/fer-rna/src"
}