{
  "attention": 0.12130223981322352,
  "batch_normalization": 0.8204453818679158,
  "batch_size": 57.73557208964228,
  "bidirectional": -0.5036662766400186,
  "cell_type": 0.8933743930974389,
  "debug": false,
  "dense_activation": 1.1004376107596432,
  "dropout": 0.4243662238728607,
  "epochs": 100,
  "experiment": "cnn_rnn_rna",
  "extra_channel": false,
  "fc1": 195.3968958524304,
  "fc2": 84.08670779832673,
  "l1": 0.0008719780840506393,
  "l2": 0.0003788208649893149,
  "lr": 0.00034012733725748335,
  "lstm_units": 57.25654908612387,
  "min_score": 0.15,
  "nblocks": 1.9580071685428873,
  "net": "rnn",
  "num_embeddings": 297.0283412003098,
  "timeout": 10800,
  "train_verbose": true,
  "window": 398.02738681333597,
  "working_dir": "/home/dasolma/papers/fer-rna/src"
}