{
  "batch_normalization": -0.019402104176141022,
  "batch_size": 38.82003497124322,
  "block_size": 3.4857471490167136,
  "channels": 3.3645166065154495,
  "conv_activation": -0.2240332784621315,
  "debug": false,
  "dense_activation": 0.39001301436733693,
  "dilation_rate": 7.838786637721215,
  "dropout": 0.038172257128060515,
  "epochs": 100,
  "experiment": "cnn_multichannel_rna",
  "extra_channel": true,
  "fc1": 149.0812626728308,
  "fc2": 248.52727816618494,
  "kernel_size": 0,
  "l1": 8.341310234259324e-05,
  "l2": 0.0008241846389164808,
  "lr": 4.0383162099780155e-05,
  "min_score": 0.15,
  "nblocks": 2.5095158680557685,
  "net": "cnn",
  "timeout": 10800,
  "train_verbose": true,
  "working_dir": "/home/dasolma/papers/fer-rna/src"
}