{
  "batch_normalization": -0.29205772360628224,
  "batch_size": 63.5828629383617,
  "block_size": 2.0294068325586387,
  "conv_activation": -0.42761004264814084,
  "debug": false,
  "dense_activation": 1.037708964151384,
  "dilation_rate": 8.600023212570406,
  "dropout": 0.39661481528068937,
  "epochs": 100,
  "experiment": "cnn_l2",
  "extra_channel": true,
  "fc1": 77.89137762298242,
  "fc2": 254.59341767282282,
  "kernel_size": 0,
  "l1": 0.00034375115223952404,
  "l2": 9.381136957716451e-05,
  "lr": 0.0008917190280044666,
  "min_score": 15,
  "nblocks": 1.6532334281566023,
  "net": "cnn",
  "timeout": 10800,
  "train_verbose": true,
  "working_dir": "/home/dasolma/papers/rul_stacked/src"
}