{
  "batch_normalization": -0.21844036519832316,
  "batch_size": 47.248732112489094,
  "block_size": 2.053764450097315,
  "conv_activation": 1.32944196702634,
  "debug": false,
  "dense_activation": 1.3248931994543824,
  "dilation_rate": 0.867938236381981,
  "dropout": 0.4669539399889921,
  "epochs": 100,
  "extra_channel": true,
  "f1": 14.934604987858775,
  "f2": 13.840118432376919,
  "f3": 7.477000433085029,
  "fc1": 228.77037815148128,
  "fc2": 100,
  "kernel_size": 0.842049041176606,
  "kernels": [
    [
      2,
      3
    ],
    [
      2,
      5
    ],
    [
      2,
      10
    ],
    [
      1,
      3
    ],
    [
      1,
      5
    ],
    [
      1,
      10
    ]
  ],
  "l1": 0.0009732212652371159,
  "l2": 0.000311498146967371,
  "lr": 0.000800890716478645,
  "min_score": 15,
  "msblocks": 0.4661022927248589,
  "nblocks": 3.2432253759572913,
  "net": "mscnn",
  "timeout": 10800,
  "train_verbose": true,
  "window": 242.3463255639423,
  "working_dir": "/home/dasolma/papers/rul_stacked/src"
}