{
  "attention": 0.6947508730075898,
  "batch_normalization": 0.8978012404878457,
  "batch_size": 61.98009701671255,
  "bidirectional": 0.12800950996614802,
  "cell_type": 1.383133370072571,
  "debug": false,
  "dense_activation": -0.11872240432303927,
  "dropout": 0.8769810694922544,
  "epochs": 100,
  "extra_channel": false,
  "fc1": 241.3657947009461,
  "fc2": 100,
  "kernels": [
    [
      2,
      3
    ],
    [
      2,
      5
    ],
    [
      2,
      10
    ],
    [
      1,
      3
    ],
    [
      1,
      5
    ],
    [
      1,
      10
    ]
  ],
  "l1": 0.0007270901449096542,
  "l2": 0.0004096562541249794,
  "lr": 3.6637961724710145e-05,
  "lstm_units": 88.69985702204687,
  "min_score": 15,
  "nblocks": 2.7119257252239044,
  "net": "rnn",
  "timeout": 10800,
  "train_verbose": true,
  "window": 186.21387345603108,
  "working_dir": "/home/dasolma/papers/rul_stacked/src"
}