{
  "batch_normalization": 0.6309341206375885,
  "batch_size": 34.99759257049896,
  "block_size": 2.2380772900576784,
  "conv_activation": 0.28560710304517634,
  "debug": false,
  "dense_activation": 0.22196893013725072,
  "dilation_rate": 10.220645336429406,
  "dropout": 0.35378795220008435,
  "epochs": 100,
  "experiment": "rnn_cnn_l2",
  "extra_channel": true,
  "fc1": 235.27293859400575,
  "fc2": 185.17861619147448,
  "kernel_size": 0,
  "l1": 0.0007948113035416484,
  "l2": 0.0005026370931051921,
  "lr": 0.0005811348457800956,
  "min_score": 15,
  "nblocks": 2.4851850337613506,
  "net": "cnn",
  "timeout": 10800,
  "train_verbose": true,
  "working_dir": "/home/dasolma/papers/fer-rna/src"
}