{
  "batch_normalization": 0.17872203859001445,
  "batch_size": 35.63115267969885,
  "block_size": 3.3408933641915546,
  "conv_activation": 2.122018060142943,
  "debug": false,
  "dense_activation": 0.2638248831454668,
  "dilation_rate": 7.096640779421107,
  "dropout": 0.7354999801810943,
  "epochs": 100,
  "experiment": "mscnn_l2",
  "extra_channel": true,
  "f1": 9.71650653456102,
  "f2": 9.384864507060964,
  "f3": 5.649242735887863,
  "fc1": 81.87573141873264,
  "fc2": 236.26542552703873,
  "kernel_size": 0,
  "kernels": [
    [
      3,
      3
    ]
  ],
  "l1": 0.0009004180571633304,
  "l2": 0.0006331014572732679,
  "lr": 0.0003456394931382137,
  "min_score": 15,
  "msblocks": 0.8933462027045169,
  "nblocks": 2.9473922441630744,
  "net": "mscnn",
  "timeout": 10800,
  "train_verbose": true,
  "window": 465.9053964587545,
  "working_dir": "/home/dasolma/papers/rul_stacked/src"
}