{
  "attention": 0.9419113577404787,
  "batch_normalization": 1.2852494173056284,
  "batch_size": 60.386765576483754,
  "bidirectional": 1.0497510917152477,
  "cell_type": 0.7740632923085755,
  "debug": false,
  "dense_activation": -0.2575801050148535,
  "dropout": 0.1454658426851524,
  "epochs": 100,
  "extra_channel": false,
  "fc1": 236.52240419719922,
  "fc2": 100,
  "kernels": [
    [
      2,
      3
    ],
    [
      2,
      5
    ],
    [
      2,
      10
    ],
    [
      1,
      3
    ],
    [
      1,
      5
    ],
    [
      1,
      10
    ]
  ],
  "l1": 0.0006064290596595899,
  "l2": 9.197051616629648e-06,
  "lr": 0.00011045682743737178,
  "lstm_units": 90.31219814010225,
  "min_score": 15,
  "nblocks": 1.5250835198617316,
  "net": "rnn",
  "timeout": 10800,
  "train_verbose": true,
  "window": 164.32322056699945,
  "working_dir": "/home/dasolma/papers/rul_stacked/src"
}