{
  "batch_normalization": 1.4319228291403534,
  "batch_size": 37.97732397725769,
  "block_size": 2.712452229694202,
  "conv_activation": 0.042074405334222686,
  "debug": false,
  "dense_activation": 1.9360927515934774,
  "dilation_rate": 9.70284116575463,
  "dropout": 0.1436940206637938,
  "epochs": 100,
  "extra_channel": true,
  "f1": 11.172248106272766,
  "f2": 4.277845274967482,
  "f3": 5.0301491788704595,
  "fc1": 189.12834605974774,
  "fc2": 100,
  "kernel_size": 3.5942047018999466,
  "kernels": [
    [
      2,
      3
    ],
    [
      2,
      5
    ],
    [
      2,
      10
    ],
    [
      1,
      3
    ],
    [
      1,
      5
    ],
    [
      1,
      10
    ]
  ],
  "l1": 0.000649628748032661,
  "l2": 0.0009680783978383286,
  "lr": 0.00045964776096657706,
  "min_score": 15,
  "msblocks": 0.9872579158344992,
  "nblocks": 3.439712145956517,
  "net": "mscnn",
  "timeout": 10800,
  "train_verbose": true,
  "window": 198.70341225770125,
  "working_dir": "/home/dasolma/papers/rul_stacked/src"
}