{
  "batch_normalization": 1.1278493841857613,
  "batch_size": 59.54337866420299,
  "block_size": 1.5237652184517576,
  "conv_activation": 1.0222419077326972,
  "debug": false,
  "dense_activation": 0.742233009446337,
  "dilation_rate": 2.726635948497888,
  "dropout": 0.10787883060031453,
  "epochs": 100,
  "experiment": "mscnn_l2",
  "extra_channel": true,
  "f1": 6.8922449248190905,
  "f2": 14.7489679567845,
  "f3": 6.705174057629403,
  "fc1": 163.60779937472628,
  "fc2": 198.97964010787416,
  "kernel_size": 0,
  "kernels": [
    [
      3,
      3
    ]
  ],
  "l1": 0.000363629602379294,
  "l2": 0.0009717820827209606,
  "lr": 0.0009628228219926902,
  "min_score": 15,
  "msblocks": 0.504611360343203,
  "nblocks": 2.4945520416669233,
  "net": "mscnn",
  "timeout": 10800,
  "train_verbose": true,
  "window": 198.79348279791282,
  "working_dir": "/home/dasolma/papers/rul_stacked/src"
}