{
  "batch_normalization": 1.268980572189503,
  "batch_size": 54.27363636183596,
  "block_size": 2.7826519525360363,
  "conv_activation": 0.34931827530163495,
  "debug": false,
  "dense_activation": 1.437747189442008,
  "dilation_rate": 6.448998199023175,
  "dropout": 0.7074972184042119,
  "epochs": 100,
  "experiment": "cnn_l2",
  "extra_channel": true,
  "fc1": 69.24715651665285,
  "fc2": 82.37282077588037,
  "kernel_size": 0,
  "l1": 0.0005591102358183948,
  "l2": 0.0008345856298223691,
  "lr": 0.00021130437892641232,
  "min_score": 15,
  "nblocks": 2.7681885501742745,
  "net": "cnn",
  "timeout": 10800,
  "train_verbose": true,
  "working_dir": "/home/dasolma/papers/rul_stacked/src"
}