{
  "batch_normalization": 0.09874783653537167,
  "batch_size": 41.114895820078964,
  "block_size": 1.583036155761975,
  "conv_activation": 1.3186930019396905,
  "debug": false,
  "dense_activation": 0.9980370696865843,
  "dilation_rate": 1.0237579374748937,
  "dropout": 0.2507818178129503,
  "epochs": 100,
  "experiment": "rnn_cnn_l2",
  "extra_channel": true,
  "fc1": 238.3870501055975,
  "fc2": 109.99588300805871,
  "kernel_size": 0,
  "l1": 0.0001448948720912231,
  "l2": 0.000489452760277563,
  "lr": 0.0009857939495694946,
  "min_score": 15,
  "nblocks": 1.9892694375927709,
  "net": "cnn",
  "timeout": 10800,
  "train_verbose": true,
  "working_dir": "/home/dasolma/papers/fer-rna/src"
}