{
  "batch_normalization": 1.2641185928907277,
  "batch_size": 55.84137840101738,
  "block_size": 2.1386681641107947,
  "channels": 2.4173659274813257,
  "conv_activation": 1.4244108511379443,
  "debug": false,
  "dense_activation": -0.04446138804124533,
  "dilation_rate": 3.6454137474262023,
  "dropout": 0.6383232815817241,
  "epochs": 100,
  "experiment": "cnn_multichannel_rna",
  "extra_channel": true,
  "fc1": 190.6035831316662,
  "fc2": 225.50696485548974,
  "kernel_size": 0,
  "l1": 0.0006596697055234709,
  "l2": 0.0009780035247498743,
  "lr": 0.00038540855200851475,
  "min_score": 0.15,
  "nblocks": 1.9786136795433222,
  "net": "cnn",
  "timeout": 10800,
  "train_verbose": true,
  "working_dir": "/home/dasolma/papers/fer-rna/src"
}