{
  "batch_normalization": 0.43869278246376175,
  "batch_size": 63.66297498107161,
  "block_size": 2.051284124916171,
  "conv_activation": 0.8011525648994706,
  "debug": false,
  "dense_activation": 2.4330795494887614,
  "dilation_rate": 9.505994975169042,
  "dropout": 0.7263379759186637,
  "epochs": 100,
  "experiment": "cnn_l2",
  "extra_channel": true,
  "fc1": 253.3253555327636,
  "fc2": 67.45135243640152,
  "kernel_size": 0,
  "l1": 0.00043910407724899805,
  "l2": 0.0007680100181368978,
  "lr": 0.0003901553188594757,
  "min_score": 15,
  "nblocks": 1.7170245183992925,
  "net": "cnn",
  "timeout": 10800,
  "train_verbose": true,
  "working_dir": "/home/dasolma/papers/rul_stacked/src"
}