{
  "batch_normalization": 0.869566424334504,
  "batch_size": 32.89186073154908,
  "block_size": 3.3436793352792717,
  "conv_activation": -0.28827682663871124,
  "debug": false,
  "dense_activation": 1.9725292650503834,
  "dilation_rate": 0.5232373407860218,
  "dropout": 0.004344747730270682,
  "epochs": 100,
  "experiment": "cnn_l2",
  "extra_channel": true,
  "fc1": 250.3518147224554,
  "fc2": 244.55146162609606,
  "kernel_size": 0,
  "l1": 0.0006367022940093473,
  "l2": 0.00025785892290612167,
  "lr": 0.0007473155090017248,
  "min_score": 15,
  "nblocks": 3.064217631136242,
  "net": "cnn",
  "timeout": 10800,
  "train_verbose": true,
  "working_dir": "/home/dasolma/papers/rul_stacked/src"
}