{
  "batch_normalization": 0.16983908271916448,
  "batch_size": 60.31020475341079,
  "block_size": 1.6745954261730251,
  "conv_activation": 1.8667280402299122,
  "debug": false,
  "dense_activation": -0.36410310407593904,
  "dilation_rate": 5.173699731191213,
  "dropout": 0.09982762837201783,
  "epochs": 100,
  "experiment": "cnn_l2",
  "extra_channel": true,
  "fc1": 108.26255576225302,
  "fc2": 146.6540090057744,
  "kernel_size": 0,
  "l1": 0.0005245473490884148,
  "l2": 0.0008529003573344613,
  "lr": 0.00033273430551455935,
  "min_score": 15,
  "nblocks": 2.992005435994675,
  "net": "cnn",
  "timeout": 10800,
  "train_verbose": true,
  "working_dir": "/home/dasolma/papers/rul_stacked/src"
}