{
  "batch_normalization": 0.5511165222507894,
  "batch_size": 38.57865691077208,
  "block_size": 2.0786380851271016,
  "conv_activation": -0.3558062097881157,
  "debug": false,
  "dense_activation": 1.0209349965524035,
  "dilation_rate": 5.612169871144968,
  "dropout": 0.0960609085760745,
  "epochs": 100,
  "extra_channel": true,
  "f1": 9.458086910858725,
  "f2": 9.381099748491012,
  "f3": 8.768222602711239,
  "fc1": 174.69119642481806,
  "fc2": 100,
  "kernel_size": 5.014533017815401,
  "kernels": [
    [
      2,
      3
    ],
    [
      2,
      5
    ],
    [
      2,
      10
    ],
    [
      1,
      3
    ],
    [
      1,
      5
    ],
    [
      1,
      10
    ]
  ],
  "l1": 0.000613158525210736,
  "l2": 0.0008833041641531535,
  "lr": 0.0004956880194225031,
  "min_score": 15,
  "msblocks": 1.910066612314116,
  "nblocks": 2.565885550575373,
  "net": "mscnn",
  "timeout": 10800,
  "train_verbose": true,
  "window": 262.2060567879045,
  "working_dir": "/home/dasolma/papers/rul_stacked/src"
}