{
  "attention": -0.13684160559199565,
  "batch_normalization": 1.4192859151254547,
  "batch_size": 50.607317347051165,
  "bidirectional": -0.10489363990917089,
  "cell_type": 1.0778281429931178,
  "debug": false,
  "dense_activation": 1.3388723632721928,
  "dropout": 0.7063125810701452,
  "epochs": 100,
  "experiment": "cnn_rnn_rna",
  "extra_channel": false,
  "fc1": 130.07407756173325,
  "fc2": 172.942908438013,
  "l1": 0.000875673545476711,
  "l2": 0.00017755708397864867,
  "lr": 0.000826348510987465,
  "lstm_units": 122.03405538458411,
  "min_score": 0.15,
  "nblocks": 2.3891989262620097,
  "net": "rnn",
  "num_embeddings": 201.56421051563336,
  "timeout": 10800,
  "train_verbose": true,
  "window": 211.31583629452712,
  "working_dir": "/home/dasolma/papers/fer-rna/src"
}