{
  "batch_normalization": 0.24533483650625132,
  "batch_size": 62.42285780511732,
  "block_size": 2.959348004786582,
  "conv_activation": 1.2859754525911098,
  "debug": false,
  "dense_activation": -0.041944078672690455,
  "dilation_rate": 2.0668253129553023,
  "dropout": 0.05227525095137952,
  "epochs": 100,
  "experiment": "cnn_l2",
  "extra_channel": true,
  "fc1": 230.30581998878756,
  "fc2": 179.4140822546961,
  "kernel_size": 0,
  "l1": 0.0007080725777960455,
  "l2": 2.0584494295802448e-05,
  "lr": 0.0009702107536403744,
  "min_score": 15,
  "nblocks": 3.1582364287848352,
  "net": "cnn",
  "timeout": 10800,
  "train_verbose": true,
  "working_dir": "/home/dasolma/papers/rul_stacked/src"
}