{
  "batch_normalization": -0.4315668429807154,
  "batch_size": 61.09825286652102,
  "block_size": 2.0223843635680336,
  "channels": 2.8217941230208847,
  "conv_activation": 0.42513322826823285,
  "debug": false,
  "dense_activation": 1.0502040635334324,
  "dilation_rate": 5.966168587845931,
  "dropout": 0.16636900997297435,
  "epochs": 100,
  "experiment": "cnn_multichannel_rna",
  "extra_channel": true,
  "fc1": 250.16024853079523,
  "fc2": 212.825502085334,
  "kernel_size": 0,
  "l1": 0.0009394989415641891,
  "l2": 0.0008948273504276489,
  "lr": 0.0006019209790229743,
  "min_score": 1,
  "nblocks": 3.3353109853457714,
  "net": "cnn",
  "timeout": 10800,
  "train_verbose": true,
  "working_dir": "/home/dasolma/papers/fer-rna/src"
}