{
  "batch_normalization": 0.7406094016670541,
  "batch_size": 37.06682132029565,
  "block_size": 2.166493609135733,
  "channels": 1.54028950176467,
  "conv_activation": -0.4147611277322878,
  "debug": false,
  "dense_activation": -0.4493916457929442,
  "dilation_rate": 9.27686541414609,
  "dropout": 0.7443924788745239,
  "epochs": 100,
  "experiment": "cnn_multichannel_rna",
  "extra_channel": true,
  "fc1": 119.63798041827349,
  "fc2": 165.68657330106726,
  "kernel_size": 0,
  "l1": 0.0006438673484805484,
  "l2": 0.00033663696365270133,
  "lr": 0.0007845438433535804,
  "min_score": 0.15,
  "nblocks": 2.352619117325343,
  "net": "cnn",
  "timeout": 10800,
  "train_verbose": true,
  "working_dir": "/home/dasolma/papers/fer-rna/src"
}