{
  "attention": 0.7747766402255432,
  "batch_normalization": -0.08349149645556819,
  "batch_size": 60.657068012735465,
  "bidirectional": 1.3067738598866747,
  "cell_type": 0.5384663856453216,
  "debug": false,
  "dense_activation": 2.01015706624655,
  "dropout": 0.7068045192660631,
  "epochs": 100,
  "extra_channel": false,
  "fc1": 243.01422752668321,
  "fc2": 100,
  "kernels": [
    [
      2,
      3
    ],
    [
      2,
      5
    ],
    [
      2,
      10
    ],
    [
      1,
      3
    ],
    [
      1,
      5
    ],
    [
      1,
      10
    ]
  ],
  "l1": 0.00042893989613377204,
  "l2": 0.00048287148440749616,
  "lr": 0.0004871522691608132,
  "lstm_units": 110.34445656838041,
  "min_score": 15,
  "nblocks": 2.782595063137588,
  "net": "rnn",
  "timeout": 10800,
  "train_verbose": true,
  "window": 255.4606830108911,
  "working_dir": "/home/dasolma/papers/rul_stacked/src"
}