{
  "batch_normalization": -0.00614997201353118,
  "batch_size": 33.57262540656566,
  "block_size": 2.730753993558322,
  "conv_activation": 1.6214799494179173,
  "debug": false,
  "dense_activation": 0.4148502370695344,
  "dilation_rate": 9.03144204316948,
  "dropout": 0.40753147537034795,
  "epochs": 100,
  "experiment": "cnn_l2",
  "extra_channel": true,
  "fc1": 255.68925089862643,
  "fc2": 64.0767409771504,
  "kernel_size": 0,
  "l1": 0.00010948970841855665,
  "l2": 0.00030179324293534037,
  "lr": 3.525252197417603e-05,
  "min_score": 15,
  "nblocks": 3.0590321263217364,
  "net": "cnn",
  "timeout": 10800,
  "train_verbose": true,
  "working_dir": "/home/dasolma/papers/rul_stacked/src"
}