{
  "batch_normalization": 1.4001819085197562,
  "batch_size": 55.61270133426459,
  "block_size": 2.6076210239725732,
  "conv_activation": 1.3251622387030568,
  "debug": false,
  "dense_activation": 0.7488001872833696,
  "dilation_rate": 2.9823552752215514,
  "dropout": 0.32037541078613546,
  "epochs": 100,
  "extra_channel": true,
  "f1": 12.34684251382751,
  "f2": 2.696827482414231,
  "f3": 4.016622873779773,
  "fc1": 72.83250726817653,
  "fc2": 100,
  "kernel_size": -0.2656271860861792,
  "kernels": [
    [
      2,
      3
    ],
    [
      2,
      5
    ],
    [
      2,
      10
    ],
    [
      1,
      3
    ],
    [
      1,
      5
    ],
    [
      1,
      10
    ]
  ],
  "l1": 0.0008554605840110073,
  "l2": 0.0007036578593800237,
  "lr": 0.00047943209079645197,
  "min_score": 15,
  "msblocks": -0.10964169900250409,
  "nblocks": 2.483399432731328,
  "net": "mscnn",
  "timeout": 10800,
  "train_verbose": true,
  "window": 276.11535330969343,
  "working_dir": "/home/dasolma/papers/rul_stacked/src"
}