{
  "batch_normalization": 0.027752711686633624,
  "batch_size": 39.807668588130674,
  "block_size": 3.4365608984098426,
  "channels": 2.2883334948401854,
  "conv_activation": 2.1661396655313396,
  "debug": false,
  "dense_activation": 1.3834158779917887,
  "dilation_rate": 8.442216809345652,
  "dropout": 0.4523733837946729,
  "epochs": 100,
  "experiment": "cnn_multichannel_rna",
  "extra_channel": true,
  "fc1": 174.76554584826096,
  "fc2": 158.56339721322186,
  "kernel_size": 0,
  "l1": 0.0001952429877980445,
  "l2": 0.0007224521152615054,
  "lr": 0.00028796463881644726,
  "min_score": 0.15,
  "nblocks": 1.5581456135342786,
  "net": "cnn",
  "timeout": 10800,
  "train_verbose": true,
  "working_dir": "/home/dasolma/papers/fer-rna/src"
}