{
  "batch_normalization": 1.3159994242564075,
  "batch_size": 57.59220358917203,
  "block_size": 3.435490048038092,
  "channels": 2.703771538493815,
  "conv_activation": 0.6918491648134799,
  "debug": false,
  "dense_activation": 1.538809366957132,
  "dilation_rate": 5.692420924596098,
  "dropout": 0.22621829663739923,
  "epochs": 100,
  "experiment": "cnn_multichannel_rna",
  "extra_channel": true,
  "fc1": 188.47127515041802,
  "fc2": 227.4982573983673,
  "kernel_size": 0,
  "l1": 0.000683826891615611,
  "l2": 0.0003196275483303015,
  "lr": 0.0003712175795191,
  "min_score": 0.15,
  "nblocks": 2.9206558335222894,
  "net": "cnn",
  "timeout": 10800,
  "train_verbose": true,
  "working_dir": "/home/dasolma/papers/fer-rna/src"
}