{
  "batch_normalization": 1.1893466486943471,
  "batch_size": 32.38705866092944,
  "block_size": 1.8214931121753342,
  "conv_activation": 1.5297884676519782,
  "debug": false,
  "dense_activation": 2.425570929710643,
  "dilation_rate": 9.738504289925727,
  "dropout": 0.7752912982825635,
  "epochs": 100,
  "experiment": "cnn_l2",
  "extra_channel": true,
  "fc1": 253.8189480474885,
  "fc2": 66.03765277598501,
  "kernel_size": 0,
  "l1": 0.0008034739325360596,
  "l2": 0.0004744147182390246,
  "lr": 7.227216419855084e-05,
  "min_score": 15,
  "nblocks": 1.8200433337325228,
  "net": "cnn",
  "timeout": 10800,
  "train_verbose": true,
  "working_dir": "/home/dasolma/papers/rul_stacked/src"
}