{
  "batch_normalization": -0.30304971697451205,
  "batch_size": 63.01653534459501,
  "block_size": 3.2186182238512746,
  "conv_activation": -0.3094011465848432,
  "debug": false,
  "dense_activation": 1.119002389777457,
  "dilation_rate": 1.3043362928682185,
  "dropout": 0.6280610269289044,
  "epochs": 100,
  "experiment": "cnn_l2",
  "extra_channel": true,
  "fc1": 251.15821986279505,
  "fc2": 65.49150408663556,
  "kernel_size": 0,
  "l1": 1.747588063758143e-05,
  "l2": 0.0007592079949946503,
  "lr": 9.946204841803264e-05,
  "min_score": 15,
  "nblocks": 2.4701100357362566,
  "net": "cnn",
  "timeout": 10800,
  "train_verbose": true,
  "working_dir": "/home/dasolma/papers/rul_stacked/src"
}