{
  "batch_normalization": 1.4893560877245904,
  "batch_size": 35.62017086082186,
  "block_size": 3.2709994115907426,
  "channels": 3.2484802157295203,
  "conv_activation": 1.7071943825775067,
  "debug": false,
  "dense_activation": -0.4313003235448176,
  "dilation_rate": 1.5464549700300332,
  "dropout": 0.6859599623223224,
  "epochs": 100,
  "experiment": "cnn_multichannel_rna",
  "extra_channel": true,
  "fc1": 147.04200161894633,
  "fc2": 250.47242781878566,
  "kernel_size": 0,
  "l1": 0.00047199735623421735,
  "l2": 0.0008756306280767012,
  "lr": 0.0009660501045525272,
  "min_score": 0.15,
  "nblocks": 3.0229429301510717,
  "net": "cnn",
  "timeout": 10800,
  "train_verbose": true,
  "working_dir": "/home/dasolma/papers/fer-rna/src"
}