{
  "batch_normalization": 1.4614444036800953,
  "batch_size": 39.74576868836802,
  "block_size": 2.8408283838636397,
  "channels": 3.018006838350861,
  "conv_activation": 0.202912631977199,
  "debug": false,
  "dense_activation": 1.6746490458355787,
  "dilation_rate": 4.180475664538148,
  "dropout": 0.5690752475342216,
  "epochs": 100,
  "experiment": "cnn_multichannel_rna",
  "extra_channel": true,
  "fc1": 185.63770446609178,
  "fc2": 166.86873934235362,
  "kernel_size": 0,
  "l1": 9.02897700544083e-05,
  "l2": 0.000835302495589238,
  "lr": 0.0003275722643220185,
  "min_score": 0.15,
  "nblocks": 1.8793066505917113,
  "net": "cnn",
  "timeout": 10800,
  "train_verbose": true,
  "working_dir": "/home/dasolma/papers/fer-rna/src"
}