{
  "batch_normalization": 0.07021709173528601,
  "batch_size": 50.906664338208344,
  "block_size": 1.570390494879318,
  "conv_activation": -0.39795543375235676,
  "debug": false,
  "dense_activation": 1.9578016819789748,
  "dilation_rate": 4.104702601284404,
  "dropout": 0.1143544613866963,
  "epochs": 100,
  "extra_channel": true,
  "f1": 9.288717515511362,
  "f2": 12.504516319219968,
  "f3": 5.311356936909024,
  "fc1": 183.59497135724806,
  "fc2": 100,
  "kernel_size": 0.002084789962607969,
  "kernels": [
    [
      2,
      3
    ],
    [
      2,
      5
    ],
    [
      2,
      10
    ],
    [
      1,
      3
    ],
    [
      1,
      5
    ],
    [
      1,
      10
    ]
  ],
  "l1": 5.1681721168607696e-05,
  "l2": 0.000531354631568148,
  "lr": 0.0005452287703940055,
  "min_score": 15,
  "msblocks": 2.0433453069778444,
  "nblocks": 2.9476608407708698,
  "net": "mscnn",
  "timeout": 10800,
  "train_verbose": true,
  "window": 501.1817315992155,
  "working_dir": "/home/dasolma/papers/rul_stacked/src"
}