{
  "batch_normalization": 0.7653776893989135,
  "batch_size": 53.16652376178316,
  "block_size": 3.20247967786502,
  "conv_activation": 2.4325910115750053,
  "debug": false,
  "dense_activation": 2.13603446857125,
  "dilation_rate": 6.550935789948415,
  "dropout": 0.3364519669603751,
  "epochs": 100,
  "extra_channel": true,
  "f1": 12.295049174120441,
  "f2": 13.687998165484426,
  "f3": 6.842025385259559,
  "fc1": 103.76018463737677,
  "fc2": 100,
  "kernel_size": 4.111911956167521,
  "kernels": [
    [
      2,
      3
    ],
    [
      2,
      5
    ],
    [
      2,
      10
    ],
    [
      1,
      3
    ],
    [
      1,
      5
    ],
    [
      1,
      10
    ]
  ],
  "l1": 0.0003748963089399774,
  "l2": 5.804431998131832e-05,
  "lr": 0.00018860070676050424,
  "min_score": 15,
  "msblocks": 1.0093435985031967,
  "nblocks": 1.788387032922292,
  "net": "mscnn",
  "timeout": 10800,
  "train_verbose": true,
  "window": 77.37743803632317,
  "working_dir": "/home/dasolma/papers/rul_stacked/src"
}