{
  "batch_normalization": 1.1813637001110926,
  "batch_size": 37.58359704267035,
  "block_size": 2.6706697540856927,
  "channels": 3.223214485401686,
  "conv_activation": 1.6011183541431915,
  "debug": false,
  "dense_activation": 2.068000371125427,
  "dilation_rate": 1.3960629881547704,
  "dropout": 0.30445259885310905,
  "epochs": 100,
  "experiment": "cnn_multichannel_rna",
  "extra_channel": true,
  "fc1": 143.8443372857716,
  "fc2": 252.79754685363616,
  "kernel_size": 0,
  "l1": 0.00017233469039200277,
  "l2": 0.0006251724415647463,
  "lr": 0.0006254102344712697,
  "min_score": 0.15,
  "nblocks": 3.0806029790814735,
  "net": "cnn",
  "timeout": 10800,
  "train_verbose": true,
  "working_dir": "/home/dasolma/papers/fer-rna/src"
}