{
  "batch_normalization": 1.422981717746309,
  "batch_size": 38.823383507328614,
  "block_size": 2.044447962305492,
  "channels": 2.487263710732572,
  "conv_activation": 1.2598533652717598,
  "debug": false,
  "dense_activation": 2.3464325486818263,
  "dilation_rate": 7.438405098205718,
  "dropout": 0.32946214243579375,
  "epochs": 100,
  "experiment": "cnn_multichannel_rna",
  "extra_channel": true,
  "fc1": 118.46270989101798,
  "fc2": 168.63465568094617,
  "kernel_size": 0,
  "l1": 7.723563602540429e-05,
  "l2": 6.226676023185418e-05,
  "lr": 0.00014216590936779846,
  "min_score": 0.15,
  "nblocks": 3.0909688565372475,
  "net": "cnn",
  "timeout": 10800,
  "train_verbose": true,
  "working_dir": "/home/dasolma/papers/fer-rna/src"
}