{
  "batch_normalization": -0.3622983064664459,
  "batch_size": 33.97680732342907,
  "block_size": 2.5409893997677546,
  "conv_activation": -0.02789632955054877,
  "debug": false,
  "dense_activation": 2.0073509401812144,
  "dilation_rate": 0.6441237512184073,
  "dropout": 0.5245365859187401,
  "epochs": 100,
  "experiment": "cnn_l2",
  "extra_channel": true,
  "fc1": 104.82550253450987,
  "fc2": 140.72966440749377,
  "kernel_size": 0,
  "l1": 0.0006529666973997433,
  "l2": 0.0008152611773877863,
  "lr": 0.0009871336173747605,
  "min_score": 15,
  "nblocks": 2.0646649781105997,
  "net": "cnn",
  "timeout": 10800,
  "train_verbose": true,
  "working_dir": "/home/dasolma/papers/rul_stacked/src"
}