{
  "batch_normalization": 0.8257970845198098,
  "batch_size": 60.39328310938513,
  "block_size": 2.7233319699762033,
  "conv_activation": 1.0398015004245675,
  "debug": false,
  "dense_activation": 0.4096400747118706,
  "dilation_rate": 2.9331090862261084,
  "dropout": 0.08540568981772287,
  "epochs": 100,
  "experiment": "cnn_l2",
  "extra_channel": true,
  "fc1": 124.89725060033919,
  "fc2": 139.25849438829476,
  "kernel_size": 0,
  "l1": 0.00010808679799043031,
  "l2": 0.0006687585009306702,
  "lr": 0.0002631525584892962,
  "min_score": 15,
  "nblocks": 2.105681232923736,
  "net": "cnn",
  "timeout": 10800,
  "train_verbose": true,
  "working_dir": "/home/dasolma/papers/rul_stacked/src"
}