{
  "batch_normalization": 0.30418155593147156,
  "batch_size": 47.392536128319705,
  "block_size": 2.1926619728348515,
  "conv_activation": 1.5248572765125352,
  "debug": false,
  "dense_activation": 0.3044336406915137,
  "dilation_rate": 1.1317969162686508,
  "dropout": 0.03787081937211056,
  "epochs": 100,
  "extra_channel": true,
  "f1": 7.080294566575791,
  "f2": 10.992709916349774,
  "f3": 13.444399819940777,
  "fc1": 194.06580359996414,
  "fc2": 100,
  "kernel_size": 1.1286468364537927,
  "kernels": [
    [
      2,
      3
    ],
    [
      2,
      5
    ],
    [
      2,
      10
    ],
    [
      1,
      3
    ],
    [
      1,
      5
    ],
    [
      1,
      10
    ]
  ],
  "l1": 0.00022723250855949628,
  "l2": 0.0006262664743454262,
  "lr": 0.00020245946537082374,
  "min_score": 15,
  "msblocks": 2.0352633831391382,
  "nblocks": 3.1660326758547384,
  "net": "mscnn",
  "timeout": 10800,
  "train_verbose": true,
  "window": 322.9135930990137,
  "working_dir": "/home/dasolma/papers/rul_stacked/src"
}