{
  "attention": 0.0630825042565688,
  "batch_normalization": 0.6757581885323314,
  "batch_size": 32.97600799804958,
  "bidirectional": -0.4353036225015712,
  "cell_type": 1.1352011213193165,
  "debug": false,
  "dense_activation": 0.5705719242337886,
  "dropout": 0.1143544613866963,
  "epochs": 100,
  "experiment": "cnn_rnn_rna",
  "extra_channel": false,
  "fc1": 164.27070593052244,
  "fc2": 211.83876219493328,
  "l1": 0.00021582102749684317,
  "l2": 0.0006228904758190003,
  "lr": 9.449399034383032e-05,
  "lstm_units": 21.78835277088406,
  "min_score": 0.15,
  "nblocks": 3.0934368020730814,
  "net": "rnn",
  "num_embeddings": 208.1270243220213,
  "timeout": 10800,
  "train_verbose": true,
  "window": 354.9719605992826,
  "working_dir": "/home/dasolma/papers/fer-rna/src"
}