{
  "attention": -0.0691817309362881,
  "batch_normalization": 0.20308123655672117,
  "batch_size": 32.15973849892998,
  "bidirectional": 0.9409772810535673,
  "cell_type": 0.7135181783165343,
  "debug": false,
  "dense_activation": 0.3732822884362873,
  "dropout": 0.19935464181065468,
  "epochs": 100,
  "experiment": "cnn_rnn_rna",
  "extra_channel": false,
  "fc1": 194.71390744858192,
  "fc2": 156.72437798482844,
  "l1": 0.0007047176602322853,
  "l2": 0.00018099390062684617,
  "lr": 0.0007196409418222797,
  "lstm_units": 62.143170662390574,
  "min_score": 0.15,
  "nblocks": 3.8244567031905863,
  "net": "rnn",
  "num_embeddings": 181.97973731019806,
  "timeout": 10800,
  "train_verbose": true,
  "window": 180.9922664413659,
  "working_dir": "/home/dasolma/papers/fer-rna/src"
}