{
  "batch_normalization": 1.49,
  "batch_size": 57.3111064697027,
  "block_size": 2.5290753815103963,
  "channels": 2.024532093127378,
  "conv_activation": 0.8630701714605881,
  "debug": false,
  "dense_activation": -0.13942340202760256,
  "dilation_rate": 5.743738126717951,
  "dropout": 0.3293780739183123,
  "epochs": 100,
  "experiment": "cnn_multichannel_rna",
  "extra_channel": true,
  "fc1": 189.98602072868346,
  "fc2": 225.73882758523635,
  "kernel_size": 0,
  "l1": 0.001,
  "l2": 0.0004460949922752467,
  "lr": 0.00025231009396410023,
  "min_score": 0.15,
  "nblocks": 2.031825585847368,
  "net": "cnn",
  "timeout": 10800,
  "train_verbose": true,
  "working_dir": "/home/dasolma/papers/fer-rna/src"
}