{
  "batch_normalization": 0.7093321997394708,
  "batch_size": 33.53288619150378,
  "block_size": 3.294182550271578,
  "conv_activation": 2.0052279540800857,
  "debug": false,
  "dense_activation": 0.6223457069888745,
  "dilation_rate": 0.8483177084719813,
  "dropout": 0.18807113848055781,
  "epochs": 100,
  "experiment": "cnn_l2",
  "extra_channel": true,
  "fc1": 67.6918541243549,
  "fc2": 67.85334262262012,
  "kernel_size": 0,
  "l1": 0.0002681417498606018,
  "l2": 0.0009965023771545758,
  "lr": 0.00024187228556474952,
  "min_score": 15,
  "nblocks": 1.67049014918363,
  "net": "cnn",
  "timeout": 10800,
  "train_verbose": true,
  "working_dir": "/home/dasolma/papers/rul_stacked/src"
}