{
  "batch_normalization": 0.33644934796215653,
  "batch_size": 49.840888217212374,
  "block_size": 2.7887023215334663,
  "channels": 2.286336421448656,
  "conv_activation": 0.5979991388614254,
  "debug": false,
  "dense_activation": 1.0593373556880066,
  "dilation_rate": 7.340871806212417,
  "dropout": 0.19905859446908608,
  "epochs": 100,
  "experiment": "cnn_multichannel_rna",
  "extra_channel": true,
  "fc1": 197.1108264134745,
  "fc2": 140.19337444539065,
  "kernel_size": 0,
  "l1": 0.0004324882128858143,
  "l2": 8.86013157972998e-06,
  "lr": 0.00041572113880029843,
  "min_score": 0.15,
  "nblocks": 2.16638194342521,
  "net": "cnn",
  "timeout": 10800,
  "train_verbose": true,
  "working_dir": "/home/dasolma/papers/fer-rna/src"
}