{
  "batch_normalization": 1.1533464825399482,
  "batch_size": 61.90794465920166,
  "block_size": 2.460101226273081,
  "conv_activation": 0.36152780842585497,
  "debug": false,
  "dense_activation": 1.2523564808000403,
  "dilation_rate": 2.6031561380038237,
  "dropout": 0.8221206053920073,
  "epochs": 100,
  "experiment": "cnn_l2",
  "extra_channel": true,
  "fc1": 126.10559223992,
  "fc2": 138.08535257591598,
  "kernel_size": 0,
  "l1": 0.00029849062818415606,
  "l2": 0.0005710575507528878,
  "lr": 1.4713790675698576e-05,
  "min_score": 15,
  "nblocks": 3.1332113531689516,
  "net": "cnn",
  "timeout": 10800,
  "train_verbose": true,
  "working_dir": "/home/dasolma/papers/rul_stacked/src"
}