{
  "attention": 1.4613009082212014,
  "batch_normalization": -0.01831000969211416,
  "batch_size": 53.508337516988114,
  "bidirectional": 1.0132392306574352,
  "cell_type": -0.03472491201520067,
  "debug": false,
  "dense_activation": 1.6746490458355787,
  "dropout": 0.3310048194473279,
  "epochs": 100,
  "extra_channel": false,
  "fc1": 185.40271947396727,
  "fc2": 100,
  "kernels": [
    [
      2,
      3
    ],
    [
      2,
      5
    ],
    [
      2,
      10
    ],
    [
      1,
      3
    ],
    [
      1,
      5
    ],
    [
      1,
      10
    ]
  ],
  "l1": 0.0006335297107608947,
  "l2": 0.0005357746840747585,
  "lr": 9.938687235386422e-05,
  "lstm_units": 109.55387950599466,
  "min_score": 15,
  "nblocks": 2.4659245936157728,
  "net": "rnn",
  "timeout": 10800,
  "train_verbose": true,
  "window": 174.6074041599417,
  "working_dir": "/home/dasolma/papers/rul_stacked/src"
}