{
  "batch_normalization": 0.7972066380875951,
  "batch_size": 57.871697049070335,
  "block_size": 2.0838780043016936,
  "conv_activation": 0.46212313587243137,
  "debug": false,
  "dense_activation": 0.7996511857744413,
  "dilation_rate": 7.4244454555059525,
  "dropout": 0.028192702856265628,
  "epochs": 100,
  "extra_channel": true,
  "f1": 5.426460600439345,
  "f2": 14.866664165507927,
  "f3": 10.876880103768881,
  "fc1": 119.99297863287889,
  "fc2": 100,
  "kernel_size": 2.5334588789254235,
  "kernels": [
    [
      2,
      3
    ],
    [
      2,
      5
    ],
    [
      2,
      10
    ],
    [
      1,
      3
    ],
    [
      1,
      5
    ],
    [
      1,
      10
    ]
  ],
  "l1": 6.0634702930406295e-05,
  "l2": 0.0003840533519194572,
  "lr": 0.0005179499770074494,
  "min_score": 15,
  "msblocks": 2.3910097924422513,
  "nblocks": 3.2347673794833147,
  "net": "mscnn",
  "timeout": 10800,
  "train_verbose": true,
  "window": 152.3072745815188,
  "working_dir": "/home/dasolma/papers/rul_stacked/src"
}