{
  "batch_normalization": -0.005343369007132337,
  "batch_size": 63.0032247927805,
  "block_size": 2.775942735646021,
  "conv_activation": 1.3612459348007986,
  "debug": false,
  "dense_activation": 0.8435783862333512,
  "dilation_rate": 5.4812766804992,
  "dropout": 0.5310448629219418,
  "epochs": 100,
  "extra_channel": true,
  "f1": 2.792651967424565,
  "f2": 8.724107744097694,
  "f3": 11.26508959940202,
  "fc1": 161.6734999388326,
  "fc2": 100,
  "kernel_size": 0.6739680621440189,
  "kernels": [
    [
      2,
      3
    ],
    [
      2,
      5
    ],
    [
      2,
      10
    ],
    [
      1,
      3
    ],
    [
      1,
      5
    ],
    [
      1,
      10
    ]
  ],
  "l1": 0.0005184554871755779,
  "l2": 0.0008559278380159115,
  "lr": 4.065627129568481e-05,
  "min_score": 15,
  "msblocks": 2.0953633763214974,
  "nblocks": 3.2102624890322358,
  "net": "mscnn",
  "timeout": 10800,
  "train_verbose": true,
  "window": 439.11804420676606,
  "working_dir": "/home/dasolma/papers/rul_stacked/src"
}