{
  "batch_normalization": 0.11103820104841855,
  "batch_size": 58.2293290977811,
  "block_size": 2.2779410997291283,
  "channels": 2.713383231774054,
  "conv_activation": 0.025398356884956952,
  "debug": false,
  "dense_activation": 2.4837564993668444,
  "dilation_rate": 7.895866427047549,
  "dropout": 0.34085330060691743,
  "epochs": 100,
  "experiment": "cnn_multichannel_rna",
  "extra_channel": true,
  "fc1": 211.15921248198768,
  "fc2": 249.61284263833468,
  "kernel_size": 0,
  "l1": 0.000255168995533992,
  "l2": 0.00021231079119596796,
  "lr": 0.0006220398425661191,
  "min_score": 0.15,
  "nblocks": 2.28479048834183,
  "net": "cnn",
  "timeout": 10800,
  "train_verbose": true,
  "working_dir": "/home/dasolma/papers/fer-rna/src"
}