{
  "batch_normalization": 0.6302569694759477,
  "batch_size": 62.43746980133638,
  "block_size": 2.703720832474305,
  "conv_activation": 1.6211408418309354,
  "debug": false,
  "dense_activation": 1.6789097988897417,
  "dilation_rate": 6.447069690732777,
  "dropout": 0.3476072184495677,
  "epochs": 100,
  "extra_channel": true,
  "f1": 13.042148975096937,
  "f2": 12.082780115194948,
  "f3": 2.5835397399915196,
  "fc1": 112.05605061484734,
  "fc2": 100,
  "kernel_size": -0.26815738356405383,
  "kernels": [
    [
      2,
      3
    ],
    [
      2,
      5
    ],
    [
      2,
      10
    ],
    [
      1,
      3
    ],
    [
      1,
      5
    ],
    [
      1,
      10
    ]
  ],
  "l1": 0.0007846061644948839,
  "l2": 0.0009925373519550224,
  "lr": 0.0004466872731447832,
  "min_score": 15,
  "msblocks": 2.837032817721757,
  "nblocks": 3.246880833637334,
  "net": "mscnn",
  "timeout": 10800,
  "train_verbose": true,
  "window": 197.36360564134665,
  "working_dir": "/home/dasolma/papers/rul_stacked/src"
}