{
  "batch_normalization": 0.44668701554699797,
  "batch_size": 52.542745371067355,
  "block_size": 2.865708659510574,
  "conv_activation": -0.006086485440651268,
  "debug": false,
  "dense_activation": 1.683399773279081,
  "dilation_rate": 8.21425560535745,
  "dropout": 0.06807842960529639,
  "epochs": 100,
  "extra_channel": true,
  "f1": 3.9072030044210244,
  "f2": 9.058456242391202,
  "f3": 14.751447879644564,
  "fc1": 197.23471029121083,
  "fc2": 100,
  "kernel_size": 4.892877448574286,
  "kernels": [
    [
      2,
      3
    ],
    [
      2,
      5
    ],
    [
      2,
      10
    ],
    [
      1,
      3
    ],
    [
      1,
      5
    ],
    [
      1,
      10
    ]
  ],
  "l1": 0.0009454883106947749,
  "l2": 6.433741236371016e-05,
  "lr": 0.000580882364903185,
  "min_score": 15,
  "msblocks": 3.035809139030783,
  "nblocks": 2.340201459101894,
  "net": "mscnn",
  "timeout": 10800,
  "train_verbose": true,
  "window": 354.1791518225042,
  "working_dir": "/home/dasolma/papers/rul_stacked/src"
}