{
  "batch_normalization": -0.11650430248790411,
  "batch_size": 32.8770484733445,
  "block_size": 3.1250711607196786,
  "conv_activation": 0.40833407535011434,
  "debug": false,
  "dense_activation": 2.3494552769005477,
  "dilation_rate": 6.240193198956363,
  "dropout": 0.4963162156085716,
  "epochs": 100,
  "experiment": "cnn_l2",
  "extra_channel": true,
  "fc1": 64.47028563190193,
  "fc2": 255.67583952253446,
  "kernel_size": 0,
  "l1": 3.4463354590348774e-05,
  "l2": 0.0005837741538544766,
  "lr": 7.04008246228726e-05,
  "min_score": 15,
  "nblocks": 2.162404809890969,
  "net": "cnn",
  "timeout": 10800,
  "train_verbose": true,
  "working_dir": "/home/dasolma/papers/rul_stacked/src"
}