{
  "batch_normalization": 1.2265253761902304,
  "batch_size": 52.81355162364127,
  "block_size": 2.8359071578028336,
  "conv_activation": 1.6910356627106269,
  "debug": false,
  "dense_activation": 0.7537486413784611,
  "dilation_rate": 6.399996786472823,
  "dropout": 0.5196972062710669,
  "epochs": 100,
  "extra_channel": true,
  "f1": 13.000082398995417,
  "f2": 7.853276487495333,
  "f3": 10.791722078452878,
  "fc1": 211.95117427455358,
  "fc2": 100,
  "kernel_size": 0.8661787952677675,
  "kernels": [
    [
      2,
      3
    ],
    [
      2,
      5
    ],
    [
      2,
      10
    ],
    [
      1,
      3
    ],
    [
      1,
      5
    ],
    [
      1,
      10
    ]
  ],
  "l1": 0.00026451137334788954,
  "l2": 0.000509328186736779,
  "lr": 0.0003916088938384662,
  "min_score": 15,
  "msblocks": 1.7783084262164834,
  "nblocks": 2.2659219182578765,
  "net": "mscnn",
  "timeout": 10800,
  "train_verbose": true,
  "window": 143.25418792408308,
  "working_dir": "/home/dasolma/papers/rul_stacked/src"
}