{
  "attention": 0.1890480054960637,
  "batch_normalization": 0.07129935005159505,
  "batch_size": 42.18496061309724,
  "bidirectional": -0.30147669017866496,
  "cell_type": 1.0388726777377046,
  "debug": false,
  "dense_activation": 1.3494997122120844,
  "dropout": 0.21264224775658683,
  "epochs": 100,
  "extra_channel": false,
  "fc1": 193.4319512364596,
  "fc2": 100,
  "kernels": [
    [
      2,
      3
    ],
    [
      2,
      5
    ],
    [
      2,
      10
    ],
    [
      1,
      3
    ],
    [
      1,
      5
    ],
    [
      1,
      10
    ]
  ],
  "l1": 0.00012437937248895126,
  "l2": 0.0003408115233837632,
  "lr": 0.0009730598987303285,
  "lstm_units": 67.50865840624618,
  "min_score": 15,
  "nblocks": 2.7547790862830634,
  "net": "rnn",
  "timeout": 10800,
  "train_verbose": true,
  "window": 293.8892917727557,
  "working_dir": "/home/dasolma/papers/rul_stacked/src"
}