{
  "batch_normalization": -0.2133176653227335,
  "batch_size": 35.9322527801407,
  "block_size": 2.5921594047013805,
  "conv_activation": 1.703508128592689,
  "debug": false,
  "dense_activation": 1.175739673298234,
  "dilation_rate": 5.313805738677322,
  "dropout": 0.27668049612771906,
  "epochs": 100,
  "experiment": "cnn_l2",
  "extra_channel": true,
  "fc1": 180.01435109409346,
  "fc2": 91.75849472831068,
  "kernel_size": 0,
  "l1": 0.00013071958781199754,
  "l2": 0.000581212951930836,
  "lr": 0.0003302715294487152,
  "min_score": 15,
  "nblocks": 2.321492929353593,
  "net": "cnn",
  "timeout": 10800,
  "train_verbose": true,
  "working_dir": "/home/dasolma/papers/rul_stacked/src"
}