{
  "batch_normalization": -0.0030650818135060653,
  "batch_size": 34.924949448796426,
  "block_size": 2.4251089560905,
  "conv_activation": 2.293948286411821,
  "debug": false,
  "dense_activation": 2.195692016016478,
  "dilation_rate": 4.649508230977821,
  "dropout": 0.255511529372521,
  "epochs": 100,
  "experiment": "cnn_l2",
  "extra_channel": true,
  "fc1": 254.96326116945164,
  "fc2": 255.0862392106151,
  "kernel_size": 0,
  "l1": 0.0008713891738101456,
  "l2": 0.0009204876466155051,
  "lr": 0.0007405742733880772,
  "min_score": 15,
  "nblocks": 2.1537353773297676,
  "net": "cnn",
  "timeout": 10800,
  "train_verbose": true,
  "working_dir": "/home/dasolma/papers/rul_stacked/src"
}