{
  "batch_normalization": 1.3696028937127362,
  "batch_size": 60.634475213684766,
  "block_size": 2.6938419580459487,
  "conv_activation": 2.2556227050693503,
  "debug": false,
  "dense_activation": -0.24452249384424152,
  "dilation_rate": 2.4659089669430694,
  "dropout": 0.04070456001948426,
  "epochs": 100,
  "experiment": "cnn_l2",
  "extra_channel": true,
  "fc1": 126.46342350654675,
  "fc2": 138.62603962038054,
  "kernel_size": 0,
  "l1": 0.0002713490317738959,
  "l2": 0.0008287375091519293,
  "lr": 0.0003631857934266534,
  "min_score": 15,
  "nblocks": 2.066250329181014,
  "net": "cnn",
  "timeout": 10800,
  "train_verbose": true,
  "working_dir": "/home/dasolma/papers/rul_stacked/src"
}