{
  "batch_normalization": -0.14282570821634238,
  "batch_size": 58.493068594081336,
  "block_size": 1.5427198147691072,
  "conv_activation": 1.2007218218104347,
  "debug": false,
  "dense_activation": 1.1850959520390008,
  "dilation_rate": 9.049810866080024,
  "dropout": 0.7572371430958488,
  "epochs": 100,
  "experiment": "rnn_cnn_l2",
  "extra_channel": true,
  "fc1": 73.64915292736382,
  "fc2": 71.18485492798986,
  "kernel_size": 0,
  "l1": 0.0007850660177642782,
  "l2": 0.0005440299489186908,
  "lr": 0.00022203712896433456,
  "min_score": 15,
  "nblocks": 2.690549329071044,
  "net": "cnn",
  "timeout": 10800,
  "train_verbose": true,
  "working_dir": "/home/dasolma/papers/fer-rna/src"
}