{
  "attention": 0.22794029604787447,
  "batch_normalization": 0.6513547625209346,
  "batch_size": 60.84694020580773,
  "bidirectional": -0.5070275458084399,
  "cell_type": 0.28907847565929323,
  "debug": false,
  "dense_activation": 1.4928078268038034,
  "dropout": 0.0497420768158664,
  "epochs": 100,
  "experiment": "cnn_rnn_rna",
  "extra_channel": false,
  "fc1": 223.91003487265596,
  "fc2": 181.69312003894947,
  "l1": 0.00025403381422427576,
  "l2": 0.0007440572109626629,
  "lr": 0.0003082449114723399,
  "lstm_units": 81.09615135426104,
  "min_score": 0.15,
  "nblocks": 2.378763033945188,
  "net": "rnn",
  "num_embeddings": 174.53981497739255,
  "timeout": 10800,
  "train_verbose": true,
  "window": 170.0784009605054,
  "working_dir": "/home/dasolma/papers/fer-rna/src"
}