{
  "batch_normalization": 0.9009104252642399,
  "batch_size": 33.098524429769405,
  "block_size": 2.655863794723672,
  "conv_activation": 0.5659904739818089,
  "debug": false,
  "dense_activation": 1.0617577943381755,
  "dilation_rate": 1.866466549433132,
  "dropout": 0.4541112409398516,
  "epochs": 100,
  "experiment": "cnn_l2",
  "extra_channel": true,
  "fc1": 64.08812758956637,
  "fc2": 255.88400339883054,
  "kernel_size": 0,
  "l1": 0.0004186754868984248,
  "l2": 0.00036613910962776273,
  "lr": 0.00025304938055889384,
  "min_score": 15,
  "nblocks": 2.479147971720717,
  "net": "cnn",
  "timeout": 10800,
  "train_verbose": true,
  "working_dir": "/home/dasolma/papers/rul_stacked/src"
}