{
  "batch_normalization": -0.11146645428189145,
  "batch_size": 55.11846768836817,
  "block_size": 2.0659292776328946,
  "conv_activation": -0.4370521007056385,
  "debug": false,
  "dense_activation": 1.4264168877215033,
  "dilation_rate": 2.2775645804823483,
  "dropout": 0.8464127259176228,
  "epochs": 100,
  "experiment": "cnn_l2",
  "extra_channel": true,
  "fc1": 247.15428678449678,
  "fc2": 239.65396292232612,
  "kernel_size": 0,
  "l1": 0.0003701587002554444,
  "l2": 1.5456616528867427e-05,
  "lr": 0.0009290353769618482,
  "min_score": 15,
  "nblocks": 2.357804613668282,
  "net": "cnn",
  "timeout": 10800,
  "train_verbose": true,
  "working_dir": "/home/dasolma/papers/rul_stacked/src"
}