{
  "batch_normalization": 0.7495567676695947,
  "batch_size": 32.31577569467004,
  "block_size": 3.118273654536044,
  "conv_activation": 0.48482309712354477,
  "debug": false,
  "dense_activation": -0.29145239316336724,
  "dilation_rate": 4.468396747906666,
  "dropout": 0.2726431120787204,
  "epochs": 100,
  "extra_channel": true,
  "f1": 15.220635343260929,
  "f2": 11.17431349766606,
  "f3": 2.9382077493872014,
  "fc1": 126.97139811953429,
  "fc2": 100,
  "kernel_size": -0.49883080554464776,
  "kernels": [
    [
      2,
      3
    ],
    [
      2,
      5
    ],
    [
      2,
      10
    ],
    [
      1,
      3
    ],
    [
      1,
      5
    ],
    [
      1,
      10
    ]
  ],
  "l1": 0.0006957611654226885,
  "l2": 0.00027966288455104636,
  "lr": 4.782066184747281e-05,
  "min_score": 15,
  "msblocks": 3.167398786943501,
  "nblocks": 2.1868720254773395,
  "net": "mscnn",
  "timeout": 10800,
  "train_verbose": true,
  "window": 265.2722931560357,
  "working_dir": "/home/dasolma/papers/rul_stacked/src"
}