{
  "batch_normalization": 0.19492705347919514,
  "batch_size": 55.23058172384766,
  "block_size": 3.2862783147061028,
  "conv_activation": 2.151259272795352,
  "debug": false,
  "dense_activation": 1.8296266375728718,
  "dilation_rate": 6.917475828619792,
  "dropout": 0.07572596849554396,
  "epochs": 100,
  "experiment": "cnn_l2",
  "extra_channel": true,
  "fc1": 95.03271310616584,
  "fc2": 236.52240419719922,
  "kernel_size": 0,
  "l1": 0.0006064290596595899,
  "l2": 9.197051616629648e-06,
  "lr": 0.00011045682743737178,
  "min_score": 15,
  "nblocks": 2.8237335028339507,
  "net": "cnn",
  "timeout": 10800,
  "train_verbose": true,
  "working_dir": "/home/dasolma/papers/rul_stacked/src"
}