{
  "batch_normalization": 1.1737904917950885,
  "batch_size": 52.096523720513105,
  "block_size": 3.221463925452569,
  "channels": 1.9203851176409774,
  "conv_activation": 2.319856351479947,
  "debug": false,
  "dense_activation": 1.5929691092920033,
  "dilation_rate": 7.383831502180842,
  "dropout": 0.7314580367878101,
  "epochs": 100,
  "experiment": "cnn_multichannel_rna",
  "extra_channel": true,
  "fc1": 187.50878962468082,
  "fc2": 220.34710957106816,
  "kernel_size": 0,
  "l1": 0.00011634357674539276,
  "l2": 0.00044948945912964757,
  "lr": 0.00015090425219718004,
  "min_score": 0.15,
  "nblocks": 1.6395957118845936,
  "net": "cnn",
  "timeout": 10800,
  "train_verbose": true,
  "working_dir": "/home/dasolma/papers/fer-rna/src"
}