{
  "batch_normalization": 1.1937619763185452,
  "batch_size": 42.14150416500088,
  "block_size": 1.8455956384384633,
  "channels": 2.6124664996675335,
  "conv_activation": 2.298464322482343,
  "debug": false,
  "dense_activation": 1.578089390024919,
  "dilation_rate": 6.199210477491863,
  "dropout": 0.08745884439369168,
  "epochs": 100,
  "experiment": "cnn_multichannel_rna",
  "extra_channel": true,
  "fc1": 182.08138752624058,
  "fc2": 254.09033922001856,
  "kernel_size": 0,
  "l1": 0.00014008401523652402,
  "l2": 0.0005183296523637367,
  "lr": 0.0008785993412086759,
  "min_score": 0.15,
  "nblocks": 2.976721863153325,
  "net": "cnn",
  "timeout": 10800,
  "train_verbose": true,
  "working_dir": "/home/dasolma/papers/fer-rna/src"
}