{
  "batch_normalization": 0.9736561709720539,
  "batch_size": 49.21782246069563,
  "block_size": 2.4093076610890796,
  "conv_activation": 1.4822675914276202,
  "debug": false,
  "dense_activation": 1.4237187038956485,
  "dilation_rate": 0.9791659721627686,
  "dropout": 0.7467715125524913,
  "epochs": 100,
  "experiment": "rnn_cnn_l2",
  "extra_channel": true,
  "fc1": 221.88486366538814,
  "fc2": 155.5774015850605,
  "kernel_size": 0,
  "l1": 0.0006271070301355805,
  "l2": 0.0004910724645036984,
  "lr": 0.0004425046606218816,
  "min_score": 15,
  "nblocks": 2.872481004692312,
  "net": "cnn",
  "timeout": 10800,
  "train_verbose": true,
  "working_dir": "/home/dasolma/papers/fer-rna/src"
}