{
  "batch_normalization": -0.029216892621776958,
  "batch_size": 57.93218566644363,
  "block_size": 3.4519615340268386,
  "channels": 1.9104225628697915,
  "conv_activation": 1.6052962770353536,
  "debug": false,
  "dense_activation": 0.03978851854786336,
  "dilation_rate": 5.29630580068404,
  "dropout": 0.6873619268949038,
  "epochs": 100,
  "experiment": "cnn_multichannel_rna",
  "extra_channel": true,
  "fc1": 175.71784157800175,
  "fc2": 227.18147683420113,
  "kernel_size": 0,
  "l1": 3.7399421899991796e-05,
  "l2": 0.0005458193542713843,
  "lr": 0.0009028635211347703,
  "min_score": 0.15,
  "nblocks": 2.060057229497438,
  "net": "cnn",
  "timeout": 10800,
  "train_verbose": true,
  "working_dir": "/home/dasolma/papers/fer-rna/src"
}