{
  "batch_normalization": -0.0446916506716713,
  "batch_size": 34.46335711452137,
  "block_size": 2.0837078767692607,
  "conv_activation": -0.02633613823798675,
  "debug": false,
  "dense_activation": 2.2790929570277196,
  "dilation_rate": 8.575041388052881,
  "dropout": 0.5700633808593811,
  "epochs": 100,
  "experiment": "mscnn_l2",
  "extra_channel": true,
  "f1": 13.821558460636576,
  "f2": 12.941663558150506,
  "f3": 4.931679364340745,
  "fc1": 235.37132771007572,
  "fc2": 167.55371044780495,
  "kernel_size": 0,
  "kernels": [
    [
      3,
      3
    ]
  ],
  "l1": 0.0008074401551640626,
  "l2": 0.0008960912999234933,
  "lr": 0.00032482344022214527,
  "min_score": 15,
  "msblocks": -0.06089282113456973,
  "nblocks": 1.9613116218330446,
  "net": "mscnn",
  "timeout": 10800,
  "train_verbose": true,
  "window": 255.34428930456284,
  "working_dir": "/home/dasolma/papers/rul_stacked/src"
}