{
  "attention": 0.771515025386021,
  "batch_normalization": 0.5847403368175412,
  "batch_size": 44.7859620640462,
  "bidirectional": 0.9699163642884201,
  "cell_type": -0.4566861794357442,
  "debug": false,
  "dense_activation": 1.1432856346747278,
  "dropout": 0.25359146711985414,
  "epochs": 100,
  "experiment": "cnn_rnn_rna",
  "extra_channel": false,
  "fc1": 112.64101875722295,
  "fc2": 235.17771064168275,
  "l1": 0.00037386049489223597,
  "l2": 0.00028680031611874927,
  "lr": 0.0009212127863924433,
  "lstm_units": 83.73290019646454,
  "min_score": 0.15,
  "nblocks": 2.4804461742302206,
  "net": "rnn",
  "num_embeddings": 160.19101766665517,
  "timeout": 10800,
  "train_verbose": true,
  "window": 455.0212475408283,
  "working_dir": "/home/dasolma/papers/fer-rna/src"
}