{
  "batch_normalization": -0.5,
  "batch_size": 44.37451696986206,
  "block_size": 2.338024617521999,
  "conv_activation": 1.1803979055693592,
  "debug": false,
  "dense_activation": 0.8146444332596912,
  "dilation_rate": 2.3584738541617662,
  "dropout": 0.3543840871679326,
  "epochs": 100,
  "extra_channel": true,
  "f1": 10.345186297076289,
  "f2": 8.531224222186843,
  "f3": 14.06998561021037,
  "fc1": 192.00674195331777,
  "fc2": 100,
  "kernel_size": 0.8661967854423136,
  "kernels": [
    [
      2,
      3
    ],
    [
      2,
      5
    ],
    [
      2,
      10
    ],
    [
      1,
      3
    ],
    [
      1,
      5
    ],
    [
      1,
      10
    ]
  ],
  "l1": 0.0,
  "l2": 0.001,
  "lr": 1e-05,
  "min_score": 15,
  "msblocks": 2.0574347864351075,
  "nblocks": 3.49,
  "net": "mscnn",
  "timeout": 10800,
  "train_verbose": true,
  "window": 319.5710157042689,
  "working_dir": "/home/dasolma/papers/rul_stacked/src"
}