{
  "batch_normalization": 0.7607241244141805,
  "batch_size": 49.144789890392275,
  "block_size": 1.6887737447077285,
  "conv_activation": 1.9959074867677138,
  "debug": false,
  "dense_activation": 0.4523401949152075,
  "dilation_rate": 2.3714547337905456,
  "dropout": 0.03669762739928752,
  "epochs": 100,
  "extra_channel": true,
  "f1": 10.179790402583379,
  "f2": 11.304785416712825,
  "f3": 2.7253100194835724,
  "fc1": 162.32186719346194,
  "fc2": 100,
  "kernel_size": 0.8489746511876277,
  "kernels": [
    [
      2,
      3
    ],
    [
      2,
      5
    ],
    [
      2,
      10
    ],
    [
      1,
      3
    ],
    [
      1,
      5
    ],
    [
      1,
      10
    ]
  ],
  "l1": 0.0006451727904094499,
  "l2": 0.00017436642900499143,
  "lr": 0.0006940283607214413,
  "min_score": 15,
  "msblocks": 1.0430740317391443,
  "nblocks": 3.3647253776987345,
  "net": "mscnn",
  "timeout": 10800,
  "train_verbose": true,
  "window": 125.60938297740498,
  "working_dir": "/home/dasolma/papers/rul_stacked/src"
}