{
  "attention": 0.7775142961986206,
  "batch_normalization": -0.38731031944309546,
  "batch_size": 37.01350004620345,
  "bidirectional": 0.5142821552866503,
  "cell_type": -0.4186294831218731,
  "debug": false,
  "dense_activation": 0.07683832116569567,
  "dropout": 0.12255507288824986,
  "epochs": 100,
  "experiment": "cnn_rnn_rna",
  "extra_channel": false,
  "fc1": 71.79040591139209,
  "fc2": 250.4313798815512,
  "l1": 0.0004501662835127005,
  "l2": 0.000858935824585478,
  "lr": 0.00036464053166122113,
  "lstm_units": 20.77030058229253,
  "min_score": 0.15,
  "nblocks": 3.5830482379690425,
  "net": "rnn",
  "num_embeddings": 107.7508382455874,
  "timeout": 10800,
  "train_verbose": true,
  "window": 321.11288872039097,
  "working_dir": "/home/dasolma/papers/fer-rna/src"
}