{
  "attention": 1.351164945365314,
  "batch_normalization": 1.1667341517906662,
  "batch_size": 57.073260390135836,
  "bidirectional": -0.36496586601203096,
  "cell_type": 1.477199113824507,
  "debug": false,
  "dense_activation": 2.451639091018542,
  "dropout": 0.8190382067906393,
  "epochs": 100,
  "experiment": "cnn_rnn_rna",
  "extra_channel": false,
  "fc1": 216.625708158294,
  "fc2": 226.06746053427497,
  "l1": 0.00011665447260853478,
  "l2": 0.000317429755877678,
  "lr": 6.492358755097797e-05,
  "lstm_units": 59.7253851082312,
  "min_score": 0.15,
  "nblocks": 3.617506651494157,
  "net": "rnn",
  "num_embeddings": 128.45801601255155,
  "timeout": 10800,
  "train_verbose": true,
  "window": 447.3144603182564,
  "working_dir": "/home/dasolma/papers/fer-rna/src"
}