{
  "batch_normalization": 0.43596663570601923,
  "batch_size": 57.24014675335934,
  "block_size": 2.749976931677837,
  "conv_activation": -0.431451722141174,
  "debug": false,
  "dense_activation": 1.847582974923174,
  "dilation_rate": 6.938116750903018,
  "dropout": 0.057354018961277585,
  "epochs": 100,
  "extra_channel": true,
  "f1": 7.421945115121245,
  "f2": 13.765853132308106,
  "f3": 5.9406541623356075,
  "fc1": 200.6471729501245,
  "fc2": 100,
  "kernel_size": 3.78572630871321,
  "kernels": [
    [
      2,
      3
    ],
    [
      2,
      5
    ],
    [
      2,
      10
    ],
    [
      1,
      3
    ],
    [
      1,
      5
    ],
    [
      1,
      10
    ]
  ],
  "l1": 0.0004821037195908009,
  "l2": 0.0007262171126831853,
  "lr": 0.0007977104865340173,
  "min_score": 15,
  "msblocks": 1.4988904853876188,
  "nblocks": 3.023140719188497,
  "net": "mscnn",
  "timeout": 10800,
  "train_verbose": true,
  "window": 406.6228317402996,
  "working_dir": "/home/dasolma/papers/rul_stacked/src"
}