{
  "batch_normalization": 0.6599495993764211,
  "batch_size": 43.97536448207903,
  "block_size": 2.780115938233077,
  "conv_activation": 2.11109989462991,
  "debug": false,
  "dense_activation": 1.1244926932829886,
  "dilation_rate": 8.603865157839794,
  "dropout": 0.17628246167808875,
  "epochs": 100,
  "extra_channel": true,
  "f1": 3.9575946548545353,
  "f2": 12.477888007039883,
  "f3": 3.8836561999491916,
  "fc1": 197.15381056803426,
  "fc2": 100,
  "kernel_size": 2.556476154004864,
  "kernels": [
    [
      2,
      3
    ],
    [
      2,
      5
    ],
    [
      2,
      10
    ],
    [
      1,
      3
    ],
    [
      1,
      5
    ],
    [
      1,
      10
    ]
  ],
  "l1": 0.00017555772116954372,
  "l2": 0.0008279667570535022,
  "lr": 0.00011729520082664817,
  "min_score": 15,
  "msblocks": 2.0914989390639023,
  "nblocks": 1.6203429771307885,
  "net": "mscnn",
  "timeout": 10800,
  "train_verbose": true,
  "window": 494.92513200315284,
  "working_dir": "/home/dasolma/papers/rul_stacked/src"
}