{
  "attention": -0.4284497168904722,
  "batch_normalization": 0.6758769569446013,
  "batch_size": 53.68205957895304,
  "bidirectional": -0.4768243421442877,
  "cell_type": 0.514186116598562,
  "debug": false,
  "dense_activation": 0.16948732559381385,
  "dropout": 0.5806555113685049,
  "epochs": 100,
  "extra_channel": false,
  "fc1": 97.47835436895835,
  "fc2": 100,
  "kernels": [
    [
      2,
      3
    ],
    [
      2,
      5
    ],
    [
      2,
      10
    ],
    [
      1,
      3
    ],
    [
      1,
      5
    ],
    [
      1,
      10
    ]
  ],
  "l1": 0.000690937738102466,
  "l2": 0.00038673534630053743,
  "lr": 0.0009373626888493672,
  "lstm_units": 31.402345744351244,
  "min_score": 15,
  "nblocks": 2.5263777261297706,
  "net": "rnn",
  "timeout": 10800,
  "train_verbose": true,
  "window": 145.38940849623563,
  "working_dir": "/home/dasolma/papers/rul_stacked/src"
}