{
  "batch_normalization": 0.4298863999173397,
  "batch_size": 54.10909767502203,
  "block_size": 2.346707056277789,
  "conv_activation": 1.949783433461678,
  "debug": false,
  "dense_activation": 1.6213424706029993,
  "dilation_rate": 7.5173666194336315,
  "dropout": 0.047323303559820354,
  "epochs": 100,
  "experiment": "cnn_l2",
  "extra_channel": true,
  "fc1": 166.91428454362472,
  "fc2": 80.39760231633366,
  "kernel_size": 0,
  "l1": 0.0006858240972076473,
  "l2": 0.0006129198524556371,
  "lr": 0.0005543877796715297,
  "min_score": 15,
  "nblocks": 2.5728093855605616,
  "net": "cnn",
  "timeout": 10800,
  "train_verbose": true,
  "working_dir": "/home/dasolma/papers/rul_stacked/src"
}