{
  "batch_normalization": 0.3616006483815605,
  "batch_size": 61.87836428298216,
  "block_size": 1.9565205626280417,
  "conv_activation": -0.4052475638516525,
  "debug": false,
  "dense_activation": -0.4032632475015785,
  "dilation_rate": 1.1630614905001804,
  "dropout": 0.31094673561772984,
  "epochs": 100,
  "experiment": "cnn_l2",
  "extra_channel": true,
  "fc1": 249.83082803130458,
  "fc2": 255.23309174048313,
  "kernel_size": 0,
  "l1": 0.0004468787125737486,
  "l2": 0.0006610441852438832,
  "lr": 4.0463211636564395e-05,
  "min_score": 15,
  "nblocks": 2.4293830796806186,
  "net": "cnn",
  "timeout": 10800,
  "train_verbose": true,
  "working_dir": "/home/dasolma/papers/rul_stacked/src"
}