{
  "batch_normalization": 0.32101617585903247,
  "batch_size": 59.801789666339836,
  "block_size": 2.6415405760036506,
  "conv_activation": 1.1755493006985458,
  "debug": false,
  "dense_activation": 1.494488970304082,
  "dilation_rate": 4.662932906742581,
  "dropout": 0.21071210004380403,
  "epochs": 100,
  "experiment": "cnn_l2",
  "extra_channel": true,
  "fc1": 107.95680701395904,
  "fc2": 147.86161110524915,
  "kernel_size": 0,
  "l1": 0.0005952370806109495,
  "l2": 0.0007961445520554608,
  "lr": 7.165524090269686e-05,
  "min_score": 15,
  "nblocks": 2.8258509320946628,
  "net": "cnn",
  "timeout": 10800,
  "train_verbose": true,
  "working_dir": "/home/dasolma/papers/rul_stacked/src"
}