{
  "batch_normalization": 0.44548187299086606,
  "batch_size": 32.658616182455205,
  "block_size": 2.0121670162421728,
  "conv_activation": 1.8968959667115304,
  "debug": false,
  "dense_activation": 0.9954681360338078,
  "dilation_rate": 0.5972463695406787,
  "dropout": 0.3907984140365575,
  "epochs": 100,
  "experiment": "cnn_l2",
  "extra_channel": true,
  "fc1": 64.20458540903829,
  "fc2": 247.4325219510831,
  "kernel_size": 0,
  "l1": 4.298471562545092e-05,
  "l2": 0.0004361107192079731,
  "lr": 0.00029027937464673226,
  "min_score": 15,
  "nblocks": 2.9087823053756274,
  "net": "cnn",
  "timeout": 10800,
  "train_verbose": true,
  "working_dir": "/home/dasolma/papers/rul_stacked/src"
}