{
  "batch_normalization": -0.11095728061952163,
  "batch_size": 37.687991271018134,
  "block_size": 2.200866766616107,
  "conv_activation": 1.3999030894124176,
  "debug": false,
  "dense_activation": -0.3507871767533483,
  "dilation_rate": 6.514591381849933,
  "dropout": 0.0,
  "epochs": 100,
  "experiment": "cnn_l2",
  "extra_channel": true,
  "fc1": 181.38024054162054,
  "fc2": 92.43207750561088,
  "kernel_size": 0,
  "l1": 0.0008210266490186573,
  "l2": 0.0005247876738443131,
  "lr": 1e-05,
  "min_score": 15,
  "nblocks": 1.7156628571547188,
  "net": "cnn",
  "timeout": 10800,
  "train_verbose": true,
  "working_dir": "/home/dasolma/papers/rul_stacked/src"
}