{
  "batch_normalization": -0.3798141892462264,
  "batch_size": 35.2222358755439,
  "block_size": 2.937553990511432,
  "conv_activation": 0.7815195349029036,
  "debug": false,
  "dense_activation": 1.2661632013678725,
  "dilation_rate": 6.796292457099349,
  "dropout": 0.42293121374134734,
  "epochs": 100,
  "experiment": "cnn_l2",
  "extra_channel": true,
  "fc1": 177.85126126895602,
  "fc2": 91.54118121323961,
  "kernel_size": 0,
  "l1": 0.0008926999711047752,
  "l2": 0.000536178259695286,
  "lr": 0.0006886371653172389,
  "min_score": 15,
  "nblocks": 2.3019227699240914,
  "net": "cnn",
  "timeout": 10800,
  "train_verbose": true,
  "working_dir": "/home/dasolma/papers/rul_stacked/src"
}