{
  "batch_normalization": -0.2609966843254335,
  "batch_size": 48.64062505923997,
  "block_size": 2.5276575640579533,
  "conv_activation": 0.8603344337249417,
  "debug": false,
  "dense_activation": 2.249407468861106,
  "dilation_rate": 1.649047191990122,
  "dropout": 0.4868599423083759,
  "epochs": 100,
  "extra_channel": true,
  "f1": 13.130273279181873,
  "f2": 14.133292623532611,
  "f3": 12.772630891382928,
  "fc1": 94.98399032865873,
  "fc2": 100,
  "kernel_size": -0.24553408908982544,
  "kernels": [
    [
      2,
      3
    ],
    [
      2,
      5
    ],
    [
      2,
      10
    ],
    [
      1,
      3
    ],
    [
      1,
      5
    ],
    [
      1,
      10
    ]
  ],
  "l1": 0.0004573997391450977,
  "l2": 0.0002745588459571308,
  "lr": 0.0003945336551283802,
  "min_score": 15,
  "msblocks": 0.507395282056113,
  "nblocks": 2.04730406985976,
  "net": "mscnn",
  "timeout": 10800,
  "train_verbose": true,
  "window": 338.0979406396253,
  "working_dir": "/home/dasolma/papers/rul_stacked/src"
}