{
  "batch_normalization": -0.2091226761263973,
  "batch_size": 36.002795010921524,
  "block_size": 3.370583877243794,
  "conv_activation": -0.1431010085276152,
  "debug": false,
  "dense_activation": 1.7538960517579227,
  "dilation_rate": 4.552106403063482,
  "dropout": 0.5415631613592634,
  "epochs": 100,
  "extra_channel": true,
  "f1": 12.648125307341454,
  "f2": 13.041608825656807,
  "f3": 4.481717960026026,
  "fc1": 232.7827931111317,
  "fc2": 100,
  "kernel_size": 5.043157113622192,
  "kernels": [
    [
      2,
      3
    ],
    [
      2,
      5
    ],
    [
      2,
      10
    ],
    [
      1,
      3
    ],
    [
      1,
      5
    ],
    [
      1,
      10
    ]
  ],
  "l1": 0.00020486879015827364,
  "l2": 0.0001107854443074241,
  "lr": 9.062569973129069e-05,
  "min_score": 15,
  "msblocks": 2.6929104657302543,
  "nblocks": 1.9561963232871176,
  "net": "mscnn",
  "timeout": 10800,
  "train_verbose": true,
  "window": 258.9097136319144,
  "working_dir": "/home/dasolma/papers/rul_stacked/src"
}