{
  "batch_normalization": 1.032728731797442,
  "batch_size": 39.47838749780478,
  "block_size": 1.5719381547592937,
  "conv_activation": 1.0229465381000702,
  "debug": false,
  "dense_activation": 1.1738324416034118,
  "dilation_rate": 5.251870078269005,
  "dropout": 0.5877217198519898,
  "epochs": 100,
  "extra_channel": true,
  "f1": 6.95881732507269,
  "f2": 11.278093326793615,
  "f3": 8.13717461569822,
  "fc1": 173.81759026149496,
  "fc2": 100,
  "kernel_size": 0.44540011117709954,
  "kernels": [
    [
      2,
      3
    ],
    [
      2,
      5
    ],
    [
      2,
      10
    ],
    [
      1,
      3
    ],
    [
      1,
      5
    ],
    [
      1,
      10
    ]
  ],
  "l1": 6.004701959804748e-05,
  "l2": 0.0009690943942391398,
  "lr": 0.00010726143560632659,
  "min_score": 15,
  "msblocks": 1.8580939590377095,
  "nblocks": 3.267908741362791,
  "net": "mscnn",
  "timeout": 10800,
  "train_verbose": true,
  "window": 76.14113727699782,
  "working_dir": "/home/dasolma/papers/rul_stacked/src"
}