{
  "attention": 1.0440863793023314,
  "batch_normalization": 0.49342249358413937,
  "batch_size": 34.76995802291007,
  "bidirectional": -0.029126715265330727,
  "cell_type": 0.1884285716676366,
  "debug": false,
  "dense_activation": 0.6477621589768141,
  "dropout": 0.3595839737703136,
  "epochs": 100,
  "extra_channel": false,
  "fc1": 82.31251481812907,
  "fc2": 100,
  "kernels": [
    [
      2,
      3
    ],
    [
      2,
      5
    ],
    [
      2,
      10
    ],
    [
      1,
      3
    ],
    [
      1,
      5
    ],
    [
      1,
      10
    ]
  ],
  "l1": 0.0005063411604207364,
  "l2": 0.0002231488112033614,
  "lr": 0.0003962692211272804,
  "lstm_units": 55.57634941620462,
  "min_score": 15,
  "nblocks": 2.2058633990573924,
  "net": "rnn",
  "timeout": 10800,
  "train_verbose": true,
  "window": 133.54644335786028,
  "working_dir": "/home/dasolma/papers/rul_stacked/src"
}