{
  "attention": 0.23908023769472497,
  "batch_normalization": 1.3919214697557332,
  "batch_size": 55.42380613796496,
  "bidirectional": 0.6873169683940732,
  "cell_type": -0.19796271911512697,
  "debug": false,
  "dense_activation": -0.04201643899139207,
  "dropout": 0.05227525095137952,
  "epochs": 100,
  "extra_channel": false,
  "fc1": 230.30581998878756,
  "fc2": 100,
  "kernels": [
    [
      2,
      3
    ],
    [
      2,
      5
    ],
    [
      2,
      10
    ],
    [
      1,
      3
    ],
    [
      1,
      5
    ],
    [
      1,
      10
    ]
  ],
  "l1": 0.0006011150117432088,
  "l2": 0.0007080725777960455,
  "lr": 3.0378649352844424e-05,
  "lstm_units": 124.62990344214336,
  "min_score": 15,
  "nblocks": 3.9906790695852568,
  "net": "bilstm",
  "timeout": 10800,
  "train_verbose": true,
  "window": 184.93564427131048,
  "working_dir": "/home/dasolma/papers/rul_stacked/src"
}