{
  "batch_normalization": 1.2046340726489702,
  "batch_size": 62.869302838172004,
  "block_size": 3.1401289855473524,
  "conv_activation": -0.25688025153268546,
  "debug": false,
  "dense_activation": 2.1164130150935234,
  "dilation_rate": 10.19946781623759,
  "dropout": 0.6009450293353902,
  "epochs": 100,
  "experiment": "cnn_l2",
  "extra_channel": true,
  "fc1": 71.4329279707922,
  "fc2": 65.39519798556785,
  "kernel_size": 0,
  "l1": 0.0008950204889115093,
  "l2": 0.0009747171293356381,
  "lr": 0.00015325512595391414,
  "min_score": 15,
  "nblocks": 3.42316246031605,
  "net": "cnn",
  "timeout": 10800,
  "train_verbose": true,
  "working_dir": "/home/dasolma/papers/rul_stacked/src"
}