{
  "attention": 0.23908023769472497,
  "batch_normalization": 1.3919214697557332,
  "batch_size": 55.42380613796496,
  "bidirectional": 0.6873169683940732,
  "cell_type": -0.19796271911512697,
  "debug": false,
  "dense_activation": -0.04201643899139207,
  "dropout": 0.05227525095137952,
  "epochs": 100,
  "experiment": "cnn_rnn_rna",
  "extra_channel": false,
  "fc1": 230.30581998878756,
  "fc2": 179.4140822546961,
  "l1": 0.0007080725777960455,
  "l2": 2.0584494295802448e-05,
  "lr": 0.0009702107536403744,
  "lstm_units": 109.23357576964723,
  "min_score": 0.08,
  "nblocks": 2.142770549821263,
  "net": "rnn",
  "timeout": 10800,
  "train_verbose": true,
  "window": 172.72998688284025,
  "working_dir": "/home/dasolma/papers/fer-rna/src"
}