{
  "batch_normalization": 1.1519909742593053,
  "batch_size": 32.426704714931375,
  "block_size": 3.3644923800285413,
  "conv_activation": 1.357290771135457,
  "debug": false,
  "dense_activation": -0.09855466239396093,
  "dilation_rate": 7.810028859545268,
  "dropout": 0.36497575618543354,
  "epochs": 100,
  "experiment": "cnn_l2",
  "extra_channel": true,
  "fc1": 254.73296555188543,
  "fc2": 253.24453890576984,
  "kernel_size": 0,
  "l1": 0.0008249288830395909,
  "l2": 0.0006539425077368662,
  "lr": 0.00036590534236901674,
  "min_score": 15,
  "nblocks": 1.6265057066012345,
  "net": "cnn",
  "timeout": 10800,
  "train_verbose": true,
  "working_dir": "/home/dasolma/papers/rul_stacked/src"
}