{
  "attention": 0.5834205586865593,
  "batch_normalization": -0.13213963350420121,
  "batch_size": 63.026708088465874,
  "bidirectional": 1.040265646722229,
  "cell_type": 1.3689978831283782,
  "debug": false,
  "dense_activation": 2.174482051282946,
  "dropout": 0.5381099809299766,
  "epochs": 100,
  "experiment": "cnn_rnn_rna",
  "extra_channel": false,
  "fc1": 240.99985312443843,
  "fc2": 80.99056039396854,
  "l1": 0.0001959828624191452,
  "l2": 4.5227288910538064e-05,
  "lr": 0.00033207702745563175,
  "lstm_units": 59.53185644522198,
  "min_score": 0.08,
  "nblocks": 2.31862011468621,
  "net": "rnn",
  "num_embeddings": 265.7475018303859,
  "timeout": 10800,
  "train_verbose": true,
  "window": 242.70133067743572,
  "working_dir": "/home/dasolma/papers/fer-rna/src"
}