{
  "attention": 1.260004307739335,
  "batch_normalization": 1.0632498915862816,
  "batch_size": 56.3528395587786,
  "bidirectional": 1.2897963266986618,
  "cell_type": -0.4407654057687631,
  "debug": false,
  "dense_activation": 1.827290858360456,
  "dropout": 0.48108898889981677,
  "epochs": 100,
  "extra_channel": false,
  "fc1": 198.10643318725437,
  "fc2": 100,
  "kernels": [
    [
      2,
      3
    ],
    [
      2,
      5
    ],
    [
      2,
      10
    ],
    [
      1,
      3
    ],
    [
      1,
      5
    ],
    [
      1,
      10
    ]
  ],
  "l1": 0.00026836265981865394,
  "l2": 0.0007379338139448202,
  "lr": 0.000661488678264274,
  "lstm_units": 105.6841050843506,
  "min_score": 15,
  "nblocks": 1.6996252087087715,
  "net": "rnn",
  "timeout": 10800,
  "train_verbose": true,
  "window": 113.31180263072831,
  "working_dir": "/home/dasolma/papers/rul_stacked/src"
}