{
  "batch_normalization": 1.1559279778281562,
  "batch_size": 55.72272288085929,
  "block_size": 2.710640233294719,
  "conv_activation": 1.8171949715988018,
  "debug": false,
  "dense_activation": -0.37320723009540846,
  "dilation_rate": 8.915877577844713,
  "dropout": 0.6294584503066609,
  "epochs": 100,
  "experiment": "cnn_l2",
  "extra_channel": true,
  "fc1": 167.7139995997052,
  "fc2": 80.19478343749373,
  "kernel_size": 0,
  "l1": 0.000431368582124844,
  "l2": 0.00038659292703282334,
  "lr": 1.1282283081605892e-05,
  "min_score": 15,
  "nblocks": 2.489750975365676,
  "net": "cnn",
  "timeout": 10800,
  "train_verbose": true,
  "working_dir": "/home/dasolma/papers/rul_stacked/src"
}