{
  "batch_normalization": 0.8501986479386039,
  "batch_size": 56.53848633264825,
  "block_size": 2.37275180735083,
  "channels": 2.5813991118843775,
  "conv_activation": 1.1429221467281188,
  "debug": false,
  "dense_activation": 0.45343354637719124,
  "dilation_rate": 5.305487233423434,
  "dropout": 0.5321704244939114,
  "epochs": 100,
  "experiment": "cnn_multichannel_rna",
  "extra_channel": true,
  "fc1": 188.55353153729993,
  "fc2": 225.6802915205183,
  "kernel_size": 0,
  "l1": 0.0009435766027768624,
  "l2": 0.000297450455011834,
  "lr": 0.00020513830207606807,
  "min_score": 0.15,
  "nblocks": 2.87904922428858,
  "net": "cnn",
  "timeout": 10800,
  "train_verbose": true,
  "working_dir": "/home/dasolma/papers/fer-rna/src"
}