{
  "batch_normalization": 0.784489868855264,
  "batch_size": 37.667541741025566,
  "block_size": 3.3721079970187704,
  "channels": 3.3987785824651233,
  "conv_activation": 2.2345931706613458,
  "debug": false,
  "dense_activation": 0.6004761007663333,
  "dilation_rate": 0.664257032958097,
  "dropout": 0.8354867063289528,
  "epochs": 100,
  "experiment": "cnn_multichannel_rna",
  "extra_channel": true,
  "fc1": 146.21135647692435,
  "fc2": 249.59772525638456,
  "kernel_size": 0,
  "l1": 0.0009636199770892529,
  "l2": 0.0008530094554673601,
  "lr": 0.00030150440314888983,
  "min_score": 0.15,
  "nblocks": 2.272493502631812,
  "net": "cnn",
  "timeout": 10800,
  "train_verbose": true,
  "working_dir": "/home/dasolma/papers/fer-rna/src"
}