{
  "batch_normalization": 0.05516191381010482,
  "batch_size": 58.851573018263835,
  "block_size": 2.578890052231198,
  "conv_activation": 0.3480314943507181,
  "debug": false,
  "dense_activation": 2.0195872711589367,
  "dilation_rate": 5.546933630035158,
  "dropout": 0.27375199074165457,
  "epochs": 100,
  "extra_channel": true,
  "f1": 13.847677960752984,
  "f2": 4.297340885262097,
  "f3": 7.71858754112119,
  "fc1": 240.49976606964495,
  "fc2": 100,
  "kernel_size": 4.381917034485319,
  "kernels": [
    [
      2,
      3
    ],
    [
      2,
      5
    ],
    [
      2,
      10
    ],
    [
      1,
      3
    ],
    [
      1,
      5
    ],
    [
      1,
      10
    ]
  ],
  "l1": 0.0008271364411207382,
  "l2": 0.0008480763042658928,
  "lr": 0.00019733700807235416,
  "min_score": 15,
  "msblocks": 1.237990399805378,
  "nblocks": 3.2561140290717963,
  "net": "mscnn",
  "timeout": 10800,
  "train_verbose": true,
  "window": 289.0413469275504,
  "working_dir": "/home/dasolma/papers/rul_stacked/src"
}