{
  "batch_normalization": 0.3578057721239012,
  "batch_size": 56.83520537605851,
  "block_size": 2.8607050667046745,
  "conv_activation": 0.391533454893193,
  "debug": false,
  "dense_activation": 0.3231607951495624,
  "dilation_rate": 7.82862489882485,
  "dropout": 0.7797277343000549,
  "epochs": 100,
  "experiment": "cnn_l2",
  "extra_channel": true,
  "fc1": 167.04041271235917,
  "fc2": 83.45476565945185,
  "kernel_size": 0,
  "l1": 0.0008065928998970277,
  "l2": 0.00010286619482046011,
  "lr": 0.0009294183398311169,
  "min_score": 15,
  "nblocks": 1.8989150643135235,
  "net": "cnn",
  "timeout": 10800,
  "train_verbose": true,
  "working_dir": "/home/dasolma/papers/rul_stacked/src"
}