{
  "batch_normalization": 0.199290668097728,
  "batch_size": 48.055674877183186,
  "block_size": 2.1951479045044753,
  "conv_activation": 0.26746891583690313,
  "debug": false,
  "dense_activation": 1.2872012494118446,
  "dilation_rate": 1.7756736098020127,
  "dropout": 0.3697798639134023,
  "epochs": 100,
  "experiment": "cnn_l2",
  "extra_channel": true,
  "fc1": 244.9975805552115,
  "fc2": 250.34819997010044,
  "kernel_size": 0,
  "l1": 0.0005744493942360753,
  "l2": 0.0008327732207286834,
  "lr": 0.00019098382659913846,
  "min_score": 15,
  "nblocks": 3.2269788096442236,
  "net": "cnn",
  "timeout": 10800,
  "train_verbose": true,
  "working_dir": "/home/dasolma/papers/rul_stacked/src"
}