{
  "batch_normalization": -0.10998390461032564,
  "batch_size": 32.03893821730098,
  "block_size": 2.902118674535843,
  "conv_activation": 0.17693453290217542,
  "debug": false,
  "dense_activation": 1.6864796354603728,
  "dilation_rate": 10.084874947535084,
  "dropout": 0.11692286158876683,
  "epochs": 100,
  "experiment": "cnn_l2",
  "extra_channel": true,
  "fc1": 246.88952252231496,
  "fc2": 253.50906844631285,
  "kernel_size": 0,
  "l1": 0.00014516417395883774,
  "l2": 0.0008497888589694809,
  "lr": 0.0005540415817959832,
  "min_score": 15,
  "nblocks": 2.649661274731354,
  "net": "cnn",
  "timeout": 10800,
  "train_verbose": true,
  "working_dir": "/home/dasolma/papers/rul_stacked/src"
}