{
  "batch_normalization": -0.5,
  "batch_size": 44.63405038462306,
  "block_size": 2.3876999838028277,
  "conv_activation": 1.180980044390851,
  "debug": false,
  "dense_activation": 2.312239020262269,
  "dilation_rate": 0.7983689588766449,
  "dropout": 0.5852202956512734,
  "epochs": 100,
  "extra_channel": true,
  "f1": 13.566180800841014,
  "f2": 7.403192900944668,
  "f3": 13.779092446603451,
  "fc1": 187.43278910760128,
  "fc2": 100,
  "kernel_size": -0.07362812308167158,
  "kernels": [
    [
      2,
      3
    ],
    [
      2,
      5
    ],
    [
      2,
      10
    ],
    [
      1,
      3
    ],
    [
      1,
      5
    ],
    [
      1,
      10
    ]
  ],
  "l1": 0.0,
  "l2": 0.0006564589204621972,
  "lr": 1e-05,
  "min_score": 15,
  "msblocks": 1.6689157540366657,
  "nblocks": 3.49,
  "net": "mscnn",
  "timeout": 10800,
  "train_verbose": true,
  "window": 320.8942823206997,
  "working_dir": "/home/dasolma/papers/rul_stacked/src"
}