{
  "batch_normalization": -0.3238999209166802,
  "batch_size": 38.27145159741265,
  "block_size": 1.5995500320428655,
  "channels": 2.154154054911263,
  "conv_activation": 0.6560318690684459,
  "debug": false,
  "dense_activation": 0.3040470953216877,
  "dilation_rate": 8.780800341336255,
  "dropout": 0.3210779940242304,
  "epochs": 100,
  "experiment": "cnn_multichannel_rna",
  "extra_channel": true,
  "fc1": 117.9394258599771,
  "fc2": 168.1976479663837,
  "kernel_size": 0,
  "l1": 0.00014092422497476265,
  "l2": 0.0008021969807540396,
  "lr": 8.380513724297312e-05,
  "min_score": 0.15,
  "nblocks": 3.4640361344690245,
  "net": "cnn",
  "timeout": 10800,
  "train_verbose": true,
  "working_dir": "/home/dasolma/papers/fer-rna/src"
}