{
  "batch_normalization": 0.7372633109817304,
  "batch_size": 55.579335605093505,
  "block_size": 3.41876710194249,
  "channels": 1.6654076375245117,
  "conv_activation": 2.111058538283502,
  "debug": false,
  "dense_activation": -0.5018875412170732,
  "dilation_rate": 7.551564770681336,
  "dropout": 0.03733303094423185,
  "epochs": 100,
  "experiment": "cnn_multichannel_rna",
  "extra_channel": true,
  "fc1": 185.24002769366132,
  "fc2": 223.18122375720463,
  "kernel_size": 0,
  "l1": 0.0007812971123119029,
  "l2": 0.0007305397746370673,
  "lr": 0.0009941237681143171,
  "min_score": 0.15,
  "nblocks": 1.9130445983985125,
  "net": "cnn",
  "timeout": 10800,
  "train_verbose": true,
  "working_dir": "/home/dasolma/papers/fer-rna/src"
}