{
  "batch_normalization": 1.318103106583302,
  "batch_size": 55.54656365985017,
  "block_size": 2.8071530159714118,
  "channels": 1.9348714692999642,
  "conv_activation": 1.3346684533619737,
  "debug": false,
  "dense_activation": -0.19016812891915383,
  "dilation_rate": 4.830613816488843,
  "dropout": 0.519071441447506,
  "epochs": 100,
  "experiment": "cnn_multichannel_rna",
  "extra_channel": true,
  "fc1": 189.65834743420913,
  "fc2": 226.75862730451152,
  "kernel_size": 0,
  "l1": 0.001,
  "l2": 0.00045970755229069523,
  "lr": 8.382368880976083e-05,
  "min_score": 0.15,
  "nblocks": 2.0521185646933024,
  "net": "cnn",
  "timeout": 10800,
  "train_verbose": true,
  "working_dir": "/home/dasolma/papers/fer-rna/src"
}