{
  "batch_normalization": 1.2424565812946173,
  "batch_size": 59.17054827072536,
  "block_size": 2.55389412058968,
  "channels": 2.373570632090196,
  "conv_activation": -0.29988236868859497,
  "debug": false,
  "dense_activation": 0.45726011153130997,
  "dilation_rate": 3.170025988524464,
  "dropout": 0.014383970227882837,
  "epochs": 100,
  "experiment": "cnn_multichannel_rna",
  "extra_channel": true,
  "fc1": 182.19879026534673,
  "fc2": 66.51308835935149,
  "kernel_size": 0,
  "l1": 0.0004176803208626991,
  "l2": 0.0006039934621736646,
  "lr": 0.0006848349368094427,
  "min_score": 0.15,
  "nblocks": 2.1380300964994685,
  "net": "cnn",
  "timeout": 10800,
  "train_verbose": true,
  "working_dir": "/home/dasolma/papers/fer-rna/src"
}