{
  "attention": 1.49,
  "batch_normalization": 1.2074282996858898,
  "batch_size": 64.0,
  "bidirectional": 1.093994176786409,
  "cell_type": -0.51,
  "debug": false,
  "dense_activation": 2.49,
  "dropout": 0.0,
  "epochs": 100,
  "extra_channel": false,
  "fc1": 212.79382075636573,
  "fc2": 100,
  "kernels": [
    [
      2,
      3
    ],
    [
      2,
      5
    ],
    [
      2,
      10
    ],
    [
      1,
      3
    ],
    [
      1,
      5
    ],
    [
      1,
      10
    ]
  ],
  "l1": 6.0132985348119354e-05,
  "l2": 0.0,
  "lr": 1e-05,
  "lstm_units": 108.37769303181655,
  "min_score": 15,
  "nblocks": 1.51,
  "net": "rnn",
  "timeout": 10800,
  "train_verbose": true,
  "window": 132.96833483868915,
  "working_dir": "/home/dasolma/papers/rul_stacked/src"
}