{
  "attention": 1.0173080600341922,
  "batch_normalization": -0.1105319531177626,
  "batch_size": 57.77214364354245,
  "bidirectional": -0.17768375642821765,
  "cell_type": 0.5052551365720312,
  "debug": false,
  "dense_activation": 0.40272960162671456,
  "dropout": 0.5471982273831013,
  "epochs": 100,
  "experiment": "cnn_rnn_rna",
  "extra_channel": false,
  "fc1": 201.59622501737445,
  "fc2": 252.0675645319798,
  "l1": 0.00021660606242292725,
  "l2": 0.00025429485206605195,
  "lr": 0.0005626603538300772,
  "lstm_units": 56.63792827025248,
  "min_score": 0.15,
  "nblocks": 3.628761470181521,
  "net": "rnn",
  "num_embeddings": 262.2863706509242,
  "timeout": 10800,
  "train_verbose": true,
  "window": 221.31651251847865,
  "working_dir": "/home/dasolma/papers/fer-rna/src"
}