{
  "attention": 0.129396748794385,
  "batch_normalization": -0.4455456331324475,
  "batch_size": 61.38402010312406,
  "bidirectional": -0.07313875070213505,
  "cell_type": 0.9469727098824596,
  "debug": false,
  "dense_activation": 1.4669019446314613,
  "dropout": 0.14234719357769146,
  "epochs": 100,
  "experiment": "cnn_rnn_rna",
  "extra_channel": false,
  "fc1": 101.58956733398013,
  "fc2": 127.1819164345208,
  "l1": 0.0007569306529485846,
  "l2": 3.924424469656673e-05,
  "lr": 0.0004129980528856821,
  "lstm_units": 90.49267910431942,
  "min_score": 0.15,
  "nblocks": 2.020983418897127,
  "net": "rnn",
  "num_embeddings": 123.88345451552772,
  "timeout": 10800,
  "train_verbose": true,
  "window": 256.0848964248853,
  "working_dir": "/home/dasolma/papers/fer-rna/src"
}