{
  "attention": 0.9144183296184731,
  "batch_normalization": 1.3701904885757892,
  "batch_size": 61.07989443794075,
  "bidirectional": 0.6913431453810244,
  "cell_type": 0.28508260787763207,
  "debug": false,
  "dense_activation": 1.2887623503143144,
  "dropout": 0.7576232157108127,
  "epochs": 100,
  "extra_channel": false,
  "fc1": 212.3716244426582,
  "fc2": 100,
  "kernels": [
    [
      2,
      3
    ],
    [
      2,
      5
    ],
    [
      2,
      10
    ],
    [
      1,
      3
    ],
    [
      1,
      5
    ],
    [
      1,
      10
    ]
  ],
  "l1": 0.000948865825702341,
  "l2": 0.000766631777322651,
  "lr": 0.0001226862852113031,
  "lstm_units": 109.5897945542372,
  "min_score": 15,
  "nblocks": 4.44053589309929,
  "net": "rnn",
  "timeout": 10800,
  "train_verbose": true,
  "window": 111.37580033369865,
  "working_dir": "/home/dasolma/papers/rul_stacked/src"
}