{
  "batch_normalization": 0.034196924745669585,
  "batch_size": 39.22458520456083,
  "block_size": 3.006741439731028,
  "conv_activation": 1.190848402451999,
  "debug": false,
  "dense_activation": 0.33697089102867067,
  "dilation_rate": 5.833392719556335,
  "dropout": 0.26508997003091694,
  "epochs": 100,
  "extra_channel": true,
  "f1": 12.089542062488995,
  "f2": 5.913140863420271,
  "f3": 8.482498031177364,
  "fc1": 102.00976723930808,
  "fc2": 100,
  "kernel_size": 3.3168483333911825,
  "kernels": [
    [
      2,
      3
    ],
    [
      2,
      5
    ],
    [
      2,
      10
    ],
    [
      1,
      3
    ],
    [
      1,
      5
    ],
    [
      1,
      10
    ]
  ],
  "l1": 0.0004455626100883169,
  "l2": 0.0002714811694850411,
  "lr": 0.0006512853177293139,
  "min_score": 15,
  "msblocks": 1.777696140092614,
  "nblocks": 3.0549140281634894,
  "net": "mscnn",
  "timeout": 10800,
  "train_verbose": true,
  "window": 452.42524034798674,
  "working_dir": "/home/dasolma/papers/rul_stacked/src"
}