{
  "batch_normalization": -0.1349133676011003,
  "batch_size": 58.19103842248148,
  "block_size": 2.654531988426945,
  "channels": 2.7782096389065334,
  "conv_activation": 0.6552400739145297,
  "debug": false,
  "dense_activation": -0.18406280352485327,
  "dilation_rate": 4.1324607768530655,
  "dropout": 0.6827592185923607,
  "epochs": 100,
  "experiment": "cnn_multichannel_rna",
  "extra_channel": true,
  "fc1": 178.18782299762188,
  "fc2": 226.49547514842965,
  "kernel_size": 0,
  "l1": 0.0005826410952537788,
  "l2": 0.0006809962189033571,
  "lr": 0.0005663577233592538,
  "min_score": 0.15,
  "nblocks": 1.7565571434792129,
  "net": "cnn",
  "timeout": 10800,
  "train_verbose": true,
  "working_dir": "/home/dasolma/papers/fer-rna/src"
}