{
  "attention": 0.2185397220961509,
  "batch_normalization": 0.5018003690011652,
  "batch_size": 54.09263451613969,
  "bidirectional": -0.43137572031780214,
  "cell_type": 1.0888207978180853,
  "debug": false,
  "dense_activation": 1.3737011684727232,
  "dropout": 0.07358312875398472,
  "epochs": 100,
  "extra_channel": false,
  "fc1": 231.72709582850123,
  "fc2": 100,
  "kernels": [
    [
      2,
      3
    ],
    [
      2,
      5
    ],
    [
      2,
      10
    ],
    [
      1,
      3
    ],
    [
      1,
      5
    ],
    [
      1,
      10
    ]
  ],
  "l1": 0.0009208724005318132,
  "l2": 6.107795985486375e-05,
  "lr": 0.0002841088716657317,
  "lstm_units": 106.29454333682287,
  "min_score": 15,
  "nblocks": 3.739813877343302,
  "net": "rnn",
  "timeout": 10800,
  "train_verbose": true,
  "window": 173.8084077425509,
  "working_dir": "/home/dasolma/papers/rul_stacked/src"
}