{
  "batch_normalization": 1.1137310633746043,
  "batch_size": 41.66082247000183,
  "block_size": 3.216619868578139,
  "conv_activation": 2.1500238680291757,
  "debug": false,
  "dense_activation": 1.152414753134759,
  "dilation_rate": 1.053877382139305,
  "dropout": 0.08260370945856288,
  "epochs": 100,
  "extra_channel": true,
  "f1": 3.480924626666459,
  "f2": 13.880915472188066,
  "f3": 8.548958725675224,
  "fc1": 144.5999723371126,
  "fc2": 100,
  "kernel_size": 1.1195367633036424,
  "kernels": [
    [
      2,
      3
    ],
    [
      2,
      5
    ],
    [
      2,
      10
    ],
    [
      1,
      3
    ],
    [
      1,
      5
    ],
    [
      1,
      10
    ]
  ],
  "l1": 0.0005972282890807821,
  "l2": 0.0007729014094005049,
  "lr": 0.0003680942801356228,
  "min_score": 15,
  "msblocks": 1.5357616725042793,
  "nblocks": 1.5769220298995614,
  "net": "mscnn",
  "timeout": 10800,
  "train_verbose": true,
  "window": 109.77303775119111,
  "working_dir": "/home/dasolma/papers/rul_stacked/src"
}