{
  "batch_normalization": -0.07147567244288777,
  "batch_size": 55.898140753860446,
  "block_size": 2.1406638776539095,
  "conv_activation": 2.4714741180369826,
  "debug": false,
  "dense_activation": 1.6513278553763342,
  "dilation_rate": 6.884136814591078,
  "dropout": 0.5573685544841277,
  "epochs": 100,
  "experiment": "cnn_l2",
  "extra_channel": true,
  "fc1": 167.44390183761413,
  "fc2": 77.66890681574,
  "kernel_size": 0,
  "l1": 0.0008747860655529148,
  "l2": 0.0009813510458586653,
  "lr": 0.0006602605925826794,
  "min_score": 15,
  "nblocks": 2.8805955748709504,
  "net": "cnn",
  "timeout": 10800,
  "train_verbose": true,
  "working_dir": "/home/dasolma/papers/rul_stacked/src"
}