{
  "attention": 0.6748291377240849,
  "batch_normalization": -0.40756367868720456,
  "batch_size": 51.44143526084603,
  "bidirectional": -0.16895175262541695,
  "cell_type": -0.379896814029441,
  "debug": false,
  "dense_activation": 2.3366566117599996,
  "dropout": 0.8690688297671034,
  "epochs": 100,
  "extra_channel": false,
  "fc1": 219.21229083836053,
  "fc2": 100,
  "kernels": [
    [
      2,
      3
    ],
    [
      2,
      5
    ],
    [
      2,
      10
    ],
    [
      1,
      3
    ],
    [
      1,
      5
    ],
    [
      1,
      10
    ]
  ],
  "l1": 0.0003046137691733707,
  "l2": 9.767211400638388e-05,
  "lr": 0.0006873906962470354,
  "lstm_units": 65.29707929883534,
  "min_score": 15,
  "nblocks": 1.873673939837441,
  "net": "rnn",
  "timeout": 10800,
  "train_verbose": true,
  "window": 298.0707640445081,
  "working_dir": "/home/dasolma/papers/rul_stacked/src"
}