{
  "batch_normalization": 0.7841759795171348,
  "batch_size": 56.54425829584574,
  "block_size": 3.3596156067169165,
  "conv_activation": 2.0625031305711072,
  "debug": false,
  "dense_activation": 0.7920708814909319,
  "dilation_rate": 8.436998145937759,
  "dropout": 0.641363120622171,
  "epochs": 100,
  "extra_channel": true,
  "f1": 9.991634640259381,
  "f2": 4.500157891467593,
  "f3": 2.8196652293739386,
  "fc1": 72.36200293221371,
  "fc2": 100,
  "kernel_size": 3.6646013399359028,
  "kernels": [
    [
      2,
      3
    ],
    [
      2,
      5
    ],
    [
      2,
      10
    ],
    [
      1,
      3
    ],
    [
      1,
      5
    ],
    [
      1,
      10
    ]
  ],
  "l1": 0.00029360869861756066,
  "l2": 0.00025957040700717247,
  "lr": 0.00010339160783304061,
  "min_score": 15,
  "msblocks": 2.736739637195726,
  "nblocks": 2.734466590009665,
  "net": "mscnn",
  "timeout": 10800,
  "train_verbose": true,
  "window": 404.20981077305794,
  "working_dir": "/home/dasolma/papers/rul_stacked/src"
}