{
  "attention": 1.2241446371602074,
  "batch_normalization": 1.3173486995873778,
  "batch_size": 48.36295676355001,
  "bidirectional": 0.4930325893743992,
  "cell_type": 1.0865903579335503,
  "debug": false,
  "dense_activation": 1.4398917923332955,
  "dropout": 0.631770189531933,
  "epochs": 100,
  "experiment": "cnn_rnn_rna",
  "extra_channel": false,
  "fc1": 216.79219253173142,
  "fc2": 234.88102562897274,
  "l1": 0.00033799515685153583,
  "l2": 0.00037558295263994404,
  "lr": 0.0001030421204424603,
  "lstm_units": 80.76737579157148,
  "min_score": 0.15,
  "nblocks": 1.6171079759142915,
  "net": "rnn",
  "num_embeddings": 193.11960362649205,
  "timeout": 10800,
  "train_verbose": true,
  "window": 317.05785388303065,
  "working_dir": "/home/dasolma/papers/fer-rna/src"
}