{
  "batch_normalization": 0.5919802408395063,
  "batch_size": 54.140646326166184,
  "block_size": 2.800883293815149,
  "channels": 1.9540532327319085,
  "conv_activation": 1.6265376640426077,
  "debug": false,
  "dense_activation": 0.2017472624904002,
  "dilation_rate": 3.7574889876294923,
  "dropout": 0.6718422646062218,
  "epochs": 100,
  "experiment": "cnn_multichannel_rna",
  "extra_channel": true,
  "fc1": 188.7295166170652,
  "fc2": 227.05089481488216,
  "kernel_size": 0,
  "l1": 0.0006576128923003433,
  "l2": 0.0005683086033354717,
  "lr": 0.00010273802014981155,
  "min_score": 0.15,
  "nblocks": 2.2380772900576784,
  "net": "cnn",
  "timeout": 10800,
  "train_verbose": true,
  "working_dir": "/home/dasolma/papers/fer-rna/src"
}