{
  "batch_normalization": 0.3759034625418066,
  "batch_size": 35.90522351503292,
  "block_size": 2.490450282020315,
  "conv_activation": -0.4068344366543448,
  "debug": false,
  "dense_activation": 2.217961206236346,
  "dilation_rate": 3.0926242163681685,
  "dropout": 0.5962700559185838,
  "epochs": 100,
  "experiment": "rnn_cnn_l2",
  "extra_channel": true,
  "fc1": 123.8485266091669,
  "fc2": 163.85306006613968,
  "kernel_size": 0,
  "l1": 0.0005467102793432797,
  "l2": 0.00018485445552552705,
  "lr": 0.000969888781486913,
  "min_score": 15,
  "nblocks": 3.0447629902550073,
  "net": "cnn",
  "timeout": 10800,
  "train_verbose": true,
  "working_dir": "/home/dasolma/papers/fer-rna/src"
}