{
  "attention": -0.2095718902914634,
  "batch_normalization": 0.8639565040930934,
  "batch_size": 62.71255055682862,
  "bidirectional": 0.6186731285682974,
  "cell_type": 0.42229505902611075,
  "debug": false,
  "dense_activation": 1.0873757180653094,
  "dropout": 0.06648117336676493,
  "epochs": 100,
  "extra_channel": false,
  "fc1": 244.95005018978924,
  "fc2": 100,
  "kernels": [
    [
      2,
      3
    ],
    [
      2,
      5
    ],
    [
      2,
      10
    ],
    [
      1,
      3
    ],
    [
      1,
      5
    ],
    [
      1,
      10
    ]
  ],
  "l1": 0.00038823880325215376,
  "l2": 0.0009549378485834488,
  "lr": 0.0007991648631290546,
  "lstm_units": 112.23256861758225,
  "min_score": 15,
  "nblocks": 3.3210744384632216,
  "net": "rnn",
  "timeout": 10800,
  "train_verbose": true,
  "window": 255.06961614912336,
  "working_dir": "/home/dasolma/papers/rul_stacked/src"
}