{
  "batch_normalization": 1.200630086651794,
  "batch_size": 63.15150322109991,
  "block_size": 3.078647753761345,
  "conv_activation": 1.6844009504544564,
  "debug": false,
  "dense_activation": 1.442239165931395,
  "dilation_rate": 2.739617416187894,
  "dropout": 0.30892406816332646,
  "epochs": 100,
  "experiment": "cnn_l2",
  "extra_channel": true,
  "fc1": 70.35944446520962,
  "fc2": 254.03396342119163,
  "kernel_size": 0,
  "l1": 0.00039274243677036224,
  "l2": 0.0005583154021282187,
  "lr": 0.0008764947368645489,
  "min_score": 15,
  "nblocks": 1.8542757003329031,
  "net": "cnn",
  "timeout": 10800,
  "train_verbose": true,
  "working_dir": "/home/dasolma/papers/rul_stacked/src"
}