{
  "batch_normalization": 1.460109750261371,
  "batch_size": 63.45230872565142,
  "block_size": 1.7084099206739123,
  "conv_activation": 1.5395949047318946,
  "debug": false,
  "dense_activation": -0.44638949994834587,
  "dilation_rate": 0.5706135486567331,
  "dropout": 0.3528479060143138,
  "epochs": 100,
  "experiment": "rnn_cnn_l2",
  "extra_channel": true,
  "fc1": 205.3130882934727,
  "fc2": 107.84918631029947,
  "kernel_size": 0,
  "l1": 0.0002763182747603443,
  "l2": 0.0004707630919185618,
  "lr": 0.0006064622394566652,
  "min_score": 15,
  "nblocks": 1.516332142550648,
  "net": "cnn",
  "timeout": 10800,
  "train_verbose": true,
  "working_dir": "/home/dasolma/papers/fer-rna/src"
}