{
  "attention": 0.7133352149539867,
  "batch_normalization": 1.1206647412235722,
  "batch_size": 43.52272610491239,
  "bidirectional": -0.15456923187812532,
  "cell_type": 0.44492926377899567,
  "debug": false,
  "dense_activation": 1.4904790943098638,
  "dropout": 0.8613824420661533,
  "epochs": 100,
  "extra_channel": false,
  "fc1": 157.73631345223288,
  "fc2": 100,
  "kernels": [
    [
      2,
      3
    ],
    [
      2,
      5
    ],
    [
      2,
      10
    ],
    [
      1,
      3
    ],
    [
      1,
      5
    ],
    [
      1,
      10
    ]
  ],
  "l1": 0.0006556942028356745,
  "l2": 0.000780529966770659,
  "lr": 0.000254122497378795,
  "lstm_units": 55.41891375974429,
  "min_score": 15,
  "nblocks": 4.370146978133389,
  "net": "rnn",
  "timeout": 10800,
  "train_verbose": true,
  "window": 315.2766598679938,
  "working_dir": "/home/dasolma/papers/rul_stacked/src"
}