{
  "batch_normalization": 0.35191818689348875,
  "batch_size": 38.897799264807816,
  "block_size": 1.6393709178022544,
  "conv_activation": 0.21075068415626552,
  "debug": false,
  "dense_activation": 0.015811098858392714,
  "dilation_rate": 8.761461483609304,
  "dropout": 0.3773569878560074,
  "epochs": 100,
  "experiment": "cnn_l2",
  "extra_channel": true,
  "fc1": 182.9806398310458,
  "fc2": 90.86837597793632,
  "kernel_size": 0,
  "l1": 0.0004176467803034545,
  "l2": 0.0005418669070071031,
  "lr": 0.00026519463927846573,
  "min_score": 15,
  "nblocks": 2.2697372355445653,
  "net": "cnn",
  "timeout": 10800,
  "train_verbose": true,
  "working_dir": "/home/dasolma/papers/rul_stacked/src"
}