{
  "batch_normalization": 0.5545570511398279,
  "batch_size": 37.99874508280367,
  "block_size": 2.3925741715365714,
  "channels": 1.7272629195423683,
  "conv_activation": 1.3579763856093945,
  "debug": false,
  "dense_activation": 0.509641205850994,
  "dilation_rate": 0.8725998069084433,
  "dropout": 0.5186290488089476,
  "epochs": 100,
  "experiment": "cnn_multichannel_rna",
  "extra_channel": true,
  "fc1": 144.39648035013545,
  "fc2": 248.8096255108187,
  "kernel_size": 0,
  "l1": 0.000738759732824544,
  "l2": 0.00059791428230046,
  "lr": 0.0005712980560335717,
  "min_score": 0.15,
  "nblocks": 2.178950954629511,
  "net": "cnn",
  "timeout": 10800,
  "train_verbose": true,
  "working_dir": "/home/dasolma/papers/fer-rna/src"
}