{
  "batch_normalization": -0.11107112901878363,
  "batch_size": 63.123856472364224,
  "block_size": 1.6278722441614901,
  "conv_activation": 1.1652799345487759,
  "debug": false,
  "dense_activation": 0.8193088711636412,
  "dilation_rate": 6.986948973276744,
  "dropout": 0.04290832724206677,
  "epochs": 100,
  "experiment": "cnn_l2",
  "extra_channel": true,
  "fc1": 255.80138820545272,
  "fc2": 252.06484829880685,
  "kernel_size": 0,
  "l1": 0.000800886396049245,
  "l2": 8.92583755394939e-05,
  "lr": 0.0005425806207905342,
  "min_score": 15,
  "nblocks": 1.62377460863804,
  "net": "cnn",
  "timeout": 10800,
  "train_verbose": true,
  "working_dir": "/home/dasolma/papers/rul_stacked/src"
}