{
  "batch_normalization": 1.0175526411049636,
  "batch_size": 42.16302589263056,
  "block_size": 1.8187337894983788,
  "conv_activation": 0.7260276217564423,
  "debug": false,
  "dense_activation": 1.5444363183359242,
  "dilation_rate": 5.303625224770084,
  "dropout": 0.5611120158823579,
  "epochs": 100,
  "extra_channel": true,
  "f1": 9.648395340325,
  "f2": 11.761222920831061,
  "f3": 15.48052884549595,
  "fc1": 92.75194308935875,
  "fc2": 100,
  "kernel_size": 0.6523799914569308,
  "kernels": [
    [
      2,
      3
    ],
    [
      2,
      5
    ],
    [
      2,
      10
    ],
    [
      1,
      3
    ],
    [
      1,
      5
    ],
    [
      1,
      10
    ]
  ],
  "l1": 0.0009581346337929105,
  "l2": 0.0003189156305052634,
  "lr": 0.0007023561940551213,
  "min_score": 15,
  "msblocks": 2.7272641633611596,
  "nblocks": 2.725589445845566,
  "net": "mscnn",
  "timeout": 10800,
  "train_verbose": true,
  "window": 197.2830143643666,
  "working_dir": "/home/dasolma/papers/rul_stacked/src"
}