{
  "batch_normalization": 0.09929013301662204,
  "batch_size": 53.99612397743265,
  "block_size": 2.7161358650663376,
  "conv_activation": 0.34045402528744295,
  "debug": false,
  "dense_activation": 1.580166336869654,
  "dilation_rate": 5.616748595859767,
  "dropout": 0.5814834106234167,
  "epochs": 100,
  "experiment": "rnn_cnn_l2",
  "extra_channel": true,
  "fc1": 242.41859955636,
  "fc2": 247.5112753460757,
  "kernel_size": 0,
  "l1": 0.0009218093612762596,
  "l2": 0.0002221501134123818,
  "lr": 8.319216598850788e-05,
  "min_score": 15,
  "nblocks": 3.143009155577455,
  "net": "cnn",
  "timeout": 10800,
  "train_verbose": true,
  "working_dir": "/home/dasolma/papers/fer-rna/src"
}