{
  "batch_normalization": 1.3833873656575582,
  "batch_size": 63.18519263670476,
  "block_size": 3.369856132994926,
  "conv_activation": 0.35657130935075676,
  "debug": false,
  "dense_activation": 0.8620728512849647,
  "dilation_rate": 3.1926450062583926,
  "dropout": 0.2073226203997154,
  "epochs": 100,
  "experiment": "cnn_l2",
  "extra_channel": true,
  "fc1": 65.64536910216498,
  "fc2": 69.13318443517144,
  "kernel_size": 0,
  "l1": 0.00018619928954901067,
  "l2": 0.0008328282055107892,
  "lr": 0.0003786683460733015,
  "min_score": 15,
  "nblocks": 1.5607644825266707,
  "net": "cnn",
  "timeout": 10800,
  "train_verbose": true,
  "working_dir": "/home/dasolma/papers/rul_stacked/src"
}