{
  "batch_normalization": 0.21334679980310245,
  "batch_size": 35.70780990480415,
  "block_size": 3.2189447832336753,
  "conv_activation": 1.3598943804826737,
  "debug": false,
  "dense_activation": 0.48269407455794755,
  "dilation_rate": 1.144312335854516,
  "dropout": 0.279884089544096,
  "epochs": 100,
  "experiment": "rnn_cnn_l2",
  "extra_channel": true,
  "fc1": 126.43519782913543,
  "fc2": 204.08438624090832,
  "kernel_size": 0,
  "l1": 0.0006375574713552132,
  "l2": 0.0008872127425763266,
  "lr": 0.00047749277591032984,
  "min_score": 15,
  "nblocks": 1.7467966069578373,
  "net": "cnn",
  "timeout": 10800,
  "train_verbose": true,
  "working_dir": "/home/dasolma/papers/fer-rna/src"
}