{
  "batch_normalization": -0.014059178352699764,
  "batch_size": 47.50878412514734,
  "block_size": 2.476876449421068,
  "conv_activation": 1.0057619730107548,
  "debug": false,
  "dense_activation": 1.3697764815121098,
  "dilation_rate": 5.829247509381361,
  "dropout": 0.6137100990987028,
  "epochs": 100,
  "experiment": "cnn_l2",
  "extra_channel": true,
  "fc1": 247.06023840304215,
  "fc2": 246.33674820170776,
  "kernel_size": 0,
  "l1": 0.0009300319915794034,
  "l2": 0.0008715256313738985,
  "lr": 0.000555105789394991,
  "min_score": 15,
  "nblocks": 2.1655733845335643,
  "net": "cnn",
  "timeout": 10800,
  "train_verbose": true,
  "working_dir": "/home/dasolma/papers/rul_stacked/src"
}