{
  "batch_normalization": 0.5913963360077779,
  "batch_size": 32.31945487899215,
  "block_size": 2.4536282395174664,
  "conv_activation": 2.4184637133029003,
  "debug": false,
  "dense_activation": 1.4780494405596625,
  "dilation_rate": 9.32265900376738,
  "dropout": 0.4688981595956578,
  "epochs": 100,
  "experiment": "cnn_l2",
  "extra_channel": true,
  "fc1": 253.59669699943112,
  "fc2": 251.07296441903947,
  "kernel_size": 0,
  "l1": 0.0007085118967541803,
  "l2": 0.0001964760666216947,
  "lr": 7.824785559828536e-05,
  "min_score": 15,
  "nblocks": 3.253254765412633,
  "net": "cnn",
  "timeout": 10800,
  "train_verbose": true,
  "working_dir": "/home/dasolma/papers/rul_stacked/src"
}