{
  "batch_normalization": 0.5764922086640409,
  "batch_size": 39.947782178066475,
  "block_size": 1.892626226625048,
  "channels": 2.5549595910511482,
  "conv_activation": 0.47499694036799167,
  "debug": false,
  "dense_activation": 1.9309379621425424,
  "dilation_rate": 6.034871508917475,
  "dropout": 0.7487540821572657,
  "epochs": 100,
  "experiment": "cnn_multichannel_rna",
  "extra_channel": true,
  "fc1": 148.05927121305592,
  "fc2": 245.75490126761989,
  "kernel_size": 0,
  "l1": 0.0006566246366155195,
  "l2": 0.0008351000812369589,
  "lr": 0.0002321919806803634,
  "min_score": 0.15,
  "nblocks": 1.7530870565124674,
  "net": "cnn",
  "timeout": 10800,
  "train_verbose": true,
  "working_dir": "/home/dasolma/papers/fer-rna/src"
}