{
  "batch_normalization": 0.08775157069328765,
  "batch_size": 32.103252678497675,
  "block_size": 3.2449291608901527,
  "conv_activation": 1.4028149829351277,
  "debug": false,
  "dense_activation": -0.17376590592357266,
  "dilation_rate": 9.076165280460833,
  "dropout": 0.4029869798045296,
  "epochs": 100,
  "experiment": "cnn_l2",
  "extra_channel": true,
  "fc1": 252.006263124881,
  "fc2": 72.5822193709198,
  "kernel_size": 0,
  "l1": 0.0007527462124607708,
  "l2": 0.0002616425858739141,
  "lr": 0.000657779855848253,
  "min_score": 15,
  "nblocks": 3.4764518631192383,
  "net": "cnn",
  "timeout": 10800,
  "train_verbose": true,
  "working_dir": "/home/dasolma/papers/rul_stacked/src"
}