{
  "batch_normalization": 0.19574804466435047,
  "batch_size": 35.8058917143625,
  "block_size": 3.1796908972309117,
  "conv_activation": 0.7562870366047338,
  "debug": false,
  "dense_activation": 0.8041372044511577,
  "dilation_rate": 6.315361219589269,
  "dropout": 0.061875393251115254,
  "epochs": 100,
  "extra_channel": true,
  "f1": 8.80486817970014,
  "f2": 9.132455750035287,
  "f3": 7.525874181572013,
  "fc1": 83.4414274410579,
  "fc2": 100,
  "kernel_size": -0.06570931530662705,
  "kernels": [
    [
      2,
      3
    ],
    [
      2,
      5
    ],
    [
      2,
      10
    ],
    [
      1,
      3
    ],
    [
      1,
      5
    ],
    [
      1,
      10
    ]
  ],
  "l1": 1.7873837515466897e-05,
  "l2": 0.00020024502450669213,
  "lr": 0.00010767520783440366,
  "min_score": 15,
  "msblocks": 2.8869589623986,
  "nblocks": 1.9010362974067232,
  "net": "mscnn",
  "timeout": 10800,
  "train_verbose": true,
  "window": 466.912384744043,
  "working_dir": "/home/dasolma/papers/rul_stacked/src"
}