{
  "batch_normalization": 0.9036764897223939,
  "batch_size": 39.14446067379084,
  "block_size": 2.567835751253835,
  "channels": 2.6564569623689884,
  "conv_activation": 1.927128451191335,
  "debug": false,
  "dense_activation": 1.4140159908372316,
  "dilation_rate": 4.878617241048615,
  "dropout": 0.5213216925703704,
  "epochs": 100,
  "experiment": "cnn_multichannel_rna",
  "extra_channel": true,
  "fc1": 148.513847785248,
  "fc2": 244.46096597149062,
  "kernel_size": 0,
  "l1": 0.0008751360550374297,
  "l2": 0.0003771359780973559,
  "lr": 0.0004937322270348028,
  "min_score": 0.15,
  "nblocks": 1.8882244748137451,
  "net": "cnn",
  "timeout": 10800,
  "train_verbose": true,
  "working_dir": "/home/dasolma/papers/fer-rna/src"
}