{
  "batch_normalization": 0.5682653570912903,
  "batch_size": 37.376808919543585,
  "block_size": 2.472290988386786,
  "conv_activation": -0.391697781546714,
  "debug": false,
  "dense_activation": 0.061816223352653576,
  "dilation_rate": 4.821118965693633,
  "dropout": 0.534334497497451,
  "epochs": 100,
  "experiment": "cnn_l2",
  "extra_channel": true,
  "fc1": 182.67039929533902,
  "fc2": 93.10896767849033,
  "kernel_size": 0,
  "l1": 0.0008375927651191848,
  "l2": 0.0009989191838977274,
  "lr": 0.0006124073046472532,
  "min_score": 15,
  "nblocks": 2.2778279896027764,
  "net": "cnn",
  "timeout": 10800,
  "train_verbose": true,
  "working_dir": "/home/dasolma/papers/rul_stacked/src"
}