{
  "batch_normalization": 0.03928365859401084,
  "batch_size": 45.78239264345028,
  "block_size": 1.814274624659385,
  "channels": 1.860056576722338,
  "conv_activation": 0.27283655017138486,
  "debug": false,
  "dense_activation": 2.458564581170644,
  "dilation_rate": 5.79453566644031,
  "dropout": 0.18967515484361372,
  "epochs": 100,
  "experiment": "cnn_multichannel_rna",
  "extra_channel": true,
  "fc1": 93.88876831235035,
  "fc2": 166.28289617698402,
  "kernel_size": 0,
  "l1": 0.0009731939027408658,
  "l2": 0.0008527617124496816,
  "lr": 0.0006966017426723341,
  "min_score": 0.15,
  "nblocks": 1.6288869684641403,
  "net": "cnn",
  "timeout": 10800,
  "train_verbose": true,
  "working_dir": "/home/dasolma/papers/fer-rna/src"
}