{
  "batch_normalization": 0.721359565524134,
  "batch_size": 37.089864995654914,
  "block_size": 1.735942118267492,
  "channels": 1.7677710359283723,
  "conv_activation": 2.4850535120706363,
  "debug": false,
  "dense_activation": 0.2503910767371935,
  "dilation_rate": 4.498684134407058,
  "dropout": 0.5813602867926739,
  "epochs": 100,
  "experiment": "cnn_multichannel_rna",
  "extra_channel": true,
  "fc1": 147.93185921632963,
  "fc2": 250.77994731132827,
  "kernel_size": 0,
  "l1": 0.0004359432912551949,
  "l2": 0.0001042911501873548,
  "lr": 0.0009222528045134272,
  "min_score": 0.15,
  "nblocks": 3.0998759539316447,
  "net": "cnn",
  "timeout": 10800,
  "train_verbose": true,
  "working_dir": "/home/dasolma/papers/fer-rna/src"
}