{
  "batch_normalization": -0.3700124131087962,
  "batch_size": 63.077473975365244,
  "block_size": 2.5056056972252136,
  "conv_activation": 1.1685568662716783,
  "debug": false,
  "dense_activation": 0.25017868949501954,
  "dilation_rate": 2.309181523149796,
  "dropout": 0.42358120458184384,
  "epochs": 100,
  "experiment": "cnn_l2",
  "extra_channel": true,
  "fc1": 253.9489767719018,
  "fc2": 64.5201948356862,
  "kernel_size": 0,
  "l1": 0.0007471540647809912,
  "l2": 4.5703079799453096e-05,
  "lr": 0.0006819470923768193,
  "min_score": 15,
  "nblocks": 2.3929310907294514,
  "net": "cnn",
  "timeout": 10800,
  "train_verbose": true,
  "working_dir": "/home/dasolma/papers/rul_stacked/src"
}