{
  "batch_normalization": -0.20576116755422685,
  "batch_size": 37.70394687331144,
  "block_size": 3.4098895620768963,
  "channels": 2.2466904158728394,
  "conv_activation": 1.0981940865288673,
  "debug": false,
  "dense_activation": 1.2093527995807387,
  "dilation_rate": 9.647137077646585,
  "dropout": 0.19517404535116128,
  "epochs": 100,
  "experiment": "cnn_multichannel_rna",
  "extra_channel": true,
  "fc1": 117.61130603366902,
  "fc2": 167.72478245740623,
  "kernel_size": 0,
  "l1": 0.0006081511863651656,
  "l2": 0.00029032133333098896,
  "lr": 0.00039957620839145693,
  "min_score": 0.15,
  "nblocks": 3.243837889655376,
  "net": "cnn",
  "timeout": 10800,
  "train_verbose": true,
  "working_dir": "/home/dasolma/papers/fer-rna/src"
}