{
  "batch_normalization": -0.334047049195078,
  "batch_size": 40.7759424648669,
  "block_size": 1.9589619592343896,
  "conv_activation": -0.15459566865062602,
  "debug": false,
  "dense_activation": -0.07671399309177973,
  "dilation_rate": 1.1078447527522677,
  "dropout": 0.8826365377170473,
  "epochs": 100,
  "experiment": "rnn_cnn_l2",
  "extra_channel": true,
  "fc1": 194.60591300556882,
  "fc2": 199.19589870594797,
  "kernel_size": 0,
  "l1": 0.00010284172316117557,
  "l2": 0.0009678910381861288,
  "lr": 0.0008415246318837622,
  "min_score": 15,
  "nblocks": 3.407032979188557,
  "net": "cnn",
  "timeout": 10800,
  "train_verbose": true,
  "working_dir": "/home/dasolma/papers/fer-rna/src"
}