{
  "batch_normalization": 0.655566015258273,
  "batch_size": 53.57230553885819,
  "block_size": 3.1631458625618882,
  "conv_activation": 1.1876745748121322,
  "debug": false,
  "dense_activation": -0.18327533732229828,
  "dilation_rate": 1.4595775725562152,
  "dropout": 0.19574345034393462,
  "epochs": 100,
  "extra_channel": true,
  "f1": 3.034322049389403,
  "f2": 5.624070040107683,
  "f3": 12.677161366812475,
  "fc1": 172.8051120355302,
  "fc2": 100,
  "kernel_size": -0.24468830780094764,
  "kernels": [
    [
      2,
      3
    ],
    [
      2,
      5
    ],
    [
      2,
      10
    ],
    [
      1,
      3
    ],
    [
      1,
      5
    ],
    [
      1,
      10
    ]
  ],
  "l1": 2.567931180622185e-05,
  "l2": 0.0002595384295393768,
  "lr": 0.0007631095158776457,
  "min_score": 15,
  "msblocks": 0.6766044557152542,
  "nblocks": 2.961832978550679,
  "net": "mscnn",
  "timeout": 10800,
  "train_verbose": true,
  "window": 135.3249669166505,
  "working_dir": "/home/dasolma/papers/rul_stacked/src"
}