{
  "batch_normalization": 0.5366016221967183,
  "batch_size": 32.93578369362628,
  "block_size": 2.9491599824311305,
  "conv_activation": 0.3920484940845359,
  "debug": false,
  "dense_activation": 0.8961736768497583,
  "dilation_rate": 10.303375567024462,
  "dropout": 0.10319699769654488,
  "epochs": 100,
  "experiment": "cnn_l2",
  "extra_channel": true,
  "fc1": 254.03139930399502,
  "fc2": 67.57771883696535,
  "kernel_size": 0,
  "l1": 0.000830312608534143,
  "l2": 0.00030274996774687834,
  "lr": 0.00033892449202762063,
  "min_score": 15,
  "nblocks": 1.9053016156055884,
  "net": "cnn",
  "timeout": 10800,
  "train_verbose": true,
  "working_dir": "/home/dasolma/papers/rul_stacked/src"
}