{
  "batch_normalization": 1.3202310629171838,
  "batch_size": 62.63055546704653,
  "block_size": 3.060721160117091,
  "conv_activation": 0.9662058314895242,
  "debug": false,
  "dense_activation": 0.9569206504755343,
  "dilation_rate": 7.267333199378419,
  "dropout": 0.3433754880072181,
  "epochs": 100,
  "experiment": "cnn_l2",
  "extra_channel": true,
  "fc1": 96.0156819556533,
  "fc2": 169.46670422189064,
  "kernel_size": 0,
  "l1": 0.0006750968053045049,
  "l2": 0.0006224150738337883,
  "lr": 0.0007401753990991416,
  "min_score": 15,
  "nblocks": 1.7100446429673124,
  "net": "cnn",
  "timeout": 10800,
  "train_verbose": true,
  "working_dir": "/home/dasolma/papers/rul_stacked/src"
}