{
  "attention": 0.4797429466073231,
  "batch_normalization": -0.02825049704831062,
  "batch_size": 34.70068784720212,
  "bidirectional": -0.49337625863453805,
  "cell_type": -0.17943227996625,
  "debug": false,
  "dense_activation": 0.0315738013822614,
  "dropout": 0.5507645666097328,
  "epochs": 100,
  "extra_channel": false,
  "fc1": 172.74115979985623,
  "fc2": 100,
  "kernels": [
    [
      2,
      3
    ],
    [
      2,
      5
    ],
    [
      2,
      10
    ],
    [
      1,
      3
    ],
    [
      1,
      5
    ],
    [
      1,
      10
    ]
  ],
  "l1": 0.000975619633015148,
  "l2": 0.0005132041154438559,
  "lr": 0.0006420518885695852,
  "lstm_units": 66.3068140512506,
  "min_score": 15,
  "nblocks": 2.055837984681207,
  "net": "rnn",
  "timeout": 10800,
  "train_verbose": true,
  "window": 301.63505784408585,
  "working_dir": "/home/dasolma/papers/rul_stacked/src"
}