{
  "batch_normalization": -0.05946151787418119,
  "batch_size": 63.80926659578141,
  "block_size": 1.7646009204250919,
  "conv_activation": 2.133173931934466,
  "debug": false,
  "dense_activation": 0.5193727920743634,
  "dilation_rate": 10.07630364725566,
  "dropout": 0.06601133165742572,
  "epochs": 100,
  "experiment": "cnn_l2",
  "extra_channel": true,
  "fc1": 65.94053816219034,
  "fc2": 73.81890711958346,
  "kernel_size": 0,
  "l1": 0.0006275137573856818,
  "l2": 0.0008328959893543718,
  "lr": 6.976318966391323e-05,
  "min_score": 15,
  "nblocks": 2.0988085408069663,
  "net": "cnn",
  "timeout": 10800,
  "train_verbose": true,
  "working_dir": "/home/dasolma/papers/rul_stacked/src"
}