{
  "batch_normalization": 0.35130304031110804,
  "batch_size": 39.84930934104818,
  "block_size": 3.135071045171521,
  "channels": 2.0904635769983897,
  "conv_activation": 0.4965003437247937,
  "debug": false,
  "dense_activation": 0.5346036558814073,
  "dilation_rate": 8.050892165718492,
  "dropout": 0.46046565880354723,
  "epochs": 100,
  "experiment": "cnn_multichannel_rna",
  "extra_channel": true,
  "fc1": 147.21516476613343,
  "fc2": 244.4837996768233,
  "kernel_size": 0,
  "l1": 0.0009446068226928598,
  "l2": 0.00043792571586624164,
  "lr": 0.0004274095817770329,
  "min_score": 0.15,
  "nblocks": 1.963901401196319,
  "net": "cnn",
  "timeout": 10800,
  "train_verbose": true,
  "working_dir": "/home/dasolma/papers/fer-rna/src"
}