{
  "batch_normalization": 0.35322213233786404,
  "batch_size": 56.54120558105498,
  "block_size": 2.683770905516946,
  "channels": 3.243049045085148,
  "conv_activation": 1.4301351622022473,
  "debug": false,
  "dense_activation": 0.31392158494541156,
  "dilation_rate": 1.0439951405440633,
  "dropout": 0.23083913801324094,
  "epochs": 100,
  "experiment": "cnn_multichannel_rna",
  "extra_channel": true,
  "fc1": 171.22352662141117,
  "fc2": 190.31873816743297,
  "kernel_size": 0,
  "l1": 5.2922167507940765e-05,
  "l2": 0.0001402328723090215,
  "lr": 0.0008906494568085341,
  "min_score": 0.15,
  "nblocks": 1.900713676399039,
  "net": "cnn",
  "timeout": 10800,
  "train_verbose": true,
  "working_dir": "/home/dasolma/papers/fer-rna/src"
}