{
  "attention": -0.379896814029441,
  "batch_normalization": 1.388282219134133,
  "batch_size": 62.9002250583859,
  "bidirectional": 1.1067946962329223,
  "cell_type": 0.09922753834674136,
  "debug": false,
  "dense_activation": -0.2169836579808484,
  "dropout": 0.6158097238609412,
  "epochs": 100,
  "experiment": "cnn_rnn_rna",
  "extra_channel": false,
  "fc1": 148.50927879800344,
  "fc2": 87.43134109019753,
  "l1": 0.0004951769101112702,
  "l2": 3.43885211152184e-05,
  "lr": 0.0009102271980579943,
  "lstm_units": 44.983357939201895,
  "min_score": 0.15,
  "nblocks": 3.4843164073748665,
  "net": "rnn",
  "num_embeddings": 162.3422152178822,
  "timeout": 10800,
  "train_verbose": true,
  "window": 308.0272084711243,
  "working_dir": "/home/dasolma/papers/fer-rna/src"
}