{
  "batch_normalization": 0.25894968908730676,
  "batch_size": 32.44051464604341,
  "block_size": 2.930584441283983,
  "conv_activation": 0.49016680656847433,
  "debug": false,
  "dense_activation": 0.8702204771594233,
  "dilation_rate": 0.5995452137294969,
  "dropout": 0.6249459293135115,
  "epochs": 100,
  "experiment": "cnn_l2",
  "extra_channel": true,
  "fc1": 79.96791588057731,
  "fc2": 67.08878600869949,
  "kernel_size": 0,
  "l1": 0.0007945567627840353,
  "l2": 0.00023641354169500928,
  "lr": 0.00038807051366306143,
  "min_score": 15,
  "nblocks": 2.134843853838713,
  "net": "cnn",
  "timeout": 10800,
  "train_verbose": true,
  "working_dir": "/home/dasolma/papers/rul_stacked/src"
}