{
  "batch_normalization": -0.30414498927326294,
  "batch_size": 42.756621073909685,
  "block_size": 2.8564899109767303,
  "conv_activation": 1.965176822391187,
  "debug": false,
  "dense_activation": 2.2432299187082965,
  "dilation_rate": 3.014928522966935,
  "dropout": 0.041609257416440774,
  "epochs": 100,
  "extra_channel": true,
  "f1": 13.88881769987087,
  "f2": 6.436104057568555,
  "f3": 12.008164921939514,
  "fc1": 147.3948834098785,
  "fc2": 100,
  "kernel_size": 5.4665344853423425,
  "kernels": [
    [
      2,
      3
    ],
    [
      2,
      5
    ],
    [
      2,
      10
    ],
    [
      1,
      3
    ],
    [
      1,
      5
    ],
    [
      1,
      10
    ]
  ],
  "l1": 0.00011397002129565382,
  "l2": 0.00010759303413189947,
  "lr": 0.0006414080828131845,
  "min_score": 15,
  "msblocks": 2.80049156257717,
  "nblocks": 2.8127072578107244,
  "net": "mscnn",
  "timeout": 10800,
  "train_verbose": true,
  "window": 338.6695719121187,
  "working_dir": "/home/dasolma/papers/rul_stacked/src"
}