{
  "batch_normalization": -0.35993389232451567,
  "batch_size": 52.500761926313416,
  "block_size": 2.3684549713747947,
  "channels": 1.5376553752913626,
  "conv_activation": 1.7227264539149372,
  "debug": false,
  "dense_activation": 0.601597904418693,
  "dilation_rate": 4.473620080694085,
  "dropout": 0.35916215802368817,
  "epochs": 100,
  "experiment": "cnn_multichannel_rna",
  "extra_channel": true,
  "fc1": 162.4339390172877,
  "fc2": 181.83903918877897,
  "kernel_size": 0,
  "l1": 7.964904088521607e-05,
  "l2": 0.000995890193786907,
  "lr": 0.0008240804622796086,
  "min_score": 0.15,
  "nblocks": 3.4774791486282504,
  "net": "cnn",
  "timeout": 10800,
  "train_verbose": true,
  "working_dir": "/home/dasolma/papers/fer-rna/src"
}