{
  "batch_normalization": 0.2857192451814228,
  "batch_size": 42.297021859705495,
  "block_size": 2.342207605201689,
  "conv_activation": 1.493514620256964,
  "debug": false,
  "dense_activation": 0.9898223944537039,
  "dilation_rate": 9.741244691329602,
  "dropout": 0.28427517199599767,
  "epochs": 100,
  "extra_channel": true,
  "f1": 8.580710875419694,
  "f2": 4.680373399626735,
  "f3": 7.3655746817197185,
  "fc1": 70.45462838854621,
  "fc2": 100,
  "kernel_size": 1.5078372043819817,
  "kernels": [
    [
      2,
      3
    ],
    [
      2,
      5
    ],
    [
      2,
      10
    ],
    [
      1,
      3
    ],
    [
      1,
      5
    ],
    [
      1,
      10
    ]
  ],
  "l1": 0.0007180806426861687,
  "l2": 0.00028057148111779976,
  "lr": 0.0007918692115933449,
  "min_score": 15,
  "msblocks": 2.1831130420391034,
  "nblocks": 2.2407293456132242,
  "net": "mscnn",
  "timeout": 10800,
  "train_verbose": true,
  "window": 413.4623080185074,
  "working_dir": "/home/dasolma/papers/rul_stacked/src"
}