{
  "batch_normalization": 0.15322686647185407,
  "batch_size": 55.835560092243384,
  "block_size": 2.198531095301437,
  "channels": 3.49,
  "conv_activation": 2.02630552336065,
  "debug": false,
  "dense_activation": 0.14769533195625123,
  "dilation_rate": 4.783743926840312,
  "dropout": 0.9,
  "epochs": 100,
  "experiment": "cnn_multichannel_rna",
  "extra_channel": true,
  "fc1": 188.67517320156355,
  "fc2": 224.77407591378065,
  "kernel_size": 0,
  "l1": 0.0,
  "l2": 0.0005074528185746434,
  "lr": 1e-05,
  "min_score": 0.15,
  "nblocks": 3.286150552268842,
  "net": "cnn",
  "timeout": 10800,
  "train_verbose": true,
  "working_dir": "/home/dasolma/papers/fer-rna/src"
}