{
  "attention": 1.1062902134636146,
  "batch_normalization": 0.7858766873336342,
  "batch_size": 53.115375967722755,
  "bidirectional": -0.4077867619540587,
  "cell_type": 1.1575233344267841,
  "debug": false,
  "dense_activation": 0.1907377974329013,
  "dropout": 0.017626929132957835,
  "epochs": 100,
  "experiment": "cnn_rnn_rna",
  "extra_channel": false,
  "fc1": 116.03138816585431,
  "fc2": 146.6943558607017,
  "l1": 0.00015367405285827529,
  "l2": 0.00017679625086986772,
  "lr": 0.00026833606155655704,
  "lstm_units": 126.82641103037069,
  "min_score": 0.15,
  "nblocks": 3.0879475236465055,
  "net": "rnn",
  "num_embeddings": 142.15003440969195,
  "timeout": 10800,
  "train_verbose": true,
  "window": 162.26826731739658,
  "working_dir": "/home/dasolma/papers/fer-rna/src"
}