{
  "attention": 1.3393872365571255,
  "batch_normalization": 1.2459053132281521,
  "batch_size": 40.25413208688498,
  "bidirectional": 0.8099680920683581,
  "cell_type": 1.1244444004024317,
  "debug": false,
  "dense_activation": 1.1556024347983869,
  "dropout": 0.47668552052040586,
  "epochs": 100,
  "extra_channel": false,
  "fc1": 110.43563985288672,
  "fc2": 100,
  "kernels": [
    [
      2,
      3
    ],
    [
      2,
      5
    ],
    [
      2,
      10
    ],
    [
      1,
      3
    ],
    [
      1,
      5
    ],
    [
      1,
      10
    ]
  ],
  "l1": 9.310276780589921e-05,
  "l2": 0.0008972157579533268,
  "lr": 0.0009014138765916971,
  "lstm_units": 86.90736321460601,
  "min_score": 15,
  "nblocks": 2.5203087773251283,
  "net": "rnn",
  "timeout": 10800,
  "train_verbose": true,
  "window": 239.68382984506437,
  "working_dir": "/home/dasolma/papers/rul_stacked/src"
}