{
  "batch_normalization": 0.26550912998222786,
  "batch_size": 32.45572456043292,
  "block_size": 3.063861766910367,
  "conv_activation": 2.219871614513414,
  "debug": false,
  "dense_activation": 0.9917747741261296,
  "dilation_rate": 10.059299754948716,
  "dropout": 0.4555613133322703,
  "epochs": 100,
  "experiment": "cnn_l2",
  "extra_channel": true,
  "fc1": 254.58605548301227,
  "fc2": 64.17358393757121,
  "kernel_size": 0,
  "l1": 0.00044773221409514477,
  "l2": 0.0003541956414484266,
  "lr": 0.00093117390732655,
  "min_score": 15,
  "nblocks": 3.1938187299584335,
  "net": "cnn",
  "timeout": 10800,
  "train_verbose": true,
  "working_dir": "/home/dasolma/papers/rul_stacked/src"
}