{
  "batch_normalization": 1.1924373284386327,
  "batch_size": 49.62161655838376,
  "block_size": 2.8773729097375687,
  "conv_activation": 1.5438114838388832,
  "debug": false,
  "dense_activation": 1.1357083964295345,
  "dilation_rate": 9.097530951825602,
  "dropout": 0.48664649758175776,
  "epochs": 100,
  "extra_channel": true,
  "f1": 4.711427250110234,
  "f2": 3.291991576374933,
  "f3": 6.441121313244356,
  "fc1": 70.56087245239206,
  "fc2": 100,
  "kernel_size": 4.373255590373363,
  "kernels": [
    [
      2,
      3
    ],
    [
      2,
      5
    ],
    [
      2,
      10
    ],
    [
      1,
      3
    ],
    [
      1,
      5
    ],
    [
      1,
      10
    ]
  ],
  "l1": 0.0006350262201230549,
  "l2": 0.0009969729752413918,
  "lr": 0.000786294670174205,
  "min_score": 15,
  "msblocks": 0.4773416737805539,
  "nblocks": 1.8969669760701042,
  "net": "mscnn",
  "timeout": 10800,
  "train_verbose": true,
  "window": 400.6667244790327,
  "working_dir": "/home/dasolma/papers/rul_stacked/src"
}