{
  "batch_normalization": 1.4081304567062254,
  "batch_size": 55.879065646822426,
  "block_size": 2.608901772490994,
  "conv_activation": 1.1438991612657143,
  "debug": false,
  "dense_activation": -0.13390263130701774,
  "dilation_rate": 2.835762954217567,
  "dropout": 0.14024481380233392,
  "epochs": 100,
  "extra_channel": true,
  "f1": 8.866307809935993,
  "f2": 4.740685580657469,
  "f3": 3.596392139108699,
  "fc1": 71.67663757330901,
  "fc2": 100,
  "kernel_size": 0.8873537118248738,
  "kernels": [
    [
      2,
      3
    ],
    [
      2,
      5
    ],
    [
      2,
      10
    ],
    [
      1,
      3
    ],
    [
      1,
      5
    ],
    [
      1,
      10
    ]
  ],
  "l1": 0.000554929323464122,
  "l2": 0.0008091613238103334,
  "lr": 0.0008433673697719979,
  "min_score": 15,
  "msblocks": 2.9316150398781824,
  "nblocks": 1.8827331682535997,
  "net": "mscnn",
  "timeout": 10800,
  "train_verbose": true,
  "window": 407.57977474582594,
  "working_dir": "/home/dasolma/papers/rul_stacked/src"
}