{
  "batch_normalization": 0.3023805849579163,
  "batch_size": 36.5699110774441,
  "block_size": 2.4851277063180675,
  "conv_activation": -0.22547339578695313,
  "debug": false,
  "dense_activation": -0.020560274197102046,
  "dilation_rate": 6.492266427470092,
  "dropout": 0.47222822494140015,
  "epochs": 100,
  "experiment": "cnn_l2",
  "extra_channel": true,
  "fc1": 182.60243622372667,
  "fc2": 90.6022515279617,
  "kernel_size": 0,
  "l1": 0.0008303852041025726,
  "l2": 0.00028570127711235186,
  "lr": 0.0009375069999686465,
  "min_score": 15,
  "nblocks": 2.165194443905147,
  "net": "cnn",
  "timeout": 10800,
  "train_verbose": true,
  "working_dir": "/home/dasolma/papers/rul_stacked/src"
}