{
  "attention": 1.2368736970024778,
  "batch_normalization": 0.636419309966902,
  "batch_size": 60.51416681152353,
  "bidirectional": 1.0112543905664861,
  "cell_type": 1.3080527334455951,
  "debug": false,
  "dense_activation": -0.40754560350624225,
  "dropout": 0.6111363557174466,
  "epochs": 100,
  "extra_channel": false,
  "fc1": 211.1961423981043,
  "fc2": 100,
  "kernels": [
    [
      2,
      3
    ],
    [
      2,
      5
    ],
    [
      2,
      10
    ],
    [
      1,
      3
    ],
    [
      1,
      5
    ],
    [
      1,
      10
    ]
  ],
  "l1": 0.00036407596068588566,
  "l2": 4.8961133582244076e-05,
  "lr": 0.0001121958111625039,
  "lstm_units": 91.05414795064222,
  "min_score": 15,
  "nblocks": 1.9240621380825917,
  "net": "rnn",
  "timeout": 10800,
  "train_verbose": true,
  "window": 138.66426703224346,
  "working_dir": "/home/dasolma/papers/rul_stacked/src"
}