{
  "batch_normalization": -0.041098125477835645,
  "batch_size": 38.101255115862045,
  "block_size": 2.188050622916136,
  "channels": 1.969032268021912,
  "conv_activation": 2.3792398581532854,
  "debug": false,
  "dense_activation": 0.589330993353818,
  "dilation_rate": 3.387094798211355,
  "dropout": 0.24367688271909876,
  "epochs": 100,
  "experiment": "cnn_multichannel_rna",
  "extra_channel": true,
  "fc1": 147.16236765107118,
  "fc2": 245.05048701270243,
  "kernel_size": 0,
  "l1": 4.096936460206635e-05,
  "l2": 0.0005320161014015003,
  "lr": 0.00047692028965529154,
  "min_score": 0.15,
  "nblocks": 2.2367018121218347,
  "net": "cnn",
  "timeout": 10800,
  "train_verbose": true,
  "working_dir": "/home/dasolma/papers/fer-rna/src"
}