{
  "attention": 0.09848448591907544,
  "batch_normalization": 0.5442652989481533,
  "batch_size": 45.8222405965477,
  "bidirectional": 0.07245828039608382,
  "cell_type": 0.7137057894447589,
  "debug": false,
  "dense_activation": -0.0915184180438745,
  "dropout": 0.26293018368169635,
  "epochs": 100,
  "experiment": "cnn_rnn_rna",
  "extra_channel": false,
  "fc1": 134.3414739123888,
  "fc2": 151.56543696967088,
  "l1": 0.0007851759613930136,
  "l2": 0.00019967378215835974,
  "lr": 0.0005190920940294755,
  "lstm_units": 82.35043171254875,
  "min_score": 0.08,
  "nblocks": 1.6484222299055933,
  "net": "rnn",
  "num_embeddings": 221.50897038028768,
  "timeout": 10800,
  "train_verbose": true,
  "window": 168.2096494749166,
  "working_dir": "/home/dasolma/papers/fer-rna/src"
}