{
  "batch_normalization": -0.4494159377792506,
  "batch_size": 35.45252566378574,
  "block_size": 1.5722297876597338,
  "channels": 2.7700926143022855,
  "conv_activation": 0.43306794322898,
  "debug": false,
  "dense_activation": 1.0157120734941083,
  "dilation_rate": 9.567513409782409,
  "dropout": 0.22436300623398744,
  "epochs": 100,
  "experiment": "cnn_multichannel_rna",
  "extra_channel": true,
  "fc1": 142.79352122284092,
  "fc2": 209.06581860026535,
  "kernel_size": 0,
  "l1": 0.00022879816549162247,
  "l2": 7.697990982879299e-05,
  "lr": 0.0002968539383846304,
  "min_score": 0.15,
  "nblocks": 1.8292181487629289,
  "net": "cnn",
  "timeout": 10800,
  "train_verbose": true,
  "working_dir": "/home/dasolma/papers/fer-rna/src"
}