{
  "batch_normalization": 1.2139081083214063,
  "batch_size": 48.747906844045346,
  "block_size": 2.882178073631857,
  "channels": 2.152391285168818,
  "conv_activation": 1.0754146698931832,
  "debug": false,
  "dense_activation": -0.4691197771200375,
  "dilation_rate": 0.8901902581253416,
  "dropout": 0.37680721816501267,
  "epochs": 100,
  "experiment": "cnn_multichannel_rna",
  "extra_channel": true,
  "fc1": 212.38980846852894,
  "fc2": 255.30796854504501,
  "kernel_size": 0,
  "l1": 0.0009060373875181543,
  "l2": 0.00014355512900459622,
  "lr": 0.0009779620348773005,
  "min_score": 0.15,
  "nblocks": 3.1933649631006356,
  "net": "cnn",
  "timeout": 10800,
  "train_verbose": true,
  "working_dir": "/home/dasolma/papers/fer-rna/src"
}