{
  "batch_normalization": 0.8485878758381546,
  "batch_size": 63.04652326372468,
  "block_size": 3.244258185312993,
  "conv_activation": -0.0766696360929674,
  "debug": false,
  "dense_activation": 0.831280236320739,
  "dilation_rate": 2.8939819510997964,
  "dropout": 0.06463194158379558,
  "epochs": 100,
  "experiment": "rnn_cnn_l2",
  "extra_channel": true,
  "fc1": 215.7056310556308,
  "fc2": 223.52152337294805,
  "kernel_size": 0,
  "l1": 0.0006554988052885199,
  "l2": 9.120443065404738e-05,
  "lr": 8.639443450425568e-05,
  "min_score": 15,
  "nblocks": 2.6162484375994204,
  "net": "cnn",
  "timeout": 10800,
  "train_verbose": true,
  "working_dir": "/home/dasolma/papers/fer-rna/src"
}