{
  "batch_normalization": 0.9477904284522631,
  "batch_size": 41.72135381770198,
  "block_size": 2.3889441858103493,
  "conv_activation": 0.4189639262572953,
  "debug": false,
  "dense_activation": 1.3973235910117736,
  "dilation_rate": 2.4613776245884518,
  "dropout": 0.7642205627794716,
  "epochs": 100,
  "experiment": "cnn_l2",
  "extra_channel": true,
  "fc1": 181.76191470244768,
  "fc2": 237.17763313567372,
  "kernel_size": 0,
  "l1": 0.0008006964688884594,
  "l2": 0.000468523409461638,
  "lr": 0.00027757774580280557,
  "min_score": 15,
  "nblocks": 1.8387428698050199,
  "net": "cnn",
  "timeout": 10800,
  "train_verbose": true,
  "working_dir": "/home/dasolma/papers/rul_stacked/src"
}