{
  "batch_normalization": 1.3987480138034676,
  "batch_size": 41.4360959380832,
  "block_size": 1.868054687120544,
  "channels": 2.5391495540663476,
  "conv_activation": 1.9130958433959735,
  "debug": false,
  "dense_activation": -0.41682912377660297,
  "dilation_rate": 6.861667235973067,
  "dropout": 0.5833874107875673,
  "epochs": 100,
  "experiment": "cnn_multichannel_rna",
  "extra_channel": true,
  "fc1": 137.02163514991855,
  "fc2": 98.6085971745019,
  "kernel_size": 0,
  "l1": 0.0006570917641282689,
  "l2": 0.00022710000672460705,
  "lr": 0.0007818386510787022,
  "min_score": 0.15,
  "nblocks": 2.94619063061585,
  "net": "cnn",
  "timeout": 10800,
  "train_verbose": true,
  "working_dir": "/home/dasolma/papers/fer-rna/src"
}