{
  "batch_normalization": 0.6805802429930354,
  "batch_size": 32.187330562790336,
  "block_size": 2.683530883463373,
  "conv_activation": 0.9941973270992714,
  "debug": false,
  "dense_activation": 1.032623301835773,
  "dilation_rate": 0.9318239557743755,
  "dropout": 0.8903368855957853,
  "epochs": 100,
  "experiment": "cnn_l2",
  "extra_channel": true,
  "fc1": 66.90659641952398,
  "fc2": 253.29927518005528,
  "kernel_size": 0,
  "l1": 0.0006881315615340633,
  "l2": 0.00028206066941977335,
  "lr": 0.00029258221998446836,
  "min_score": 15,
  "nblocks": 1.9349571119282096,
  "net": "cnn",
  "timeout": 10800,
  "train_verbose": true,
  "working_dir": "/home/dasolma/papers/rul_stacked/src"
}