{
  "batch_normalization": 0.45214631380185544,
  "batch_size": 43.15098286327479,
  "block_size": 1.962222169062188,
  "conv_activation": 1.4479470933028948,
  "debug": false,
  "dense_activation": 1.757730767076639,
  "dilation_rate": 1.8420423930726824,
  "dropout": 0.7345620404617258,
  "epochs": 100,
  "experiment": "cnn_l2",
  "extra_channel": true,
  "fc1": 181.3273605238087,
  "fc2": 236.3059055594917,
  "kernel_size": 0,
  "l1": 0.0007030788905899964,
  "l2": 0.000458244407037399,
  "lr": 0.0003107301967764608,
  "min_score": 15,
  "nblocks": 2.5047752355499933,
  "net": "cnn",
  "timeout": 10800,
  "train_verbose": true,
  "working_dir": "/home/dasolma/papers/rul_stacked/src"
}