{
  "batch_normalization": 1.461710314755511,
  "batch_size": 38.290858353934155,
  "block_size": 2.0231966883353176,
  "channels": 2.006726167925173,
  "conv_activation": -0.3000835047611593,
  "debug": false,
  "dense_activation": 0.41708022189561855,
  "dilation_rate": 9.732170803012693,
  "dropout": 0.43733428542392744,
  "epochs": 100,
  "experiment": "cnn_multichannel_rna",
  "extra_channel": true,
  "fc1": 119.73456436241567,
  "fc2": 166.94448274324859,
  "kernel_size": 0,
  "l1": 0.00061561848583828,
  "l2": 0.0008291619194841407,
  "lr": 5.422254674835631e-05,
  "min_score": 0.15,
  "nblocks": 2.9920722041316483,
  "net": "cnn",
  "timeout": 10800,
  "train_verbose": true,
  "working_dir": "/home/dasolma/papers/fer-rna/src"
}