{
  "batch_normalization": -0.12052522269251104,
  "batch_size": 32.4344528086057,
  "block_size": 1.788580218893568,
  "conv_activation": 0.9726980392398052,
  "debug": false,
  "dense_activation": 0.895538956157149,
  "dilation_rate": 5.244031569889127,
  "dropout": 0.3199918438032709,
  "epochs": 100,
  "experiment": "cnn_l2",
  "extra_channel": true,
  "fc1": 65.9148643807932,
  "fc2": 66.13402355453093,
  "kernel_size": 0,
  "l1": 0.0005300202384799155,
  "l2": 0.0005936464812146689,
  "lr": 0.0008368216406339698,
  "min_score": 15,
  "nblocks": 2.772765875331565,
  "net": "cnn",
  "timeout": 10800,
  "train_verbose": true,
  "working_dir": "/home/dasolma/papers/rul_stacked/src"
}