{
  "batch_normalization": 0.1635794776867905,
  "batch_size": 53.114629029299266,
  "block_size": 3.3309496119980997,
  "conv_activation": 1.9908644680035164,
  "debug": false,
  "dense_activation": 0.5186133995881999,
  "dilation_rate": 2.6595299239985986,
  "dropout": 0.3691863551639652,
  "epochs": 100,
  "extra_channel": true,
  "f1": 10.137079732304027,
  "f2": 8.023498971669877,
  "f3": 11.595709181821245,
  "fc1": 156.13237953032552,
  "fc2": 100,
  "kernel_size": 0.1173604884055699,
  "kernels": [
    [
      2,
      3
    ],
    [
      2,
      5
    ],
    [
      2,
      10
    ],
    [
      1,
      3
    ],
    [
      1,
      5
    ],
    [
      1,
      10
    ]
  ],
  "l1": 0.0008263933783133561,
  "l2": 0.000203816082750948,
  "lr": 0.000503325956856514,
  "min_score": 15,
  "msblocks": 2.120541639753149,
  "nblocks": 2.8821846941959697,
  "net": "mscnn",
  "timeout": 10800,
  "train_verbose": true,
  "window": 317.1277967337026,
  "working_dir": "/home/dasolma/papers/rul_stacked/src"
}