{
  "batch_normalization": 1.1408711835363163,
  "batch_size": 37.75262958507369,
  "block_size": 2.547008264966813,
  "channels": 3.2981664984125523,
  "conv_activation": 2.452214095344716,
  "debug": false,
  "dense_activation": 0.6141442237913568,
  "dilation_rate": 1.4920885216487205,
  "dropout": 0.18471598815191978,
  "epochs": 100,
  "experiment": "cnn_multichannel_rna",
  "extra_channel": true,
  "fc1": 144.20471965660997,
  "fc2": 251.3913225094064,
  "kernel_size": 0,
  "l1": 0.0008904377699220949,
  "l2": 0.00041698734457487364,
  "lr": 0.0004356631162841849,
  "min_score": 0.15,
  "nblocks": 2.4882571416155153,
  "net": "cnn",
  "timeout": 10800,
  "train_verbose": true,
  "working_dir": "/home/dasolma/papers/fer-rna/src"
}