{
  "batch_normalization": -0.11146645428189145,
  "batch_size": 55.11846768836817,
  "block_size": 2.0659292776328946,
  "conv_activation": -0.4370521007056385,
  "debug": false,
  "dense_activation": 1.4264168877215033,
  "dilation_rate": 2.2775645804823483,
  "dropout": 0.8464127259176228,
  "epochs": 100,
  "extra_channel": true,
  "f1": 14.891992929493584,
  "f2": 14.384939785061421,
  "f3": 7.314659929315668,
  "fc1": 66.96767037354255,
  "fc2": 100,
  "kernel_size": 5.059911375526353,
  "kernels": [
    [
      2,
      3
    ],
    [
      2,
      5
    ],
    [
      2,
      10
    ],
    [
      1,
      3
    ],
    [
      1,
      5
    ],
    [
      1,
      10
    ]
  ],
  "l1": 0.00042818414831731434,
  "l2": 0.0009666548190436695,
  "lr": 0.0009639837773183604,
  "min_score": 15,
  "msblocks": 2.903507727314767,
  "nblocks": 2.09300880629778,
  "net": "mscnn",
  "timeout": 10800,
  "train_verbose": true,
  "window": 236.5237824136625,
  "working_dir": "/home/dasolma/papers/rul_stacked/src"
}