{
  "batch_normalization": 1.115957556329147,
  "batch_size": 54.336480238833865,
  "block_size": 3.4872146696100215,
  "conv_activation": 2.263035213298835,
  "debug": false,
  "dense_activation": 0.26056325289672044,
  "dilation_rate": 6.824530255454735,
  "dropout": 0.2116032653471853,
  "epochs": 100,
  "experiment": "cnn_l2",
  "extra_channel": true,
  "fc1": 165.12996207120162,
  "fc2": 81.38469272576515,
  "kernel_size": 0,
  "l1": 0.0009559874998806381,
  "l2": 7.303303641576776e-05,
  "lr": 0.000679526960171823,
  "min_score": 15,
  "nblocks": 1.7141008970378468,
  "net": "cnn",
  "timeout": 10800,
  "train_verbose": true,
  "working_dir": "/home/dasolma/papers/rul_stacked/src"
}