{
  "batch_normalization": 1.4203482965586003,
  "batch_size": 55.448584106555124,
  "block_size": 1.9533737682158232,
  "conv_activation": 1.2974990797206813,
  "debug": false,
  "dense_activation": -0.51,
  "dilation_rate": 7.370213599556479,
  "dropout": 0.9,
  "epochs": 100,
  "experiment": "cnn_l2",
  "extra_channel": true,
  "fc1": 165.12279668148494,
  "fc2": 82.25430192150355,
  "kernel_size": 0,
  "l1": 0.0,
  "l2": 0.0005610428197903226,
  "lr": 0.0006449930784481105,
  "min_score": 15,
  "nblocks": 1.51,
  "net": "cnn",
  "timeout": 10800,
  "train_verbose": true,
  "working_dir": "/home/dasolma/papers/rul_stacked/src"
}