{
  "batch_normalization": 1.2473426277377808,
  "batch_size": 61.76258274512212,
  "block_size": 3.3216133145634235,
  "conv_activation": 0.8695677531144215,
  "debug": false,
  "dense_activation": 0.5048778733036408,
  "dilation_rate": 3.7888475992080304,
  "dropout": 0.8960448995241467,
  "epochs": 100,
  "experiment": "cnn_l2",
  "extra_channel": true,
  "fc1": 126.5253191843953,
  "fc2": 138.49767274725775,
  "kernel_size": 0,
  "l1": 0.0007794510943392003,
  "l2": 0.0007305784319407972,
  "lr": 0.0002689788866728407,
  "min_score": 15,
  "nblocks": 3.0749911197488053,
  "net": "cnn",
  "timeout": 10800,
  "train_verbose": true,
  "working_dir": "/home/dasolma/papers/rul_stacked/src"
}