{
  "batch_normalization": -0.053250612832258126,
  "batch_size": 57.20955176826288,
  "block_size": 2.041951412744943,
  "channels": 2.6275227509568455,
  "conv_activation": 1.324814081091508,
  "debug": false,
  "dense_activation": 0.5521626495427638,
  "dilation_rate": 10.45431266389684,
  "dropout": 0.09493717279606556,
  "epochs": 100,
  "experiment": "cnn_multichannel_rna",
  "extra_channel": true,
  "fc1": 218.6803743891378,
  "fc2": 235.91905697043973,
  "kernel_size": 0,
  "l1": 0.0006144995529208701,
  "l2": 0.0003445421867440904,
  "lr": 1.4508735949017345e-05,
  "min_score": 0.15,
  "nblocks": 2.2782564048050107,
  "net": "cnn",
  "timeout": 10800,
  "train_verbose": true,
  "working_dir": "/home/dasolma/papers/fer-rna/src"
}