{
  "batch_normalization": -0.034111530258862044,
  "batch_size": 44.986207209940986,
  "block_size": 2.587723622417799,
  "conv_activation": 0.7627391882303551,
  "debug": false,
  "dense_activation": 0.5764857980818856,
  "dilation_rate": 5.7243779086471775,
  "dropout": 0.25359040895173685,
  "epochs": 100,
  "extra_channel": true,
  "f1": 6.7420079559708155,
  "f2": 11.012286981412894,
  "f3": 13.771915457525827,
  "fc1": 90.90612615546041,
  "fc2": 100,
  "kernel_size": 2.965326013789161,
  "kernels": [
    [
      2,
      3
    ],
    [
      2,
      5
    ],
    [
      2,
      10
    ],
    [
      1,
      3
    ],
    [
      1,
      5
    ],
    [
      1,
      10
    ]
  ],
  "l1": 0.00030116602499248015,
  "l2": 3.503852119570794e-05,
  "lr": 0.0009239513550702566,
  "min_score": 15,
  "msblocks": 1.5873420186713751,
  "nblocks": 3.3768373079912974,
  "net": "mscnn",
  "timeout": 10800,
  "train_verbose": true,
  "window": 195.51315419504374,
  "working_dir": "/home/dasolma/papers/rul_stacked/src"
}