{
  "batch_normalization": 1.4279242509488028,
  "batch_size": 47.311589010301994,
  "block_size": 2.8456816352855174,
  "conv_activation": 0.9386999748768055,
  "debug": false,
  "dense_activation": -0.2564623933767275,
  "dilation_rate": 5.778849462961519,
  "dropout": 0.5712193712460181,
  "epochs": 100,
  "extra_channel": true,
  "f1": 4.059766038809603,
  "f2": 13.347329026542797,
  "f3": 3.0560474612312394,
  "fc1": 81.16080289718745,
  "fc2": 100,
  "kernel_size": 2.939286937984426,
  "kernels": [
    [
      2,
      3
    ],
    [
      2,
      5
    ],
    [
      2,
      10
    ],
    [
      1,
      3
    ],
    [
      1,
      5
    ],
    [
      1,
      10
    ]
  ],
  "l1": 0.0006896139173646836,
  "l2": 0.0001934343691177758,
  "lr": 0.0008686397213681531,
  "min_score": 15,
  "msblocks": 1.4354120879988252,
  "nblocks": 3.3726496874272316,
  "net": "mscnn",
  "timeout": 10800,
  "train_verbose": true,
  "window": 74.44966397975215,
  "working_dir": "/home/dasolma/papers/rul_stacked/src"
}