{
  "attention": 0.11324395739527948,
  "batch_normalization": 0.19781658246867617,
  "batch_size": 62.41062238319206,
  "bidirectional": 0.8183517183667226,
  "cell_type": -0.2781546337863141,
  "debug": false,
  "dense_activation": -0.09323382130961722,
  "dropout": 0.17191376954448487,
  "epochs": 100,
  "extra_channel": false,
  "fc1": 248.15655034893203,
  "fc2": 100,
  "kernels": [
    [
      2,
      3
    ],
    [
      2,
      5
    ],
    [
      2,
      10
    ],
    [
      1,
      3
    ],
    [
      1,
      5
    ],
    [
      1,
      10
    ]
  ],
  "l1": 0.0003073018378521233,
  "l2": 0.0007551065523967248,
  "lr": 0.00018765695075622358,
  "lstm_units": 124.61152891137957,
  "min_score": 15,
  "nblocks": 3.9467782926960897,
  "net": "rnn",
  "timeout": 10800,
  "train_verbose": true,
  "window": 150.05690032247108,
  "working_dir": "/home/dasolma/papers/rul_stacked/src"
}