{
  "batch_normalization": 1.380425921910108,
  "batch_size": 56.06533906570854,
  "block_size": 2.4424902475193795,
  "channels": 2.7006966129196632,
  "conv_activation": 0.4073549132711395,
  "debug": false,
  "dense_activation": -0.5000749866390816,
  "dilation_rate": 4.039056685430001,
  "dropout": 0.36434686644178166,
  "epochs": 100,
  "experiment": "cnn_multichannel_rna",
  "extra_channel": true,
  "fc1": 204.75369425695024,
  "fc2": 228.9703367724041,
  "kernel_size": 0,
  "l1": 0.0009626547178694158,
  "l2": 0.00035179175335625423,
  "lr": 0.0009578229670014606,
  "min_score": 0.15,
  "nblocks": 3.0927834022532723,
  "net": "cnn",
  "timeout": 10800,
  "train_verbose": true,
  "working_dir": "/home/dasolma/papers/fer-rna/src"
}