{
  "batch_normalization": 0.9557665411606981,
  "batch_size": 39.28635972660004,
  "block_size": 2.294595717353783,
  "conv_activation": 2.484032298288252,
  "debug": false,
  "dense_activation": 0.6699801505369174,
  "dilation_rate": 3.1897644830966305,
  "dropout": 0.4458510590017463,
  "epochs": 100,
  "extra_channel": true,
  "f1": 4.6209662845906845,
  "f2": 5.032882255847899,
  "f3": 5.151778726172504,
  "fc1": 137.25713465472776,
  "fc2": 100,
  "kernel_size": -0.456120600241807,
  "kernels": [
    [
      2,
      3
    ],
    [
      2,
      5
    ],
    [
      2,
      10
    ],
    [
      1,
      3
    ],
    [
      1,
      5
    ],
    [
      1,
      10
    ]
  ],
  "l1": 0.0009868236504280202,
  "l2": 0.0007178896309494578,
  "lr": 0.0009737538503011654,
  "min_score": 15,
  "msblocks": 0.10493975529862665,
  "nblocks": 3.078881509570027,
  "net": "mscnn",
  "timeout": 10800,
  "train_verbose": true,
  "window": 77.09513108427706,
  "working_dir": "/home/dasolma/papers/rul_stacked/src"
}