{
  "batch_normalization": 0.8164990417816453,
  "batch_size": 37.77670437484131,
  "block_size": 2.4975560768737193,
  "conv_activation": 1.5821161993057846,
  "debug": false,
  "dense_activation": 2.440572136472152,
  "dilation_rate": 4.381980496651625,
  "dropout": 0.12061078551824972,
  "epochs": 100,
  "extra_channel": true,
  "f1": 12.980468173044109,
  "f2": 13.57153570298074,
  "f3": 6.9228315421841,
  "fc1": 231.51768893084352,
  "fc2": 100,
  "kernel_size": 3.824474601040219,
  "kernels": [
    [
      2,
      3
    ],
    [
      2,
      5
    ],
    [
      2,
      10
    ],
    [
      1,
      3
    ],
    [
      1,
      5
    ],
    [
      1,
      10
    ]
  ],
  "l1": 0.0008029113537243357,
  "l2": 0.00018185999836607336,
  "lr": 0.0006082959891021463,
  "min_score": 15,
  "msblocks": -0.40448709715025377,
  "nblocks": 1.5453589154549336,
  "net": "mscnn",
  "timeout": 10800,
  "train_verbose": true,
  "window": 85.80903829545639,
  "working_dir": "/home/dasolma/papers/rul_stacked/src"
}