{
  "batch_normalization": 1.376888744882147,
  "batch_size": 39.50967893097807,
  "block_size": 2.935267676843468,
  "channels": 2.399024939098613,
  "conv_activation": 0.020977268157971407,
  "debug": false,
  "dense_activation": 1.8402900234109476,
  "dilation_rate": 5.646172452339411,
  "dropout": 0.6248376816884254,
  "epochs": 100,
  "experiment": "cnn_multichannel_rna",
  "extra_channel": true,
  "fc1": 147.2319992144413,
  "fc2": 243.84332817369307,
  "kernel_size": 0,
  "l1": 0.0004844630009320589,
  "l2": 0.0009396169268025017,
  "lr": 0.00046826390685092797,
  "min_score": 0.15,
  "nblocks": 2.674715114341322,
  "net": "cnn",
  "timeout": 10800,
  "train_verbose": true,
  "working_dir": "/home/dasolma/papers/fer-rna/src"
}