{
  "batch_normalization": -0.3183278641554167,
  "batch_size": 48.40686987335533,
  "block_size": 2.4135569960362395,
  "conv_activation": 1.510997945860604,
  "debug": false,
  "dense_activation": -0.06437818976471599,
  "dilation_rate": 3.2064639918506614,
  "dropout": 0.22100503297960197,
  "epochs": 100,
  "experiment": "rnn_cnn_l2",
  "extra_channel": true,
  "fc1": 238.25698031488045,
  "fc2": 212.02619093664498,
  "kernel_size": 0,
  "l1": 0.0004935420026837566,
  "l2": 9.626391833736825e-05,
  "lr": 0.0009084551998442941,
  "min_score": 15,
  "nblocks": 2.108424550262765,
  "net": "cnn",
  "timeout": 10800,
  "train_verbose": true,
  "working_dir": "/home/dasolma/papers/fer-rna/src"
}