{
  "batch_normalization": -0.5,
  "batch_size": 52.395268603450006,
  "block_size": 1.9619381204627693,
  "channels": 2.126524996796879,
  "conv_activation": 0.876176618346071,
  "debug": false,
  "dense_activation": 1.0859099369622085,
  "dilation_rate": 6.899363683808524,
  "dropout": 0.5918380674462408,
  "epochs": 100,
  "experiment": "cnn_multichannel_rna",
  "extra_channel": true,
  "fc1": 196.73969045952555,
  "fc2": 137.4930197578129,
  "kernel_size": 0,
  "l1": 0.0008225196114423617,
  "l2": 0.0009131479761453308,
  "lr": 0.0005736631538452564,
  "min_score": 0.15,
  "nblocks": 2.237151300663576,
  "net": "cnn",
  "timeout": 10800,
  "train_verbose": true,
  "working_dir": "/home/dasolma/papers/fer-rna/src"
}