{
  "batch_normalization": -0.1553282788790698,
  "batch_size": 45.883252775615134,
  "block_size": 2.2990393741067994,
  "conv_activation": 1.3375502941566493,
  "debug": false,
  "dense_activation": 1.3952809526029315,
  "dilation_rate": 0.9621340175250044,
  "dropout": 0.3371513531638241,
  "epochs": 100,
  "extra_channel": true,
  "f1": 10.633661705970788,
  "f2": 9.040708636369539,
  "f3": 13.627238138624424,
  "fc1": 190.46917727083743,
  "fc2": 100,
  "kernel_size": 0.4676065624885781,
  "kernels": [
    [
      2,
      3
    ],
    [
      2,
      5
    ],
    [
      2,
      10
    ],
    [
      1,
      3
    ],
    [
      1,
      5
    ],
    [
      1,
      10
    ]
  ],
  "l1": 7.056874740042984e-05,
  "l2": 0.0006424192782063156,
  "lr": 3.6246197436205593e-05,
  "min_score": 15,
  "msblocks": 1.8372445692811188,
  "nblocks": 3.371655878021416,
  "net": "mscnn",
  "timeout": 10800,
  "train_verbose": true,
  "window": 321.81243168839376,
  "working_dir": "/home/dasolma/papers/rul_stacked/src"
}