{
  "batch_normalization": 0.06683258381116053,
  "batch_size": 33.18038231534505,
  "block_size": 2.7169373812801956,
  "conv_activation": 0.9980370696865843,
  "debug": false,
  "dense_activation": -0.35556374625003195,
  "dilation_rate": 3.2908917130813826,
  "dropout": 0.8174392973699883,
  "epochs": 100,
  "experiment": "mscnn_l2",
  "extra_channel": true,
  "f1": 5.619513340857302,
  "f2": 4.390735439744075,
  "f3": 8.863096828402767,
  "fc1": 253.24488718923533,
  "fc2": 110.47461213020807,
  "kernel_size": 0,
  "kernels": [
    [
      3,
      3
    ]
  ],
  "l1": 0.0006721355474058786,
  "l2": 0.0007616196153287176,
  "lr": 0.00024526116855247567,
  "min_score": 15,
  "msblocks": 2.40558323096132,
  "nblocks": 2.2382106027841213,
  "net": "mscnn",
  "timeout": 10800,
  "train_verbose": true,
  "window": 347.2730121059236,
  "working_dir": "/home/dasolma/papers/rul_stacked/src"
}