{
  "attention": 0.32491414802927276,
  "batch_normalization": -0.00450203507336,
  "batch_size": 62.048301620403834,
  "bidirectional": 0.845860348571899,
  "cell_type": 0.7975353375655687,
  "debug": false,
  "dense_activation": 0.6380496402751221,
  "dropout": 0.4486926203752477,
  "epochs": 100,
  "extra_channel": false,
  "fc1": 249.49578500900233,
  "fc2": 100,
  "kernels": [
    [
      2,
      3
    ],
    [
      2,
      5
    ],
    [
      2,
      10
    ],
    [
      1,
      3
    ],
    [
      1,
      5
    ],
    [
      1,
      10
    ]
  ],
  "l1": 0.0009610944848882262,
  "l2": 0.0004525168691198289,
  "lr": 0.0007437721520378842,
  "lstm_units": 123.9904232087225,
  "min_score": 15,
  "nblocks": 3.988700874553558,
  "net": "rnn",
  "timeout": 10800,
  "train_verbose": true,
  "window": 155.80847798431722,
  "working_dir": "/home/dasolma/papers/rul_stacked/src"
}