{
  "batch_normalization": 0.04522446868297214,
  "batch_size": 32.93711868171721,
  "block_size": 2.1802998699132816,
  "conv_activation": 1.4471604532264235,
  "debug": false,
  "dense_activation": 0.5798095604666613,
  "dilation_rate": 8.68166713114148,
  "dropout": 0.5082009453060186,
  "epochs": 100,
  "experiment": "cnn_l2",
  "extra_channel": true,
  "fc1": 66.45432739888773,
  "fc2": 67.07484157453285,
  "kernel_size": 0,
  "l1": 0.0003467183314510394,
  "l2": 0.0004681746350488091,
  "lr": 9.882430148348763e-05,
  "min_score": 15,
  "nblocks": 2.1467325874899092,
  "net": "cnn",
  "timeout": 10800,
  "train_verbose": true,
  "working_dir": "/home/dasolma/papers/rul_stacked/src"
}