{
  "batch_normalization": 0.3588364191719302,
  "batch_size": 56.39144271007993,
  "block_size": 2.586249824554939,
  "channels": 3.0643837546436385,
  "conv_activation": 2.134433872460985,
  "debug": false,
  "dense_activation": -0.08986917897886237,
  "dilation_rate": 6.343899032129314,
  "dropout": 0.6457244216615067,
  "epochs": 100,
  "experiment": "cnn_multichannel_rna",
  "extra_channel": true,
  "fc1": 186.93226627372806,
  "fc2": 223.0858319205339,
  "kernel_size": 0,
  "l1": 7.332182238766027e-05,
  "l2": 0.0006024230291453151,
  "lr": 0.00012873133972693269,
  "min_score": 0.15,
  "nblocks": 2.8686817578534054,
  "net": "cnn",
  "timeout": 10800,
  "train_verbose": true,
  "working_dir": "/home/dasolma/papers/fer-rna/src"
}