{
  "batch_normalization": -0.1549497488018337,
  "batch_size": 33.300437011102844,
  "block_size": 3.4286020538808026,
  "conv_activation": 0.055709620855297404,
  "debug": false,
  "dense_activation": 0.11352508406627204,
  "dilation_rate": 0.8346004148545512,
  "dropout": 0.11302401755976768,
  "epochs": 100,
  "experiment": "cnn_l2",
  "extra_channel": true,
  "fc1": 68.19255505656673,
  "fc2": 68.82609729013298,
  "kernel_size": 0,
  "l1": 0.0005169004699674641,
  "l2": 0.0007239529049880875,
  "lr": 0.0004158063684313056,
  "min_score": 15,
  "nblocks": 1.9188173138955158,
  "net": "cnn",
  "timeout": 10800,
  "train_verbose": true,
  "working_dir": "/home/dasolma/papers/rul_stacked/src"
}