{
  "batch_normalization": 0.33064789626607016,
  "batch_size": 39.10744993506337,
  "block_size": 1.747333427320692,
  "conv_activation": 0.5028455142108839,
  "debug": false,
  "dense_activation": 2.3187291117375572,
  "dilation_rate": 3.735565261567137,
  "dropout": 0.4669115595690295,
  "epochs": 100,
  "experiment": "cnn_l2",
  "extra_channel": true,
  "fc1": 198.97964010787416,
  "fc2": 133.81688365682444,
  "kernel_size": 0,
  "l1": 0.0009717820827209606,
  "l2": 0.0009624472949421113,
  "lr": 0.00025926447286711053,
  "min_score": 15,
  "nblocks": 2.4945520416669233,
  "net": "cnn",
  "timeout": 10800,
  "train_verbose": true,
  "working_dir": "/home/dasolma/papers/rul_stacked/src"
}