{
  "attention": 0.5498038975197632,
  "batch_normalization": 0.7513905421387164,
  "batch_size": 53.26070507238996,
  "bidirectional": -0.2707610608449402,
  "cell_type": 0.6183167718437146,
  "debug": false,
  "dense_activation": -0.4485805151627924,
  "dropout": 0.8736234661291564,
  "epochs": 100,
  "extra_channel": false,
  "fc1": 249.31208236967163,
  "fc2": 100,
  "kernels": [
    [
      2,
      3
    ],
    [
      2,
      5
    ],
    [
      2,
      10
    ],
    [
      1,
      3
    ],
    [
      1,
      5
    ],
    [
      1,
      10
    ]
  ],
  "l1": 0.0004663740248741982,
  "l2": 0.00029087110502107273,
  "lr": 0.0006367471111210795,
  "lstm_units": 78.27812372111657,
  "min_score": 15,
  "nblocks": 3.2631667825101522,
  "net": "rnn",
  "timeout": 10800,
  "train_verbose": true,
  "window": 146.5402518711198,
  "working_dir": "/home/dasolma/papers/rul_stacked/src"
}