{
  "batch_normalization": 0.5274376931193787,
  "batch_size": 42.33460713411987,
  "block_size": 3.0844686656420333,
  "conv_activation": 0.30249675378622265,
  "debug": false,
  "dense_activation": 0.8069142621169083,
  "dilation_rate": 1.2929946857958143,
  "dropout": 0.02281566907391176,
  "epochs": 100,
  "extra_channel": true,
  "f1": 15.005176422519467,
  "f2": 13.361021964248431,
  "f3": 11.5437451950962,
  "fc1": 142.51896532753983,
  "fc2": 100,
  "kernel_size": 0.5297659204250746,
  "kernels": [
    [
      2,
      3
    ],
    [
      2,
      5
    ],
    [
      2,
      10
    ],
    [
      1,
      3
    ],
    [
      1,
      5
    ],
    [
      1,
      10
    ]
  ],
  "l1": 0.00015643704267108606,
  "l2": 0.00025024289816459534,
  "lr": 0.0005537343980590593,
  "min_score": 15,
  "msblocks": 2.351237731573249,
  "nblocks": 2.817190805901108,
  "net": "mscnn",
  "timeout": 10800,
  "train_verbose": true,
  "window": 189.41038583178238,
  "working_dir": "/home/dasolma/papers/rul_stacked/src"
}