{
  "attention": 0.8718754762049319,
  "batch_normalization": 0.26960333913806944,
  "batch_size": 61.9753596395755,
  "bidirectional": -0.2349581117080135,
  "cell_type": 0.172132702100517,
  "debug": false,
  "dense_activation": -0.1695794362782328,
  "dropout": 0.8322242564507065,
  "epochs": 100,
  "experiment": "cnn_rnn_rna",
  "extra_channel": false,
  "fc1": 232.44915584914835,
  "fc2": 113.52479252130988,
  "l1": 0.000659984046034179,
  "l2": 0.0008172222002012159,
  "lr": 0.0005596488034834677,
  "lstm_units": 75.32086477587274,
  "min_score": 0.15,
  "nblocks": 2.2307198268833464,
  "net": "rnn",
  "num_embeddings": 118.62055356117985,
  "timeout": 10800,
  "train_verbose": true,
  "window": 458.8863031813307,
  "working_dir": "/home/dasolma/papers/fer-rna/src"
}