{
  "batch_normalization": -0.4154138819089329,
  "batch_size": 32.519264105974024,
  "block_size": 3.451132905790106,
  "conv_activation": 0.05375993705254167,
  "debug": false,
  "dense_activation": -0.39311085562266634,
  "dilation_rate": 10.256574296242418,
  "dropout": 0.617466476610388,
  "epochs": 100,
  "experiment": "cnn_l2",
  "extra_channel": true,
  "fc1": 253.33716179314644,
  "fc2": 251.43081496936844,
  "kernel_size": 0,
  "l1": 0.0004373611233921992,
  "l2": 0.0006167587933030123,
  "lr": 0.0005186558489350501,
  "min_score": 15,
  "nblocks": 2.732935997005816,
  "net": "cnn",
  "timeout": 10800,
  "train_verbose": true,
  "working_dir": "/home/dasolma/papers/rul_stacked/src"
}