{
  "batch_normalization": -0.30654248917381943,
  "batch_size": 62.04803939882895,
  "block_size": 3.0381923049134887,
  "conv_activation": 0.21858584192107744,
  "debug": false,
  "dense_activation": 1.3940700847998277,
  "dilation_rate": 5.756106486645213,
  "dropout": 0.379877882717274,
  "epochs": 100,
  "extra_channel": true,
  "f1": 2.7493637568265004,
  "f2": 12.369769283479723,
  "f3": 10.310423409125768,
  "fc1": 123.52338275104279,
  "fc2": 100,
  "kernel_size": 2.953947484759876,
  "kernels": [
    [
      2,
      3
    ],
    [
      2,
      5
    ],
    [
      2,
      10
    ],
    [
      1,
      3
    ],
    [
      1,
      5
    ],
    [
      1,
      10
    ]
  ],
  "l1": 0.0003633789368907403,
  "l2": 0.0009312465025566805,
  "lr": 0.0006763176245783905,
  "min_score": 15,
  "msblocks": 3.0814524551180487,
  "nblocks": 1.9708919860888574,
  "net": "mscnn",
  "timeout": 10800,
  "train_verbose": true,
  "window": 344.1654040532367,
  "working_dir": "/home/dasolma/papers/rul_stacked/src"
}