{
  "batch_normalization": 0.2744666480801752,
  "batch_size": 52.73807684363831,
  "block_size": 2.433744241446665,
  "conv_activation": -0.027097898273675924,
  "debug": false,
  "dense_activation": -0.43748031934483345,
  "dilation_rate": 3.970310840879087,
  "dropout": 0.8053562229672107,
  "epochs": 100,
  "extra_channel": true,
  "f1": 11.562870394683028,
  "f2": 2.5614681644718007,
  "f3": 4.26949055702068,
  "fc1": 107.94203378865322,
  "fc2": 100,
  "kernel_size": 0.41342238774948314,
  "kernels": [
    [
      2,
      3
    ],
    [
      2,
      5
    ],
    [
      2,
      10
    ],
    [
      1,
      3
    ],
    [
      1,
      5
    ],
    [
      1,
      10
    ]
  ],
  "l1": 0.0009647157691756302,
  "l2": 3.378464002688486e-06,
  "lr": 0.000505425845328284,
  "min_score": 15,
  "msblocks": 2.9855712050026084,
  "nblocks": 2.872325689351055,
  "net": "mscnn",
  "timeout": 10800,
  "train_verbose": true,
  "window": 248.18166706054964,
  "working_dir": "/home/dasolma/papers/rul_stacked/src"
}