{
  "batch_normalization": 0.4788846454650524,
  "batch_size": 41.00809043768188,
  "block_size": 3.0230798717837826,
  "channels": 3.243325190323491,
  "conv_activation": 1.1811038171517303,
  "debug": false,
  "dense_activation": 0.888823074880766,
  "dilation_rate": 5.591606925832491,
  "dropout": 0.6090809216680202,
  "epochs": 100,
  "experiment": "cnn_multichannel_rna",
  "extra_channel": true,
  "fc1": 74.08228888255013,
  "fc2": 118.3067161278878,
  "kernel_size": 0,
  "l1": 0.0002021575853763704,
  "l2": 0.0009791197044154863,
  "lr": 0.00018190442219838453,
  "min_score": 0.15,
  "nblocks": 2.033877186392427,
  "net": "cnn",
  "timeout": 10800,
  "train_verbose": true,
  "working_dir": "/home/dasolma/papers/fer-rna/src"
}