{
  "attention": -0.45916174651180963,
  "batch_normalization": -0.2852960602833241,
  "batch_size": 33.00573394197549,
  "bidirectional": 0.7628208225275608,
  "cell_type": 0.11871196215265334,
  "debug": false,
  "dense_activation": 1.0157120734941083,
  "dropout": 0.8168098265334838,
  "epochs": 100,
  "extra_channel": false,
  "fc1": 111.86410799658398,
  "fc2": 100,
  "kernels": [
    [
      2,
      3
    ],
    [
      2,
      5
    ],
    [
      2,
      10
    ],
    [
      1,
      3
    ],
    [
      1,
      5
    ],
    [
      1,
      10
    ]
  ],
  "l1": 0.00041038292303562974,
  "l2": 0.0007555511385430487,
  "lr": 0.00023651018383670624,
  "lstm_units": 24.621749900824817,
  "min_score": 15,
  "nblocks": 2.373459329683029,
  "net": "rnn",
  "timeout": 10800,
  "train_verbose": true,
  "window": 164.48851490160177,
  "working_dir": "/home/dasolma/papers/rul_stacked/src"
}