{
  "batch_normalization": 1.2167052996115213,
  "batch_size": 58.83677450390432,
  "block_size": 3.0258713840499967,
  "channels": 2.0144946455170807,
  "conv_activation": 1.5464367557882606,
  "debug": false,
  "dense_activation": -0.21230341199645453,
  "dilation_rate": 9.91711987210459,
  "dropout": 0.8240748312221571,
  "epochs": 100,
  "experiment": "cnn_multichannel_rna",
  "extra_channel": true,
  "fc1": 228.2425753033893,
  "fc2": 233.1228842632722,
  "kernel_size": 0,
  "l1": 0.0005313107318183548,
  "l2": 0.00046866038367930976,
  "lr": 0.0001686950493566477,
  "min_score": 0.15,
  "nblocks": 2.818206854647095,
  "net": "cnn",
  "timeout": 10800,
  "train_verbose": true,
  "working_dir": "/home/dasolma/papers/fer-rna/src"
}