{
  "attention": 1.4138667607038746,
  "batch_normalization": 1.4663733317408871,
  "batch_size": 55.90513857759068,
  "bidirectional": -0.32090991597809104,
  "cell_type": 0.5207952501491842,
  "debug": false,
  "dense_activation": 0.6497871560817712,
  "dropout": 0.7935257335134529,
  "epochs": 100,
  "extra_channel": false,
  "fc1": 224.17566734961306,
  "fc2": 100,
  "kernels": [
    [
      2,
      3
    ],
    [
      2,
      5
    ],
    [
      2,
      10
    ],
    [
      1,
      3
    ],
    [
      1,
      5
    ],
    [
      1,
      10
    ]
  ],
  "l1": 0.00013760269330511564,
  "l2": 0.0004920284824534763,
  "lr": 0.0003503336063082827,
  "lstm_units": 120.28062979707781,
  "min_score": 15,
  "nblocks": 4.467829779461648,
  "net": "rnn",
  "timeout": 10800,
  "train_verbose": true,
  "window": 165.99316586002357,
  "working_dir": "/home/dasolma/papers/rul_stacked/src"
}