{
  "batch_normalization": -0.13335787657223525,
  "batch_size": 57.17268622811407,
  "block_size": 2.7836336196574836,
  "conv_activation": -0.001125866354662608,
  "debug": false,
  "dense_activation": -0.364632831456702,
  "dilation_rate": 0.7881466968365998,
  "dropout": 0.018532917385474492,
  "epochs": 100,
  "extra_channel": true,
  "f1": 7.377546268040341,
  "f2": 10.399682834687132,
  "f3": 12.235906744565757,
  "fc1": 99.99133149760824,
  "fc2": 100,
  "kernel_size": 0.02759263727604022,
  "kernels": [
    [
      2,
      3
    ],
    [
      2,
      5
    ],
    [
      2,
      10
    ],
    [
      1,
      3
    ],
    [
      1,
      5
    ],
    [
      1,
      10
    ]
  ],
  "l1": 0.0009492602477922634,
  "l2": 0.00029976363871241253,
  "lr": 0.00038581944444185563,
  "min_score": 15,
  "msblocks": 3.333032190561157,
  "nblocks": 3.041608462865292,
  "net": "mscnn",
  "timeout": 10800,
  "train_verbose": true,
  "window": 102.30980786591738,
  "working_dir": "/home/dasolma/papers/rul_stacked/src"
}