{
  "attention": 1.0767773240424774,
  "batch_normalization": 1.0804929535348349,
  "batch_size": 42.553291046897954,
  "bidirectional": 0.9519262749636606,
  "cell_type": 0.6259376530944736,
  "debug": false,
  "dense_activation": 0.2756404175117998,
  "dropout": 0.7830631949627473,
  "epochs": 100,
  "extra_channel": false,
  "fc1": 231.41737852434142,
  "fc2": 100,
  "kernels": [
    [
      2,
      3
    ],
    [
      2,
      5
    ],
    [
      2,
      10
    ],
    [
      1,
      3
    ],
    [
      1,
      5
    ],
    [
      1,
      10
    ]
  ],
  "l1": 0.00017623746136768105,
  "l2": 0.0005744117465463774,
  "lr": 0.00085014087904071,
  "lstm_units": 84.69248276532916,
  "min_score": 15,
  "nblocks": 3.9454750092888844,
  "net": "rnn",
  "timeout": 10800,
  "train_verbose": true,
  "window": 156.52518827072143,
  "working_dir": "/home/dasolma/papers/rul_stacked/src"
}