{
  "batch_normalization": -0.423228117927491,
  "batch_size": 63.682365468278704,
  "block_size": 2.918607483593961,
  "conv_activation": 1.3001088193979673,
  "debug": false,
  "dense_activation": 2.022588821481559,
  "dilation_rate": 1.2973692992883574,
  "dropout": 0.8060714802395662,
  "epochs": 100,
  "experiment": "cnn_l2",
  "extra_channel": true,
  "fc1": 69.69281437838376,
  "fc2": 247.12599099473044,
  "kernel_size": 0,
  "l1": 0.000409077860071289,
  "l2": 0.00040280555629436767,
  "lr": 0.0008126613668140343,
  "min_score": 15,
  "nblocks": 2.8053221836809623,
  "net": "cnn",
  "timeout": 10800,
  "train_verbose": true,
  "working_dir": "/home/dasolma/papers/rul_stacked/src"
}