{
  "batch_normalization": 1.1607489063780003,
  "batch_size": 32.243597107057575,
  "block_size": 2.9105065485987627,
  "conv_activation": 0.6922479582371897,
  "debug": false,
  "dense_activation": -0.13050499658704662,
  "dilation_rate": 6.464833727540112,
  "dropout": 0.592119672054605,
  "epochs": 100,
  "extra_channel": true,
  "f1": 9.180199407972264,
  "f2": 8.76511080665121,
  "f3": 8.539691334416565,
  "fc1": 81.42088825355296,
  "fc2": 100,
  "kernel_size": 4.605443400227536,
  "kernels": [
    [
      2,
      3
    ],
    [
      2,
      5
    ],
    [
      2,
      10
    ],
    [
      1,
      3
    ],
    [
      1,
      5
    ],
    [
      1,
      10
    ]
  ],
  "l1": 0.00045984989918903787,
  "l2": 6.298672168679398e-05,
  "lr": 0.000678154419143691,
  "min_score": 15,
  "msblocks": 3.1833775461973195,
  "nblocks": 3.1605335398193946,
  "net": "mscnn",
  "timeout": 10800,
  "train_verbose": true,
  "window": 466.336522595108,
  "working_dir": "/home/dasolma/papers/rul_stacked/src"
}