{
  "batch_normalization": 0.6789049920354646,
  "batch_size": 33.48641320703993,
  "block_size": 2.712938806764848,
  "channels": 1.8476377649008373,
  "conv_activation": -0.31484522104416146,
  "debug": false,
  "dense_activation": 2.3366566117599996,
  "dilation_rate": 10.147007690084102,
  "dropout": 0.727557613304815,
  "epochs": 100,
  "experiment": "cnn_multichannel_rna",
  "extra_channel": true,
  "fc1": 122.48584368128718,
  "fc2": 82.7530458892257,
  "kernel_size": 0,
  "l1": 0.0006842330265121569,
  "l2": 0.0004401524937396013,
  "lr": 0.00013081785249633105,
  "min_score": 0.15,
  "nblocks": 2.490450282020315,
  "net": "cnn",
  "timeout": 10800,
  "train_verbose": true,
  "working_dir": "/home/dasolma/papers/fer-rna/src"
}