{
  "batch_normalization": 0.44584970359045173,
  "batch_size": 63.660232437150306,
  "block_size": 2.685457377394373,
  "conv_activation": 0.43510327068019583,
  "debug": false,
  "dense_activation": 0.7730516627177442,
  "dilation_rate": 0.53938899780443,
  "dropout": 0.5852162926013632,
  "epochs": 100,
  "experiment": "cnn_l2",
  "extra_channel": true,
  "fc1": 64.87504584612569,
  "fc2": 68.88432866953445,
  "kernel_size": 0,
  "l1": 0.0007335054468671075,
  "l2": 0.0009714241214485376,
  "lr": 0.0007565369114878306,
  "min_score": 15,
  "nblocks": 2.611034387905402,
  "net": "cnn",
  "timeout": 10800,
  "train_verbose": true,
  "working_dir": "/home/dasolma/papers/rul_stacked/src"
}