{
  "batch_normalization": 1.384014850341867,
  "batch_size": 35.759966493521944,
  "block_size": 2.7233774119915837,
  "conv_activation": -0.06917193005167088,
  "debug": false,
  "dense_activation": 0.1961399584071596,
  "dilation_rate": 8.813217966840678,
  "dropout": 0.8637287327636891,
  "epochs": 100,
  "experiment": "cnn_l2",
  "extra_channel": true,
  "fc1": 180.499174370263,
  "fc2": 91.32524907411394,
  "kernel_size": 0,
  "l1": 0.00099551207848003,
  "l2": 0.0004943012135757725,
  "lr": 0.0007464416570756161,
  "min_score": 15,
  "nblocks": 3.3352976163935377,
  "net": "cnn",
  "timeout": 10800,
  "train_verbose": true,
  "working_dir": "/home/dasolma/papers/rul_stacked/src"
}