{
  "batch_normalization": 0.7699246661840993,
  "batch_size": 48.42679940152868,
  "block_size": 1.9197988376531296,
  "conv_activation": 1.302870531823199,
  "debug": false,
  "dense_activation": 2.1335068917632967,
  "dilation_rate": 4.3730375420585705,
  "dropout": 0.43362698998574906,
  "epochs": 100,
  "extra_channel": true,
  "f1": 8.526261102483573,
  "f2": 5.271798280395956,
  "f3": 8.262054132529677,
  "fc1": 107.78754713667769,
  "fc2": 100,
  "kernel_size": 3.265794819355433,
  "kernels": [
    [
      2,
      3
    ],
    [
      2,
      5
    ],
    [
      2,
      10
    ],
    [
      1,
      3
    ],
    [
      1,
      5
    ],
    [
      1,
      10
    ]
  ],
  "l1": 0.0004183565882544598,
  "l2": 0.00037901662312939143,
  "lr": 0.00029088063531376355,
  "min_score": 15,
  "msblocks": 2.6890868208278715,
  "nblocks": 1.6849849643206936,
  "net": "mscnn",
  "timeout": 10800,
  "train_verbose": true,
  "window": 376.49061907194914,
  "working_dir": "/home/dasolma/papers/rul_stacked/src"
}