{
  "attention": 1.3408684207676114,
  "batch_normalization": 0.23412736969952253,
  "batch_size": 54.13552722456163,
  "bidirectional": 1.3802449018024865,
  "cell_type": 1.0418513635759037,
  "debug": false,
  "dense_activation": 0.5357441131166876,
  "dropout": 0.5717203837808602,
  "epochs": 100,
  "extra_channel": false,
  "fc1": 228.73548524130464,
  "fc2": 100,
  "kernels": [
    [
      2,
      3
    ],
    [
      2,
      5
    ],
    [
      2,
      10
    ],
    [
      1,
      3
    ],
    [
      1,
      5
    ],
    [
      1,
      10
    ]
  ],
  "l1": 0.0006185908948521678,
  "l2": 0.0003477211153698581,
  "lr": 0.0007900101842598372,
  "lstm_units": 121.78094492473333,
  "min_score": 15,
  "nblocks": 1.8845969139609318,
  "net": "rnn",
  "timeout": 10800,
  "train_verbose": true,
  "window": 188.66750034249984,
  "working_dir": "/home/dasolma/papers/rul_stacked/src"
}