{
  "batch_normalization": 0.15124569962422219,
  "batch_size": 36.17946785148968,
  "block_size": 1.8590612645976798,
  "conv_activation": 0.44972343039393425,
  "debug": false,
  "dense_activation": 1.3653651765394041,
  "dilation_rate": 4.344077510325507,
  "dropout": 0.8623730560652736,
  "epochs": 100,
  "extra_channel": true,
  "f1": 3.8401783851098914,
  "f2": 13.148451228564058,
  "f3": 15.148817622790029,
  "fc1": 133.4356654787017,
  "fc2": 100,
  "kernel_size": 1.0947297376746066,
  "kernels": [
    [
      2,
      3
    ],
    [
      2,
      5
    ],
    [
      2,
      10
    ],
    [
      1,
      3
    ],
    [
      1,
      5
    ],
    [
      1,
      10
    ]
  ],
  "l1": 0.00017738645299433543,
  "l2": 0.0004938525097758595,
  "lr": 0.0007545619000568858,
  "min_score": 15,
  "msblocks": 3.2973178171633313,
  "nblocks": 2.102079408902321,
  "net": "mscnn",
  "timeout": 10800,
  "train_verbose": true,
  "window": 226.1272909456572,
  "working_dir": "/home/dasolma/papers/rul_stacked/src"
}