{
  "batch_normalization": 1.4098668010126663,
  "batch_size": 42.75569783736069,
  "block_size": 2.596051916283095,
  "conv_activation": -0.0007247026779843013,
  "debug": false,
  "dense_activation": 2.4129074787058444,
  "dilation_rate": 0.6241076875844218,
  "dropout": 0.6488382182083676,
  "epochs": 100,
  "extra_channel": true,
  "f1": 13.81394522644352,
  "f2": 5.717438725797042,
  "f3": 8.734203278162624,
  "fc1": 77.20729229023574,
  "fc2": 100,
  "kernel_size": 3.754393564569753,
  "kernels": [
    [
      2,
      3
    ],
    [
      2,
      5
    ],
    [
      2,
      10
    ],
    [
      1,
      3
    ],
    [
      1,
      5
    ],
    [
      1,
      10
    ]
  ],
  "l1": 0.0005211375085601243,
  "l2": 0.0009969888320339626,
  "lr": 9.828624591935004e-05,
  "min_score": 15,
  "msblocks": 0.0955189335863299,
  "nblocks": 1.9033420134532497,
  "net": "mscnn",
  "timeout": 10800,
  "train_verbose": true,
  "window": 123.54400475578109,
  "working_dir": "/home/dasolma/papers/rul_stacked/src"
}