{
  "batch_normalization": 0.2247707023520017,
  "batch_size": 50.451624517159104,
  "block_size": 2.2039654582592343,
  "channels": 1.597440852194753,
  "conv_activation": 1.743924024410236,
  "debug": false,
  "dense_activation": 0.6476600255782714,
  "dilation_rate": 8.190752551750924,
  "dropout": 0.5112499367264276,
  "epochs": 100,
  "experiment": "cnn_multichannel_rna",
  "extra_channel": true,
  "fc1": 197.07470485662367,
  "fc2": 138.1276469912218,
  "kernel_size": 0,
  "l1": 0.0005237348737901144,
  "l2": 0.0002432136150130536,
  "lr": 0.0009103582825396601,
  "min_score": 0.15,
  "nblocks": 3.3513564300442953,
  "net": "cnn",
  "timeout": 10800,
  "train_verbose": true,
  "working_dir": "/home/dasolma/papers/fer-rna/src"
}