{
  "batch_normalization": 0.7255804414265921,
  "batch_size": 46.56848547813693,
  "block_size": 1.7641542321109869,
  "conv_activation": 1.0904440338232135,
  "debug": false,
  "dense_activation": 1.8636028020213147,
  "dilation_rate": 7.176791752251132,
  "dropout": 0.028589786721443532,
  "epochs": 100,
  "extra_channel": true,
  "f1": 6.338673582880743,
  "f2": 6.943998624325112,
  "f3": 14.795088656897638,
  "fc1": 90.29202867706013,
  "fc2": 100,
  "kernel_size": 2.7840942558667665,
  "kernels": [
    [
      2,
      3
    ],
    [
      2,
      5
    ],
    [
      2,
      10
    ],
    [
      1,
      3
    ],
    [
      1,
      5
    ],
    [
      1,
      10
    ]
  ],
  "l1": 0.0007196418918820622,
  "l2": 0.0008166604871059938,
  "lr": 0.000844771461584659,
  "min_score": 15,
  "msblocks": 0.16623833852793524,
  "nblocks": 2.58903955545561,
  "net": "mscnn",
  "timeout": 10800,
  "train_verbose": true,
  "window": 434.8413059237024,
  "working_dir": "/home/dasolma/papers/rul_stacked/src"
}