{
  "batch_normalization": 0.5632638679241502,
  "batch_size": 32.90093040595504,
  "block_size": 1.9484315012123714,
  "conv_activation": 1.418179390912875,
  "debug": false,
  "dense_activation": 1.827897434799773,
  "dilation_rate": 8.338275484106012,
  "dropout": 0.8255433404649443,
  "epochs": 100,
  "experiment": "cnn_l2",
  "extra_channel": true,
  "fc1": 68.235265551026,
  "fc2": 68.41656166849543,
  "kernel_size": 0,
  "l1": 0.0009986920318532275,
  "l2": 0.0008202408302523983,
  "lr": 0.0008162387020456763,
  "min_score": 15,
  "nblocks": 3.135279623839706,
  "net": "cnn",
  "timeout": 10800,
  "train_verbose": true,
  "working_dir": "/home/dasolma/papers/rul_stacked/src"
}