{
  "batch_normalization": 1.4552570584815636,
  "batch_size": 60.69082707526785,
  "block_size": 3.2561090513037443,
  "conv_activation": 2.4054998205536613,
  "debug": false,
  "dense_activation": 0.42383087677307774,
  "dilation_rate": 5.574457321957754,
  "dropout": 0.47701446232590267,
  "epochs": 100,
  "experiment": "rnn_cnn_l2",
  "extra_channel": true,
  "fc1": 158.06858151323522,
  "fc2": 249.58621407705425,
  "kernel_size": 0,
  "l1": 0.00045199939571573033,
  "l2": 0.0003360343444849717,
  "lr": 0.0007051766312917671,
  "min_score": 15,
  "nblocks": 2.5103997297903473,
  "net": "cnn",
  "timeout": 10800,
  "train_verbose": true,
  "working_dir": "/home/dasolma/papers/fer-rna/src"
}