{
  "batch_normalization": 1.110628699402242,
  "batch_size": 57.923628629733784,
  "block_size": 3.2268031907886057,
  "conv_activation": 2.2297216576694137,
  "debug": false,
  "dense_activation": 1.0240271965828134,
  "dilation_rate": 5.515132620978252,
  "dropout": 0.7184656610700977,
  "epochs": 100,
  "extra_channel": true,
  "f1": 10.946531821495391,
  "f2": 11.62153006680499,
  "f3": 12.839388849280592,
  "fc1": 234.88102562897274,
  "fc2": 100,
  "kernel_size": 1.5179709411092148,
  "kernels": [
    [
      2,
      3
    ],
    [
      2,
      5
    ],
    [
      2,
      10
    ],
    [
      1,
      3
    ],
    [
      1,
      5
    ],
    [
      1,
      10
    ]
  ],
  "l1": 0.00037558295263994404,
  "l2": 9.3981939840869e-05,
  "lr": 0.0005824973395862123,
  "min_score": 15,
  "msblocks": -0.35659032755099906,
  "nblocks": 2.4318840759022713,
  "net": "mscnn",
  "timeout": 10800,
  "train_verbose": true,
  "window": 307.10479634899434,
  "working_dir": "/home/dasolma/papers/rul_stacked/src"
}