{
  "batch_normalization": 0.9820589158876925,
  "batch_size": 62.15472589076991,
  "block_size": 2.770243565944548,
  "conv_activation": 1.3700619440465382,
  "debug": false,
  "dense_activation": 1.2252550420375596,
  "dilation_rate": 5.670638928435179,
  "dropout": 0.6933112993388706,
  "epochs": 100,
  "extra_channel": true,
  "f1": 15.422983981786043,
  "f2": 10.324014484643051,
  "f3": 9.144322717084039,
  "fc1": 102.8298352568365,
  "fc2": 100,
  "kernel_size": 3.2463121916725486,
  "kernels": [
    [
      2,
      3
    ],
    [
      2,
      5
    ],
    [
      2,
      10
    ],
    [
      1,
      3
    ],
    [
      1,
      5
    ],
    [
      1,
      10
    ]
  ],
  "l1": 0.0005354860941556276,
  "l2": 0.0001604729939673001,
  "lr": 0.0004782097645749647,
  "min_score": 15,
  "msblocks": 2.6749365001476697,
  "nblocks": 2.3729285373278803,
  "net": "mscnn",
  "timeout": 10800,
  "train_verbose": true,
  "window": 109.82970685545004,
  "working_dir": "/home/dasolma/papers/rul_stacked/src"
}