{
  "attention": 0.4213722996793565,
  "batch_normalization": 0.44108133573233566,
  "batch_size": 62.2262276164912,
  "bidirectional": -0.503479642043374,
  "cell_type": 0.21098610482904356,
  "debug": false,
  "dense_activation": 1.0675288815673694,
  "dropout": 0.46780558949627815,
  "epochs": 100,
  "extra_channel": false,
  "fc1": 201.47158111961969,
  "fc2": 100,
  "kernels": [
    [
      2,
      3
    ],
    [
      2,
      5
    ],
    [
      2,
      10
    ],
    [
      1,
      3
    ],
    [
      1,
      5
    ],
    [
      1,
      10
    ]
  ],
  "l1": 0.00012545586559743537,
  "l2": 0.0007392974708223471,
  "lr": 0.0009707640844571848,
  "lstm_units": 112.77062991768153,
  "min_score": 15,
  "nblocks": 1.9861005843722408,
  "net": "rnn",
  "timeout": 10800,
  "train_verbose": true,
  "window": 141.28974049761771,
  "working_dir": "/home/dasolma/papers/rul_stacked/src"
}