{
  "attention": 0.7088288617223557,
  "batch_normalization": 0.769245876350799,
  "batch_size": 37.821199225968435,
  "bidirectional": 1.4418609940763862,
  "cell_type": -0.4724286975644978,
  "debug": false,
  "dense_activation": 1.3066653292289236,
  "dropout": 0.13996817139818765,
  "epochs": 100,
  "extra_channel": false,
  "fc1": 178.49045522825764,
  "fc2": 100,
  "kernels": [
    [
      2,
      3
    ],
    [
      2,
      5
    ],
    [
      2,
      10
    ],
    [
      1,
      3
    ],
    [
      1,
      5
    ],
    [
      1,
      10
    ]
  ],
  "l1": 0.0007196515740084637,
  "l2": 0.00011260349182550744,
  "lr": 0.0006015951876170668,
  "lstm_units": 85.18391676757876,
  "min_score": 15,
  "nblocks": 3.4579527487254382,
  "net": "rnn",
  "timeout": 10800,
  "train_verbose": true,
  "window": 304.68315936165374,
  "working_dir": "/home/dasolma/papers/rul_stacked/src"
}