{
  "batch_normalization": 1.0367670909003484,
  "batch_size": 38.35890180909352,
  "block_size": 1.5209337919047328,
  "channels": 3.1246136283405717,
  "conv_activation": 1.6105720315428511,
  "debug": false,
  "dense_activation": 1.6770215041229617,
  "dilation_rate": 8.20727805992574,
  "dropout": 0.06664018656068132,
  "epochs": 100,
  "experiment": "cnn_multichannel_rna",
  "extra_channel": true,
  "fc1": 132.82541988050033,
  "fc2": 86.2468594288249,
  "kernel_size": 0,
  "l1": 0.0008631034258755935,
  "l2": 0.0006232981268275579,
  "lr": 0.0003375890446041227,
  "min_score": 0.15,
  "nblocks": 1.635845533566327,
  "net": "cnn",
  "timeout": 10800,
  "train_verbose": true,
  "working_dir": "/home/dasolma/papers/fer-rna/src"
}