{
  "batch_normalization": 0.6898209578340595,
  "batch_size": 61.49997552073974,
  "block_size": 1.6852151540628006,
  "conv_activation": 0.07794858725743559,
  "debug": false,
  "dense_activation": -0.3743181332683858,
  "dilation_rate": 3.756796701017378,
  "dropout": 0.3498095607205338,
  "epochs": 100,
  "extra_channel": true,
  "f1": 6.032110432425169,
  "f2": 13.267012868792042,
  "f3": 7.140658180482789,
  "fc1": 117.9394258599771,
  "fc2": 100,
  "kernel_size": 2.746176498949491,
  "kernels": [
    [
      2,
      3
    ],
    [
      2,
      5
    ],
    [
      2,
      10
    ],
    [
      1,
      3
    ],
    [
      1,
      5
    ],
    [
      1,
      10
    ]
  ],
  "l1": 0.00014092422497476265,
  "l2": 0.0008021969807540396,
  "lr": 8.380513724297312e-05,
  "min_score": 15,
  "msblocks": 3.4376788770360642,
  "nblocks": 3.039044643207382,
  "net": "mscnn",
  "timeout": 10800,
  "train_verbose": true,
  "window": 153.02462532730925,
  "working_dir": "/home/dasolma/papers/rul_stacked/src"
}