{
  "batch_normalization": 1.2433173718330666,
  "batch_size": 60.14961567697513,
  "block_size": 3.245469659978351,
  "conv_activation": 1.8042527895919511,
  "debug": false,
  "dense_activation": 0.1412595799213351,
  "dilation_rate": 2.565568518548912,
  "dropout": 0.05788995437095751,
  "epochs": 100,
  "experiment": "cnn_l2",
  "extra_channel": true,
  "fc1": 107.29994335209636,
  "fc2": 146.13510842713615,
  "kernel_size": 0,
  "l1": 0.0001660344223154755,
  "l2": 0.0009439548103677942,
  "lr": 0.00067918527964544,
  "min_score": 15,
  "nblocks": 2.6760980170796693,
  "net": "cnn",
  "timeout": 10800,
  "train_verbose": true,
  "working_dir": "/home/dasolma/papers/rul_stacked/src"
}