{
  "batch_normalization": 0.23791285728974,
  "batch_size": 32.158797065117476,
  "block_size": 2.8415803249628033,
  "conv_activation": 0.6666732658902974,
  "debug": false,
  "dense_activation": 0.1375457297281858,
  "dilation_rate": 8.027515304799627,
  "dropout": 0.05452407586817972,
  "epochs": 100,
  "experiment": "cnn_l2",
  "extra_channel": true,
  "fc1": 252.33504737708262,
  "fc2": 254.53005959886448,
  "kernel_size": 0,
  "l1": 0.0008399260502460318,
  "l2": 0.0004177265605784574,
  "lr": 0.0006895497074258545,
  "min_score": 15,
  "nblocks": 1.6532913780945275,
  "net": "cnn",
  "timeout": 10800,
  "train_verbose": true,
  "working_dir": "/home/dasolma/papers/rul_stacked/src"
}