{
  "batch_normalization": 0.5666389637371319,
  "batch_size": 61.74426734681559,
  "block_size": 3.480758945276408,
  "conv_activation": 1.9408659339093248,
  "debug": false,
  "dense_activation": 0.9885929080281091,
  "dilation_rate": 7.535415514949843,
  "dropout": 0.7889182287272316,
  "epochs": 100,
  "experiment": "cnn_l2",
  "extra_channel": true,
  "fc1": 105.57367974428861,
  "fc2": 146.4004841559004,
  "kernel_size": 0,
  "l1": 7.19798889830594e-05,
  "l2": 0.0003598814971726536,
  "lr": 7.160557323294098e-05,
  "min_score": 15,
  "nblocks": 2.3108537155430113,
  "net": "cnn",
  "timeout": 10800,
  "train_verbose": true,
  "working_dir": "/home/dasolma/papers/rul_stacked/src"
}