{
  "batch_normalization": 0.8593259962712776,
  "batch_size": 36.157392601240836,
  "block_size": 2.8621134275517446,
  "conv_activation": 0.9584386161156633,
  "debug": false,
  "dense_activation": 1.4255909401582147,
  "dilation_rate": 6.970992821510437,
  "dropout": 0.701485530363983,
  "epochs": 100,
  "experiment": "cnn_l2",
  "extra_channel": true,
  "fc1": 180.44301413304473,
  "fc2": 91.80829854801499,
  "kernel_size": 0,
  "l1": 0.0006277566504386784,
  "l2": 0.0007333136889330323,
  "lr": 0.0007305223015831381,
  "min_score": 15,
  "nblocks": 2.5932413931830576,
  "net": "cnn",
  "timeout": 10800,
  "train_verbose": true,
  "working_dir": "/home/dasolma/papers/rul_stacked/src"
}