{
  "attention": 1.2557988490271326,
  "batch_normalization": 1.49,
  "batch_size": 32.0,
  "bidirectional": -0.14658228018343106,
  "cell_type": -0.51,
  "debug": false,
  "dense_activation": 2.49,
  "dropout": 0.9,
  "epochs": 100,
  "extra_channel": false,
  "fc1": 166.5947997107581,
  "fc2": 100,
  "kernels": [
    [
      2,
      3
    ],
    [
      2,
      5
    ],
    [
      2,
      10
    ],
    [
      1,
      3
    ],
    [
      1,
      5
    ],
    [
      1,
      10
    ]
  ],
  "l1": 0.001,
  "l2": 0.0,
  "lr": 0.00012560180874588318,
  "lstm_units": 58.603515915880905,
  "min_score": 15,
  "nblocks": 4.49,
  "net": "rnn",
  "timeout": 10800,
  "train_verbose": true,
  "window": 305.3346793011008,
  "working_dir": "/home/dasolma/papers/rul_stacked/src"
}