{
  "batch_normalization": 0.8375497393376983,
  "batch_size": 56.37182769051896,
  "block_size": 1.9805223371049514,
  "conv_activation": 1.6746490458355787,
  "debug": false,
  "dense_activation": 0.5933493981577598,
  "dilation_rate": 6.820412189323923,
  "dropout": 0.5701767396848052,
  "epochs": 100,
  "experiment": "cnn_l2",
  "extra_channel": true,
  "fc1": 166.86873934235362,
  "fc2": 81.3356358504464,
  "kernel_size": 0,
  "l1": 0.000835302495589238,
  "l2": 0.00032078006497173584,
  "lr": 0.0001946533252958557,
  "min_score": 15,
  "nblocks": 1.5907347802784326,
  "net": "cnn",
  "timeout": 10800,
  "train_verbose": true,
  "working_dir": "/home/dasolma/papers/rul_stacked/src"
}