{
  "batch_normalization": 0.21736423844310582,
  "batch_size": 37.02314687844723,
  "block_size": 2.8534639962526973,
  "conv_activation": 1.5582952215834254,
  "debug": false,
  "dense_activation": 1.617255465108619,
  "dilation_rate": 4.68174400693769,
  "dropout": 0.6880204376154382,
  "epochs": 100,
  "extra_channel": true,
  "f1": 9.925018208314377,
  "f2": 3.1001288777054414,
  "f3": 4.568691708115363,
  "fc1": 70.09634759601668,
  "fc2": 100,
  "kernel_size": 3.207810985520161,
  "kernels": [
    [
      2,
      3
    ],
    [
      2,
      5
    ],
    [
      2,
      10
    ],
    [
      1,
      3
    ],
    [
      1,
      5
    ],
    [
      1,
      10
    ]
  ],
  "l1": 0.0006156230720513186,
  "l2": 0.000332965331756368,
  "lr": 0.000920889156977369,
  "min_score": 15,
  "msblocks": 0.03815243081535713,
  "nblocks": 1.827601973139207,
  "net": "mscnn",
  "timeout": 10800,
  "train_verbose": true,
  "window": 485.87896732073483,
  "working_dir": "/home/dasolma/papers/rul_stacked/src"
}