{
  "batch_normalization": 0.29370448458668474,
  "batch_size": 33.69246399848301,
  "block_size": 3.194916352132199,
  "conv_activation": 1.3776373918957083,
  "debug": false,
  "dense_activation": 1.8750068123136987,
  "dilation_rate": 9.89165024537275,
  "dropout": 0.620535423769591,
  "epochs": 100,
  "extra_channel": true,
  "f1": 11.172243085845599,
  "f2": 10.256914778355226,
  "f3": 4.2108160712972875,
  "fc1": 83.29013557518974,
  "fc2": 100,
  "kernel_size": 5.00642275018822,
  "kernels": [
    [
      2,
      3
    ],
    [
      2,
      5
    ],
    [
      2,
      10
    ],
    [
      1,
      3
    ],
    [
      1,
      5
    ],
    [
      1,
      10
    ]
  ],
  "l1": 0.0005017072563409499,
  "l2": 0.0003817547348281549,
  "lr": 0.0003484766505908755,
  "min_score": 15,
  "msblocks": 1.930882155738852,
  "nblocks": 2.071821859883089,
  "net": "mscnn",
  "timeout": 10800,
  "train_verbose": true,
  "window": 465.03750386210936,
  "working_dir": "/home/dasolma/papers/rul_stacked/src"
}