{
  "batch_normalization": 0.49708799459685904,
  "batch_size": 36.03908228254599,
  "block_size": 2.7344770733899573,
  "channels": 3.487575471842353,
  "conv_activation": 2.117375871689263,
  "debug": false,
  "dense_activation": 2.1365461687264293,
  "dilation_rate": 2.424562137922143,
  "dropout": 0.6205741621861534,
  "epochs": 100,
  "experiment": "cnn_multichannel_rna",
  "extra_channel": true,
  "fc1": 145.85262315654867,
  "fc2": 249.85985406257953,
  "kernel_size": 0,
  "l1": 0.000988976584949064,
  "l2": 5.399224947303561e-05,
  "lr": 0.00011114713021146087,
  "min_score": 0.15,
  "nblocks": 2.118458263724121,
  "net": "cnn",
  "timeout": 10800,
  "train_verbose": true,
  "working_dir": "/home/dasolma/papers/fer-rna/src"
}