{
  "batch_normalization": -0.07422175482217014,
  "batch_size": 34.13670707140271,
  "block_size": 2.730583626527929,
  "conv_activation": 2.406196117126428,
  "debug": false,
  "dense_activation": 2.0674653372080867,
  "dilation_rate": 3.0358933336868796,
  "dropout": 0.33246303962385276,
  "epochs": 100,
  "experiment": "cnn_l2",
  "extra_channel": true,
  "fc1": 65.51167867735916,
  "fc2": 255.03506155106044,
  "kernel_size": 0,
  "l1": 0.0005361786211644992,
  "l2": 0.0005603681638350892,
  "lr": 0.0007509522498478858,
  "min_score": 15,
  "nblocks": 2.6303762813445806,
  "net": "cnn",
  "timeout": 10800,
  "train_verbose": true,
  "working_dir": "/home/dasolma/papers/rul_stacked/src"
}