{
  "attention": 1.266736630609656,
  "batch_normalization": 0.15252807851678363,
  "batch_size": 33.619755279415486,
  "bidirectional": 0.9166801176983999,
  "cell_type": 1.4147693784694713,
  "debug": false,
  "dense_activation": 0.5617395812252675,
  "dropout": 0.07180758651693273,
  "epochs": 100,
  "extra_channel": false,
  "fc1": 254.41234692581054,
  "fc2": 100,
  "kernels": [
    [
      2,
      3
    ],
    [
      2,
      5
    ],
    [
      2,
      10
    ],
    [
      1,
      3
    ],
    [
      1,
      5
    ],
    [
      1,
      10
    ]
  ],
  "l1": 0.0005376258232111618,
  "l2": 0.0009050657647974897,
  "lr": 0.0007362909534722737,
  "lstm_units": 98.4619048541319,
  "min_score": 15,
  "nblocks": 3.174989748195934,
  "net": "rnn",
  "timeout": 10800,
  "train_verbose": true,
  "window": 175.5349402094849,
  "working_dir": "/home/dasolma/papers/rul_stacked/src"
}