{
  "batch_normalization": -0.3800434038301007,
  "batch_size": 38.00639158075673,
  "block_size": 2.1982070592108105,
  "channels": 1.98482996868402,
  "conv_activation": 1.2863645920763855,
  "debug": false,
  "dense_activation": -0.34344463272929654,
  "dilation_rate": 10.078280691009153,
  "dropout": 0.37279907307347093,
  "epochs": 100,
  "experiment": "cnn_multichannel_rna",
  "extra_channel": true,
  "fc1": 117.68728206707073,
  "fc2": 166.83343114861614,
  "kernel_size": 0,
  "l1": 0.0006835533687884434,
  "l2": 0.0006105264037735005,
  "lr": 0.00022649194394694245,
  "min_score": 0.15,
  "nblocks": 3.1628762531149093,
  "net": "cnn",
  "timeout": 10800,
  "train_verbose": true,
  "working_dir": "/home/dasolma/papers/fer-rna/src"
}