{
  "attention": -0.4095482964417121,
  "batch_normalization": 1.4246937015974923,
  "batch_size": 60.92446487592629,
  "bidirectional": 0.9422673038918437,
  "cell_type": 1.2005224260419058,
  "debug": false,
  "dense_activation": -0.17067387562351166,
  "dropout": 0.748176400810442,
  "epochs": 100,
  "extra_channel": false,
  "fc1": 210.2322096847049,
  "fc2": 100,
  "kernels": [
    [
      2,
      3
    ],
    [
      2,
      5
    ],
    [
      2,
      10
    ],
    [
      1,
      3
    ],
    [
      1,
      5
    ],
    [
      1,
      10
    ]
  ],
  "l1": 0.00030812395332840004,
  "l2": 0.00028716466682369323,
  "lr": 0.0006398584680631641,
  "lstm_units": 78.69235433118439,
  "min_score": 15,
  "nblocks": 2.5682435034643856,
  "net": "rnn",
  "timeout": 10800,
  "train_verbose": true,
  "window": 153.75079889191184,
  "working_dir": "/home/dasolma/papers/rul_stacked/src"
}