{
  "batch_normalization": -0.26200745058277963,
  "batch_size": 54.82383319113584,
  "block_size": 3.016354396261457,
  "conv_activation": 1.1738315927084886,
  "debug": false,
  "dense_activation": 1.8029015398636827,
  "dilation_rate": 5.43808005171662,
  "dropout": 0.4704595464437947,
  "epochs": 100,
  "extra_channel": true,
  "f1": 8.059482418293975,
  "f2": 2.839940265138355,
  "f3": 3.910430722373092,
  "fc1": 70.03440365185298,
  "fc2": 100,
  "kernel_size": 3.3084624675826824,
  "kernels": [
    [
      2,
      3
    ],
    [
      2,
      5
    ],
    [
      2,
      10
    ],
    [
      1,
      3
    ],
    [
      1,
      5
    ],
    [
      1,
      10
    ]
  ],
  "l1": 0.00031435598107632667,
  "l2": 0.0005085706911647028,
  "lr": 0.0009084908091868321,
  "min_score": 15,
  "msblocks": 0.4946759943040111,
  "nblocks": 2.322558187610547,
  "net": "mscnn",
  "timeout": 10800,
  "train_verbose": true,
  "window": 402.4869100672858,
  "working_dir": "/home/dasolma/papers/rul_stacked/src"
}