{
  "attention": 1.4148945898842225,
  "batch_normalization": 0.0010467686924746644,
  "batch_size": 47.911952188556334,
  "bidirectional": 0.09175661963353932,
  "cell_type": 0.059680988754935216,
  "debug": false,
  "dense_activation": -0.3993391579364016,
  "dropout": 0.5486079005819072,
  "epochs": 100,
  "extra_channel": false,
  "fc1": 160.5143724599414,
  "fc2": 100,
  "kernels": [
    [
      2,
      3
    ],
    [
      2,
      5
    ],
    [
      2,
      10
    ],
    [
      1,
      3
    ],
    [
      1,
      5
    ],
    [
      1,
      10
    ]
  ],
  "l1": 5.147875124998935e-05,
  "l2": 0.00027864646423661146,
  "lr": 0.0009091832271069872,
  "lstm_units": 42.83093175470091,
  "min_score": 15,
  "nblocks": 1.941786718831845,
  "net": "rnn",
  "timeout": 10800,
  "train_verbose": true,
  "window": 295.78110411102523,
  "working_dir": "/home/dasolma/papers/rul_stacked/src"
}