{
  "batch_normalization": 0.6184518291834702,
  "batch_size": 60.82987636689087,
  "block_size": 2.7416472783625556,
  "conv_activation": 0.3992246440274795,
  "debug": false,
  "dense_activation": 1.9910294869365728,
  "dilation_rate": 8.229377962752551,
  "dropout": 0.4152226256671233,
  "epochs": 100,
  "experiment": "cnn_l2",
  "extra_channel": true,
  "fc1": 104.66497980042591,
  "fc2": 147.19710457423676,
  "kernel_size": 0,
  "l1": 8.844988337216564e-05,
  "l2": 0.00021909551679377703,
  "lr": 0.0005068983509117222,
  "min_score": 15,
  "nblocks": 2.5258224130861286,
  "net": "cnn",
  "timeout": 10800,
  "train_verbose": true,
  "working_dir": "/home/dasolma/papers/rul_stacked/src"
}