{
  "batch_normalization": 0.5895194220901916,
  "batch_size": 33.036076580211336,
  "block_size": 2.5725177179048906,
  "conv_activation": -0.46196728160639455,
  "debug": false,
  "dense_activation": 0.5615788977837297,
  "dilation_rate": 8.382814284173659,
  "dropout": 0.3138958685420946,
  "epochs": 100,
  "experiment": "cnn_l2",
  "extra_channel": true,
  "fc1": 69.09931148893126,
  "fc2": 66.91650568258315,
  "kernel_size": 0,
  "l1": 0.00027931825063297756,
  "l2": 0.000684558185898658,
  "lr": 0.0009307941422924325,
  "min_score": 15,
  "nblocks": 2.3038774626629483,
  "net": "cnn",
  "timeout": 10800,
  "train_verbose": true,
  "working_dir": "/home/dasolma/papers/rul_stacked/src"
}