{
  "batch_size": 41.73575177470521,
  "block_size": 2.549017734631831,
  "conv_activation": 0.7858350559263474,
  "debug": false,
  "dense_activation": 0.36368742059412573,
  "dilation_rate": 6.616291889329347,
  "dropout": 0.12554447458683765,
  "epochs": 2,
  "extra_channel": true,
  "f1": 6.302037537987132,
  "f2": 7.265376725952118,
  "f3": 8.429788395137127,
  "fc1": 214.7537845874586,
  "fc2": 100,
  "kernel_size": 0.6880426929501584,
  "kernels": [
    [
      2,
      3
    ],
    [
      2,
      5
    ],
    [
      2,
      10
    ],
    [
      1,
      3
    ],
    [
      1,
      5
    ],
    [
      1,
      10
    ]
  ],
  "l1": 0.0005142344384136116,
  "l2": 0.0005924145688620425,
  "lr": 5.598590859279775e-05,
  "min_score": 15,
  "nblocks": 2.712938806764848,
  "net": "mscnn",
  "timeout": 10800,
  "train_verbose": true,
  "window": 96.74063174795998,
  "working_dir": "/home/dasolma/papers/rul_stacked/src"
}