{
  "batch_normalization": 1.4217467529612502,
  "batch_size": 52.54037162467637,
  "block_size": 2.3945298228483263,
  "channels": 3.4674394558327997,
  "conv_activation": 1.6930563821498017,
  "debug": false,
  "dense_activation": 0.04135984837001638,
  "dilation_rate": 4.672141842649195,
  "dropout": 0.38941205463515066,
  "epochs": 100,
  "experiment": "cnn_multichannel_rna",
  "extra_channel": true,
  "fc1": 165.0698021115825,
  "fc2": 181.41836696417573,
  "kernel_size": 0,
  "l1": 0.000326088360691589,
  "l2": 0.0009723677997057344,
  "lr": 0.00018114923401140468,
  "min_score": 0.15,
  "nblocks": 2.9706339552864196,
  "net": "cnn",
  "timeout": 10800,
  "train_verbose": true,
  "working_dir": "/home/dasolma/papers/fer-rna/src"
}