{
  "attention": 1.042845023261144,
  "batch_normalization": 1.2229255542718582,
  "batch_size": 60.06015563489945,
  "bidirectional": 0.11451937061561157,
  "cell_type": 0.7032355716297887,
  "debug": false,
  "dense_activation": 0.8213860898794032,
  "dropout": 0.011312940778426329,
  "epochs": 100,
  "experiment": "cnn_rnn_rna",
  "extra_channel": false,
  "fc1": 222.12656495556436,
  "fc2": 137.68450527714302,
  "l1": 0.0009202370248970658,
  "l2": 0.0005003434270713297,
  "lr": 0.0006615483732273081,
  "lstm_units": 114.92905519912563,
  "min_score": 0.15,
  "nblocks": 3.6894591886550305,
  "net": "rnn",
  "num_embeddings": 298.210431500262,
  "timeout": 10800,
  "train_verbose": true,
  "window": 416.91146973364215,
  "working_dir": "/home/dasolma/papers/fer-rna/src"
}