{
  "attention": 1.290836114326661,
  "batch_normalization": 0.7598718999738032,
  "batch_size": 42.848953313558425,
  "bidirectional": 0.18841914922532177,
  "cell_type": 0.9419113577404787,
  "debug": false,
  "dense_activation": 2.1813307798577313,
  "dropout": 0.7983777818386056,
  "epochs": 100,
  "experiment": "cnn_rnn_rna",
  "extra_channel": false,
  "fc1": 213.7361048046638,
  "fc2": 187.27007606162326,
  "l1": 8.413996499504884e-05,
  "l2": 0.00016162871409461377,
  "lr": 0.0008995686466418085,
  "lstm_units": 83.92005468187408,
  "min_score": 0.15,
  "nblocks": 1.5374072138175563,
  "net": "rnn",
  "num_embeddings": 120.29430857320642,
  "timeout": 10800,
  "train_verbose": true,
  "window": 365.40070764322235,
  "working_dir": "/home/dasolma/papers/fer-rna/src"
}