{
  "batch_normalization": 1.3153033077301546,
  "batch_size": 64.0,
  "block_size": 1.51,
  "conv_activation": 1.938621623252579,
  "debug": false,
  "dense_activation": -0.51,
  "dilation_rate": 10.49,
  "dropout": 0.0,
  "epochs": 100,
  "experiment": "rnn_cnn_l2",
  "extra_channel": true,
  "fc1": 190.75236020079097,
  "fc2": 144.86890463627566,
  "kernel_size": 0,
  "l1": 0.0009971256941338383,
  "l2": 0.0,
  "lr": 1e-05,
  "min_score": 15,
  "nblocks": 1.51,
  "net": "cnn",
  "timeout": 10800,
  "train_verbose": true,
  "working_dir": "/home/dasolma/papers/fer-rna/src"
}