{
  "batch_normalization": -0.04792511544628497,
  "batch_size": 62.875060787094924,
  "block_size": 3.293263305832819,
  "conv_activation": 0.5942438389409987,
  "debug": false,
  "dense_activation": 2.3657369917392312,
  "dilation_rate": 10.209060684876816,
  "dropout": 0.010519746031812693,
  "epochs": 100,
  "experiment": "cnn_l2",
  "extra_channel": true,
  "fc1": 75.46231012059907,
  "fc2": 254.90375822604375,
  "kernel_size": 0,
  "l1": 0.0003090170209091465,
  "l2": 0.0008257880841535086,
  "lr": 7.718566683997277e-05,
  "min_score": 15,
  "nblocks": 1.7679700736616644,
  "net": "cnn",
  "timeout": 10800,
  "train_verbose": true,
  "working_dir": "/home/dasolma/papers/rul_stacked/src"
}