{
  "batch_normalization": 0.06150273486839197,
  "batch_size": 61.432439976486904,
  "block_size": 2.9701616784453044,
  "conv_activation": 1.0601469477867222,
  "debug": false,
  "dense_activation": 1.0325560107868532,
  "dilation_rate": 5.1014837819468175,
  "dropout": 0.32498292724860334,
  "epochs": 100,
  "extra_channel": true,
  "f1": 9.971717248238615,
  "f2": 9.47412467617421,
  "f3": 14.941322537253681,
  "fc1": 233.7460830597006,
  "fc2": 100,
  "kernel_size": 3.0584449866734733,
  "kernels": [
    [
      2,
      3
    ],
    [
      2,
      5
    ],
    [
      2,
      10
    ],
    [
      1,
      3
    ],
    [
      1,
      5
    ],
    [
      1,
      10
    ]
  ],
  "l1": 9.250113687014806e-05,
  "l2": 0.0007006121776387567,
  "lr": 0.000489701664746855,
  "min_score": 15,
  "msblocks": 2.810839403770354,
  "nblocks": 3.291278392893928,
  "net": "mscnn",
  "timeout": 10800,
  "train_verbose": true,
  "window": 159.98458464478688,
  "working_dir": "/home/dasolma/papers/rul_stacked/src"
}