{
  "batch_size": 34.081650975528945,
  "block_size": 3.3887933637616,
  "conv_activation": 2.3868960992236783,
  "debug": false,
  "dense_activation": 1.9151920443493833,
  "dilation_rate": 3.5500454163502395,
  "dropout": 0.08790490260574549,
  "epochs": 2,
  "extra_channel": true,
  "f1": 11.391344684127796,
  "f2": 8.223179368740025,
  "f3": 4.094056288285229,
  "fc1": 159.07396674136388,
  "fc2": 100,
  "kernel_size": -0.30366887330868964,
  "kernels": [
    [
      2,
      3
    ],
    [
      2,
      5
    ],
    [
      2,
      10
    ],
    [
      1,
      3
    ],
    [
      1,
      5
    ],
    [
      1,
      10
    ]
  ],
  "l1": 0.0009093204020787821,
  "l2": 0.0002587799816000169,
  "lr": 0.0006658970615104422,
  "min_score": 15,
  "nblocks": 2.127187930657034,
  "timeout": 10800,
  "train_verbose": true,
  "window": 163.85306006613968,
  "working_dir": "/home/dasolma/papers/rul_stacked/src"
}