{
  "batch_normalization": 0.9336918998943089,
  "batch_size": 53.4742495816378,
  "block_size": 1.619153052395403,
  "conv_activation": 1.927054051567463,
  "debug": false,
  "dense_activation": 0.2542310129454701,
  "dilation_rate": 6.897763828161529,
  "dropout": 0.7050950223142086,
  "epochs": 100,
  "experiment": "cnn_l2",
  "extra_channel": true,
  "fc1": 165.28528009556277,
  "fc2": 80.87086104593634,
  "kernel_size": 0,
  "l1": 0.0005358188794327195,
  "l2": 0.0009167184434468545,
  "lr": 0.0004982109908515302,
  "min_score": 15,
  "nblocks": 1.9617066177135059,
  "net": "cnn",
  "timeout": 10800,
  "train_verbose": true,
  "working_dir": "/home/dasolma/papers/rul_stacked/src"
}