{
  "batch_normalization": 1.4283202665485397,
  "batch_size": 33.026516323211325,
  "block_size": 3.2120409844823965,
  "conv_activation": 2.271329018015373,
  "debug": false,
  "dense_activation": -0.27467687614725333,
  "dilation_rate": 5.175509092762133,
  "dropout": 0.6954411653052845,
  "epochs": 100,
  "extra_channel": true,
  "f1": 13.611272958981552,
  "f2": 8.971304690570214,
  "f3": 5.868996346638083,
  "fc1": 82.77147440369902,
  "fc2": 100,
  "kernel_size": 3.593006641496947,
  "kernels": [
    [
      2,
      3
    ],
    [
      2,
      5
    ],
    [
      2,
      10
    ],
    [
      1,
      3
    ],
    [
      1,
      5
    ],
    [
      1,
      10
    ]
  ],
  "l1": 0.0005788439387892425,
  "l2": 0.0008443663973819362,
  "lr": 0.0007863586075879024,
  "min_score": 15,
  "msblocks": 1.4814282707374926,
  "nblocks": 2.382403550763591,
  "net": "mscnn",
  "timeout": 10800,
  "train_verbose": true,
  "window": 463.84096446665654,
  "working_dir": "/home/dasolma/papers/rul_stacked/src"
}