{
  "attention": 0.5354656587639881,
  "batch_normalization": 0.3508066265335138,
  "batch_size": 32.81341205581104,
  "bidirectional": -0.2942171460133911,
  "cell_type": -0.4471416286265315,
  "debug": false,
  "dense_activation": 1.399231233791341,
  "dropout": 0.28292038296869404,
  "epochs": 100,
  "experiment": "cnn_rnn_rna",
  "extra_channel": false,
  "fc1": 161.64557270362292,
  "fc2": 238.25276299380985,
  "l1": 0.000249292229148875,
  "l2": 0.00041038292303562974,
  "lr": 0.0007579956271576182,
  "lstm_units": 41.625394535061716,
  "min_score": 0.15,
  "nblocks": 1.739400131289803,
  "net": "rnn",
  "num_embeddings": 157.9502905827536,
  "timeout": 10800,
  "train_verbose": true,
  "window": 164.48851490160177,
  "working_dir": "/home/dasolma/papers/fer-rna/src"
}