{
  "batch_normalization": 0.14754539933694277,
  "batch_size": 55.887724963776776,
  "block_size": 2.7962731401134855,
  "conv_activation": 2.037670231482534,
  "debug": false,
  "dense_activation": 1.4628386769010302,
  "dilation_rate": 6.181719861288006,
  "dropout": 0.08430729104528323,
  "epochs": 100,
  "experiment": "mscnn_l2",
  "extra_channel": true,
  "f1": 7.282951123711447,
  "f2": 5.952326732508796,
  "f3": 5.676985571060505,
  "fc1": 250.81802651246954,
  "fc2": 139.474763136018,
  "kernel_size": 0,
  "kernels": [
    [
      3,
      3
    ]
  ],
  "l1": 0.0008920465551771133,
  "l2": 0.0006311386259972629,
  "lr": 0.000796863190506232,
  "min_score": 15,
  "msblocks": 1.5055220014897168,
  "nblocks": 2.652269691560191,
  "net": "mscnn",
  "timeout": 10800,
  "train_verbose": true,
  "window": 284.647926830851,
  "working_dir": "/home/dasolma/papers/rul_stacked/src"
}