{
  "attention": -0.3985538999023719,
  "batch_normalization": 0.7309900034597865,
  "batch_size": 55.87258753138954,
  "bidirectional": 0.6571897583395045,
  "cell_type": -0.09472505194611736,
  "debug": false,
  "dense_activation": 1.3644175974694825,
  "dropout": 0.41819741395826227,
  "epochs": 100,
  "experiment": "cnn_rnn_rna",
  "extra_channel": false,
  "fc1": 168.89895500653273,
  "fc2": 72.55986069040412,
  "l1": 0.00014641900236508378,
  "l2": 0.0003253107260354904,
  "lr": 0.0006006099000300422,
  "lstm_units": 83.79834556096355,
  "min_score": 0.15,
  "nblocks": 3.7517675238647765,
  "net": "rnn",
  "num_embeddings": 209.80077405512708,
  "timeout": 10800,
  "train_verbose": true,
  "window": 311.54363994536385,
  "working_dir": "/home/dasolma/papers/fer-rna/src"
}