{
  "attention": 0.1119646434313244,
  "batch_normalization": 0.14711481083322664,
  "batch_size": 55.34739770681805,
  "bidirectional": 0.7651149427104262,
  "cell_type": 1.264425485152653,
  "debug": false,
  "dense_activation": 0.9066447754858478,
  "dropout": 0.10763482134447154,
  "epochs": 100,
  "extra_channel": false,
  "fc1": 200.94299914681505,
  "fc2": 100,
  "kernels": [
    [
      2,
      3
    ],
    [
      2,
      5
    ],
    [
      2,
      10
    ],
    [
      1,
      3
    ],
    [
      1,
      5
    ],
    [
      1,
      10
    ]
  ],
  "l1": 0.0007607850486168974,
  "l2": 0.0005612771975694962,
  "lr": 0.0007732575081550154,
  "lstm_units": 71.30510679281176,
  "min_score": 15,
  "nblocks": 3.0677438315583423,
  "net": "rnn",
  "timeout": 10800,
  "train_verbose": true,
  "window": 271.0164073434198,
  "working_dir": "/home/dasolma/papers/rul_stacked/src"
}