{
  "batch_normalization": -0.381788529698498,
  "batch_size": 47.09720155966495,
  "block_size": 2.861117821844466,
  "conv_activation": 2.1480426147168954,
  "debug": false,
  "dense_activation": 0.4952989603412168,
  "dilation_rate": 10.466766926330575,
  "dropout": 0.821416675417341,
  "epochs": 100,
  "extra_channel": true,
  "f1": 12.36191879272173,
  "f2": 5.190774123202289,
  "f3": 7.213515739188417,
  "fc1": 155.79817560101225,
  "fc2": 100,
  "kernel_size": 2.7196593487188974,
  "kernels": [
    [
      2,
      3
    ],
    [
      2,
      5
    ],
    [
      2,
      10
    ],
    [
      1,
      3
    ],
    [
      1,
      5
    ],
    [
      1,
      10
    ]
  ],
  "l1": 0.0008694464364661813,
  "l2": 0.00023330259838647428,
  "lr": 0.0007900203009893832,
  "min_score": 15,
  "msblocks": 2.124483193441767,
  "nblocks": 1.95846483127198,
  "net": "mscnn",
  "timeout": 10800,
  "train_verbose": true,
  "window": 356.54002919550334,
  "working_dir": "/home/dasolma/papers/rul_stacked/src"
}