{
  "batch_normalization": 0.28484130773177685,
  "batch_size": 38.31760050280591,
  "block_size": 2.661139562882952,
  "channels": 2.325920854407984,
  "conv_activation": -0.2252399104169044,
  "debug": false,
  "dense_activation": 0.01331140847836465,
  "dilation_rate": 5.350414616051256,
  "dropout": 0.506572158651436,
  "epochs": 100,
  "experiment": "cnn_multichannel_rna",
  "extra_channel": true,
  "fc1": 149.74464799220613,
  "fc2": 249.40026178979886,
  "kernel_size": 0,
  "l1": 0.0009742403944101789,
  "l2": 0.00016415584713832322,
  "lr": 0.0009103017306813277,
  "min_score": 0.15,
  "nblocks": 2.353695671478217,
  "net": "cnn",
  "timeout": 10800,
  "train_verbose": true,
  "working_dir": "/home/dasolma/papers/fer-rna/src"
}