{
  "batch_normalization": 0.6948388141067721,
  "batch_size": 33.73800106987905,
  "block_size": 1.9218585785981492,
  "conv_activation": 1.2073713544517413,
  "debug": false,
  "dense_activation": 0.948396800623684,
  "dilation_rate": 1.4729627162297574,
  "dropout": 0.6031266289527757,
  "epochs": 100,
  "experiment": "cnn_l2",
  "extra_channel": true,
  "fc1": 252.9953356363021,
  "fc2": 64.94495193764718,
  "kernel_size": 0,
  "l1": 0.0006207778901962557,
  "l2": 0.0003745549902427037,
  "lr": 0.0006436158735453966,
  "min_score": 15,
  "nblocks": 3.0272261830066127,
  "net": "cnn",
  "timeout": 10800,
  "train_verbose": true,
  "working_dir": "/home/dasolma/papers/rul_stacked/src"
}