{
  "batch_normalization": 0.7830316634890879,
  "batch_size": 61.35857769168389,
  "block_size": 1.9256268086925674,
  "conv_activation": 0.34006932894278663,
  "debug": false,
  "dense_activation": -0.0923776018346596,
  "dilation_rate": 6.680460070326843,
  "dropout": 0.6411636321871858,
  "epochs": 100,
  "experiment": "cnn_l2",
  "extra_channel": true,
  "fc1": 107.45881770580482,
  "fc2": 146.28146881885866,
  "kernel_size": 0,
  "l1": 0.0004886821574751567,
  "l2": 0.0003346423194578529,
  "lr": 0.0004598733563207715,
  "min_score": 15,
  "nblocks": 1.8249893325320474,
  "net": "cnn",
  "timeout": 10800,
  "train_verbose": true,
  "working_dir": "/home/dasolma/papers/rul_stacked/src"
}