{
  "attention": -0.14635006558579877,
  "batch_normalization": -0.13502502539166672,
  "batch_size": 41.73575177470521,
  "bidirectional": 0.5395128632644757,
  "cell_type": 0.3538900372842315,
  "debug": false,
  "dense_activation": 0.36368742059412573,
  "dropout": 0.5506676052501416,
  "epochs": 100,
  "extra_channel": false,
  "fc1": 90.78282124519203,
  "fc2": 100,
  "kernels": [
    [
      2,
      3
    ],
    [
      2,
      5
    ],
    [
      2,
      10
    ],
    [
      1,
      3
    ],
    [
      1,
      5
    ],
    [
      1,
      10
    ]
  ],
  "l1": 0.00029214464853521814,
  "l2": 0.0003663618432936917,
  "lr": 0.0004615092843748656,
  "lstm_units": 103.93970767601752,
  "min_score": 15,
  "nblocks": 2.105027870831912,
  "net": "bilstm",
  "timeout": 10800,
  "train_verbose": true,
  "window": 305.69377536544465,
  "working_dir": "/home/dasolma/papers/rul_stacked/src"
}