{
  "batch_normalization": 0.010793631894771338,
  "batch_size": 36.38141534742144,
  "block_size": 3.1354915991177057,
  "conv_activation": 1.0699790637027966,
  "debug": false,
  "dense_activation": 1.6947220970248444,
  "dilation_rate": 5.70289514004989,
  "dropout": 0.7173907571417353,
  "epochs": 100,
  "experiment": "cnn_l2",
  "extra_channel": true,
  "fc1": 178.35299062230018,
  "fc2": 92.70493946723809,
  "kernel_size": 0,
  "l1": 0.0007423786252701996,
  "l2": 0.0007482447082464871,
  "lr": 0.00011358223166654951,
  "min_score": 15,
  "nblocks": 2.3290852452153867,
  "net": "cnn",
  "timeout": 10800,
  "train_verbose": true,
  "working_dir": "/home/dasolma/papers/rul_stacked/src"
}