{
  "batch_normalization": 1.0845321551900804,
  "batch_size": 41.30338353004147,
  "block_size": 2.0311958128687273,
  "channels": 1.794309566924203,
  "conv_activation": 0.3030948856981237,
  "debug": false,
  "dense_activation": 1.9642592136137453,
  "dilation_rate": 2.144185392932309,
  "dropout": 0.4794946264039459,
  "epochs": 100,
  "experiment": "cnn_multichannel_rna",
  "extra_channel": true,
  "fc1": 149.01764125089696,
  "fc2": 247.87783961031408,
  "kernel_size": 0,
  "l1": 0.0002897555365250931,
  "l2": 0.00040691277096288126,
  "lr": 0.0007509608793192377,
  "min_score": 0.15,
  "nblocks": 1.7163342953071534,
  "net": "cnn",
  "timeout": 10800,
  "train_verbose": true,
  "working_dir": "/home/dasolma/papers/fer-rna/src"
}