{
  "batch_normalization": 0.9990570606367426,
  "batch_size": 55.21591352177535,
  "block_size": 1.5855209440164182,
  "conv_activation": 0.3587386041347608,
  "debug": false,
  "dense_activation": 1.1706796675749562,
  "dilation_rate": 7.173764339015846,
  "dropout": 0.8958416585700912,
  "epochs": 100,
  "experiment": "cnn_l2",
  "extra_channel": true,
  "fc1": 70.73627365703717,
  "fc2": 83.43906433728,
  "kernel_size": 0,
  "l1": 0.00023251127860716704,
  "l2": 0.0005095878200340177,
  "lr": 0.00030211516637183324,
  "min_score": 15,
  "nblocks": 2.094282107392529,
  "net": "cnn",
  "timeout": 10800,
  "train_verbose": true,
  "working_dir": "/home/dasolma/papers/rul_stacked/src"
}