{
  "batch_normalization": -0.4075939545527448,
  "batch_size": 38.89376374416156,
  "block_size": 2.730247132115215,
  "channels": 1.7442849104118046,
  "conv_activation": 0.5109596764028534,
  "debug": false,
  "dense_activation": 1.0229448585648842,
  "dilation_rate": 9.13074345190616,
  "dropout": 0.5186334878615166,
  "epochs": 100,
  "experiment": "cnn_multichannel_rna",
  "extra_channel": true,
  "fc1": 145.33847487118868,
  "fc2": 244.62550176149557,
  "kernel_size": 0,
  "l1": 0.0005879555238878285,
  "l2": 0.0003534428885596169,
  "lr": 0.00034923075583208444,
  "min_score": 0.15,
  "nblocks": 2.157665694364267,
  "net": "cnn",
  "timeout": 10800,
  "train_verbose": true,
  "working_dir": "/home/dasolma/papers/fer-rna/src"
}