{
  "batch_normalization": -0.4709317029277519,
  "batch_size": 60.56857422791032,
  "block_size": 2.6289769745579177,
  "channels": 1.9491295942050526,
  "conv_activation": 0.5786051118206355,
  "debug": false,
  "dense_activation": 1.6968293153494722,
  "dilation_rate": 4.440265979502843,
  "dropout": 0.06737284282787391,
  "epochs": 100,
  "experiment": "cnn_multichannel_rna",
  "extra_channel": true,
  "fc1": 181.54069784128706,
  "fc2": 225.3066713658207,
  "kernel_size": 0,
  "l1": 0.000795171417750585,
  "l2": 0.00042665967504291937,
  "lr": 0.00013403875586316352,
  "min_score": 0.15,
  "nblocks": 3.3162354070840117,
  "net": "cnn",
  "timeout": 10800,
  "train_verbose": true,
  "working_dir": "/home/dasolma/papers/fer-rna/src"
}