{
  "batch_normalization": 1.3060572831129251,
  "batch_size": 39.977351332764,
  "block_size": 2.322558187610547,
  "conv_activation": 1.756653415629146,
  "debug": false,
  "dense_activation": 0.17639449647486738,
  "dilation_rate": 1.2782595000913541,
  "dropout": 0.26077630762239123,
  "epochs": 100,
  "experiment": "cnn_l2",
  "extra_channel": true,
  "fc1": 94.95448715276885,
  "fc2": 242.50194924977404,
  "kernel_size": 0,
  "l1": 0.000808120379564417,
  "l2": 0.0006334037565104235,
  "lr": 0.0008727459842858405,
  "min_score": 15,
  "nblocks": 3.1012707122602468,
  "net": "cnn",
  "timeout": 10800,
  "train_verbose": true,
  "working_dir": "/home/dasolma/papers/rul_stacked/src"
}