{
  "batch_normalization": -0.04222436437687932,
  "batch_size": 33.792357997783455,
  "block_size": 3.256943746431981,
  "conv_activation": 2.2745503101501576,
  "debug": false,
  "dense_activation": 2.4203541286068955,
  "dilation_rate": 3.2551314989384617,
  "dropout": 0.32704810798134054,
  "epochs": 100,
  "experiment": "cnn_l2",
  "extra_channel": true,
  "fc1": 251.92039376529516,
  "fc2": 65.94283154278341,
  "kernel_size": 0,
  "l1": 4.679645142517652e-05,
  "l2": 0.00041271480284027907,
  "lr": 0.0009567997728583061,
  "min_score": 15,
  "nblocks": 2.5537591978751513,
  "net": "cnn",
  "timeout": 10800,
  "train_verbose": true,
  "working_dir": "/home/dasolma/papers/rul_stacked/src"
}