{
  "batch_normalization": 0.5175002307155852,
  "batch_size": 32.68205375123524,
  "block_size": 3.2206785928359567,
  "conv_activation": 1.257017195236634,
  "debug": false,
  "dense_activation": 1.4477048917689381,
  "dilation_rate": 2.2213386352529194,
  "dropout": 0.06247857855308098,
  "epochs": 100,
  "experiment": "cnn_l2",
  "extra_channel": true,
  "fc1": 68.128565939813,
  "fc2": 69.88937279954382,
  "kernel_size": 0,
  "l1": 0.00016126137708965982,
  "l2": 0.0005212258288056329,
  "lr": 0.0008416021456797378,
  "min_score": 15,
  "nblocks": 2.4068414761950105,
  "net": "cnn",
  "timeout": 10800,
  "train_verbose": true,
  "working_dir": "/home/dasolma/papers/rul_stacked/src"
}