{
  "batch_normalization": 0.24533483650625132,
  "batch_size": 62.42285780511732,
  "block_size": 2.959348004786582,
  "conv_activation": 1.2859754525911098,
  "debug": false,
  "dense_activation": -0.041944078672690455,
  "dilation_rate": 2.0668253129553023,
  "dropout": 0.05227525095137952,
  "epochs": 100,
  "extra_channel": true,
  "f1": 13.752966372158658,
  "f2": 10.31247285242685,
  "f3": 11.70078205979267,
  "fc1": 67.95222290479407,
  "fc2": 100,
  "kernel_size": 5.309459112971966,
  "kernels": [
    [
      2,
      3
    ],
    [
      2,
      5
    ],
    [
      2,
      10
    ],
    [
      1,
      3
    ],
    [
      1,
      5
    ],
    [
      1,
      10
    ]
  ],
  "l1": 0.0008324426408004218,
  "l2": 0.00021233911067827617,
  "lr": 0.0001900067175350296,
  "min_score": 15,
  "msblocks": 0.23178399431520091,
  "nblocks": 2.1123996410598846,
  "net": "mscnn",
  "timeout": 10800,
  "train_verbose": true,
  "window": 299.0908813712425,
  "working_dir": "/home/dasolma/papers/rul_stacked/src"
}