{
  "batch_normalization": 0.5950667319572605,
  "batch_size": 63.76348216761693,
  "block_size": 2.147320725815317,
  "conv_activation": 0.8139910383086686,
  "debug": false,
  "dense_activation": -0.0663318303218925,
  "dilation_rate": 0.882821884082526,
  "dropout": 0.571293919032732,
  "epochs": 100,
  "experiment": "cnn_l2",
  "extra_channel": true,
  "fc1": 72.16171985179992,
  "fc2": 65.95878745641977,
  "kernel_size": 0,
  "l1": 0.0001898804638364572,
  "l2": 0.00018712622301869685,
  "lr": 0.0006075024651435183,
  "min_score": 15,
  "nblocks": 2.1723700114719837,
  "net": "cnn",
  "timeout": 10800,
  "train_verbose": true,
  "working_dir": "/home/dasolma/papers/rul_stacked/src"
}