{
  "batch_normalization": 1.3500983281617205,
  "batch_size": 57.85985214606134,
  "block_size": 2.7641394378906385,
  "channels": 3.235491968571681,
  "conv_activation": 1.9010162306973435,
  "debug": false,
  "dense_activation": 0.04971017665810751,
  "dilation_rate": 9.417738804929979,
  "dropout": 0.48540801772408565,
  "epochs": 100,
  "experiment": "cnn_multichannel_rna",
  "extra_channel": true,
  "fc1": 219.0285097915,
  "fc2": 236.0495295853107,
  "kernel_size": 0,
  "l1": 0.0003180034749718639,
  "l2": 0.00011005192452767677,
  "lr": 0.00023565581091652225,
  "min_score": 0.15,
  "nblocks": 2.3556734214799877,
  "net": "cnn",
  "timeout": 10800,
  "train_verbose": true,
  "working_dir": "/home/dasolma/papers/fer-rna/src"
}