{
  "batch_normalization": 0.5011249462223737,
  "batch_size": 60.370142784693925,
  "block_size": 2.8232851796229914,
  "conv_activation": 0.8887873193027114,
  "debug": false,
  "dense_activation": 2.326456520088338,
  "dilation_rate": 8.697875000207425,
  "dropout": 0.842861053790643,
  "epochs": 100,
  "extra_channel": true,
  "f1": 10.845511367351943,
  "f2": 14.301805223882885,
  "f3": 13.959348347898217,
  "fc1": 135.3054470160805,
  "fc2": 100,
  "kernel_size": 5.483971121596785,
  "kernels": [
    [
      2,
      3
    ],
    [
      2,
      5
    ],
    [
      2,
      10
    ],
    [
      1,
      3
    ],
    [
      1,
      5
    ],
    [
      1,
      10
    ]
  ],
  "l1": 0.0005964211460144068,
  "l2": 0.00014023713742187982,
  "lr": 0.00035750805073331114,
  "min_score": 15,
  "msblocks": 3.3377995982411295,
  "nblocks": 1.6339314766950983,
  "net": "mscnn",
  "timeout": 10800,
  "train_verbose": true,
  "window": 209.6798978849392,
  "working_dir": "/home/dasolma/papers/rul_stacked/src"
}