{
  "attention": 0.22556626543850644,
  "batch_normalization": 0.7582886028812232,
  "batch_size": 52.272950744348634,
  "bidirectional": 0.561549368149517,
  "cell_type": -0.3294204598911834,
  "debug": false,
  "dense_activation": 1.9959074867677138,
  "dropout": 0.28870205847456226,
  "epochs": 100,
  "experiment": "cnn_rnn_rna",
  "extra_channel": false,
  "fc1": 99.811553996772,
  "fc2": 71.82882717851467,
  "l1": 0.0005908929431882418,
  "l2": 0.0006775643618422824,
  "lr": 2.6421950638577592e-05,
  "lstm_units": 73.35442252951947,
  "min_score": 0.15,
  "nblocks": 2.1849574100898552,
  "net": "rnn",
  "num_embeddings": 229.03455808188997,
  "timeout": 10800,
  "train_verbose": true,
  "window": 169.74657160199658,
  "working_dir": "/home/dasolma/papers/fer-rna/src"
}