{
  "batch_normalization": 1.409722175960194,
  "batch_size": 57.30213878575107,
  "block_size": 3.1500530058256757,
  "channels": 1.6796305253079673,
  "conv_activation": 0.3934936383605222,
  "debug": false,
  "dense_activation": 2.0760017883267317,
  "dilation_rate": 9.622483678835945,
  "dropout": 0.5439236923471726,
  "epochs": 100,
  "experiment": "cnn_multichannel_rna",
  "extra_channel": true,
  "fc1": 219.4164895545478,
  "fc2": 237.21002884651747,
  "kernel_size": 0,
  "l1": 0.0009786906317146985,
  "l2": 8.882680585140845e-05,
  "lr": 0.000395094306093772,
  "min_score": 0.15,
  "nblocks": 3.3877584408309938,
  "net": "cnn",
  "timeout": 10800,
  "train_verbose": true,
  "working_dir": "/home/dasolma/papers/fer-rna/src"
}