{
  "batch_normalization": 1.057983061632698,
  "batch_size": 39.12668221755318,
  "block_size": 1.963500359700706,
  "conv_activation": 1.865320629978261,
  "debug": false,
  "dense_activation": 1.978944267701072,
  "dilation_rate": 4.646345751444158,
  "dropout": 0.048691058225435714,
  "epochs": 100,
  "extra_channel": true,
  "f1": 2.8518852619870545,
  "f2": 11.871700711116604,
  "f3": 15.479322425836878,
  "fc1": 92.31945608230357,
  "fc2": 100,
  "kernel_size": 4.776664846450594,
  "kernels": [
    [
      2,
      3
    ],
    [
      2,
      5
    ],
    [
      2,
      10
    ],
    [
      1,
      3
    ],
    [
      1,
      5
    ],
    [
      1,
      10
    ]
  ],
  "l1": 0.000588346492706204,
  "l2": 0.0004572342883074222,
  "lr": 0.00045568746932845753,
  "min_score": 15,
  "msblocks": 0.1684906099682063,
  "nblocks": 2.9811937136682842,
  "net": "mscnn",
  "timeout": 10800,
  "train_verbose": true,
  "window": 194.71591899804233,
  "working_dir": "/home/dasolma/papers/rul_stacked/src"
}