{
  "batch_normalization": -0.20717231877789555,
  "batch_size": 63.0589903206708,
  "block_size": 2.893999958794839,
  "conv_activation": 0.24556023335459243,
  "debug": false,
  "dense_activation": 0.172414980953278,
  "dilation_rate": 2.001986416250614,
  "dropout": 0.29637863135537057,
  "epochs": 100,
  "extra_channel": true,
  "f1": 14.437845293481368,
  "f2": 3.354116520410698,
  "f3": 14.049644354053633,
  "fc1": 235.63011564499476,
  "fc2": 100,
  "kernel_size": 3.852408066891212,
  "kernels": [
    [
      2,
      3
    ],
    [
      2,
      5
    ],
    [
      2,
      10
    ],
    [
      1,
      3
    ],
    [
      1,
      5
    ],
    [
      1,
      10
    ]
  ],
  "l1": 0.0004939131714473738,
  "l2": 0.00036720735511302285,
  "lr": 6.863129018181539e-05,
  "min_score": 15,
  "msblocks": 0.4130755836247828,
  "nblocks": 2.1338892751070824,
  "net": "mscnn",
  "timeout": 10800,
  "train_verbose": true,
  "window": 260.22153030839877,
  "working_dir": "/home/dasolma/papers/rul_stacked/src"
}