{
  "batch_normalization": 0.45090533153422163,
  "batch_size": 61.458211070818116,
  "block_size": 2.7706937420513045,
  "conv_activation": 0.7879901397180533,
  "debug": false,
  "dense_activation": -0.018542861952607348,
  "dilation_rate": 6.7822371993218,
  "dropout": 0.2223414820696153,
  "epochs": 100,
  "experiment": "cnn_l2",
  "extra_channel": true,
  "fc1": 106.80070758422326,
  "fc2": 145.5153922444953,
  "kernel_size": 0,
  "l1": 0.0006823611860819946,
  "l2": 0.00019251503470363174,
  "lr": 3.3886541871641816e-05,
  "min_score": 15,
  "nblocks": 3.468196290855907,
  "net": "cnn",
  "timeout": 10800,
  "train_verbose": true,
  "working_dir": "/home/dasolma/papers/rul_stacked/src"
}