{
  "attention": -0.4412229577695632,
  "batch_normalization": 1.3095476001367763,
  "batch_size": 40.28095941120054,
  "bidirectional": 0.8150445687079639,
  "cell_type": 0.1134221521788219,
  "debug": false,
  "dense_activation": 1.0502040635334324,
  "dropout": 0.4920392514089517,
  "epochs": 100,
  "extra_channel": false,
  "fc1": 99.49205546090118,
  "fc2": 100,
  "kernels": [
    [
      2,
      3
    ],
    [
      2,
      5
    ],
    [
      2,
      10
    ],
    [
      1,
      3
    ],
    [
      1,
      5
    ],
    [
      1,
      10
    ]
  ],
  "l1": 0.0009695846277645585,
  "l2": 0.0007751328233611145,
  "lr": 0.0009401039521485473,
  "lstm_units": 116.22066324789667,
  "min_score": 15,
  "nblocks": 3.2917419368570338,
  "net": "rnn",
  "timeout": 10800,
  "train_verbose": true,
  "window": 468.74969400924675,
  "working_dir": "/home/dasolma/papers/rul_stacked/src"
}