{
  "batch_normalization": -0.173397954437923,
  "batch_size": 62.20929112464454,
  "block_size": 2.8362288134935967,
  "conv_activation": -0.3387466609139502,
  "debug": false,
  "dense_activation": 2.299402015391439,
  "dilation_rate": 9.189574199810394,
  "dropout": 0.24800340595247716,
  "epochs": 100,
  "experiment": "rnn_cnn_l2",
  "extra_channel": true,
  "fc1": 88.65747496814787,
  "fc2": 148.45107555150474,
  "kernel_size": 0,
  "l1": 0.0009714525671093855,
  "l2": 0.00021931107023081444,
  "lr": 5.992153688286824e-05,
  "min_score": 15,
  "nblocks": 2.6754701517967288,
  "net": "cnn",
  "timeout": 10800,
  "train_verbose": true,
  "working_dir": "/home/dasolma/papers/fer-rna/src"
}