{
  "attention": 0.8989315898801626,
  "batch_normalization": 0.09563877423899037,
  "batch_size": 59.825671909364885,
  "bidirectional": -0.22006533296373854,
  "cell_type": 1.3569747017136935,
  "debug": false,
  "dense_activation": 0.6140403561539276,
  "dropout": 0.28309821243284644,
  "epochs": 100,
  "extra_channel": false,
  "fc1": 229.16959720544787,
  "fc2": 100,
  "kernels": [
    [
      2,
      3
    ],
    [
      2,
      5
    ],
    [
      2,
      10
    ],
    [
      1,
      3
    ],
    [
      1,
      5
    ],
    [
      1,
      10
    ]
  ],
  "l1": 0.00032255141832837885,
  "l2": 0.0005291266171822059,
  "lr": 0.0007012933939659458,
  "lstm_units": 66.7209603908268,
  "min_score": 15,
  "nblocks": 2.1194017029483065,
  "net": "rnn",
  "timeout": 10800,
  "train_verbose": true,
  "window": 189.0325737388438,
  "working_dir": "/home/dasolma/papers/rul_stacked/src"
}