{
  "attention": 0.15919127151274437,
  "batch_normalization": 1.083711470277093,
  "batch_size": 55.26832261027425,
  "bidirectional": -0.30767287180917946,
  "cell_type": -0.15102982959857658,
  "debug": false,
  "dense_activation": 1.4717921731311605,
  "dropout": 0.3090156037691689,
  "epochs": 100,
  "extra_channel": false,
  "fc1": 248.36601890859703,
  "fc2": 100,
  "kernels": [
    [
      2,
      3
    ],
    [
      2,
      5
    ],
    [
      2,
      10
    ],
    [
      1,
      3
    ],
    [
      1,
      5
    ],
    [
      1,
      10
    ]
  ],
  "l1": 0.00028762452074262567,
  "l2": 0.0004338786294990015,
  "lr": 0.0008553766469981108,
  "lstm_units": 95.14588527866462,
  "min_score": 15,
  "nblocks": 1.7552543248129697,
  "net": "rnn",
  "timeout": 10800,
  "train_verbose": true,
  "window": 159.30101402616654,
  "working_dir": "/home/dasolma/papers/rul_stacked/src"
}