{
  "batch_normalization": -0.2078952964174126,
  "batch_size": 42.21727163657581,
  "block_size": 1.9179868314924118,
  "conv_activation": 0.8795815735806254,
  "debug": false,
  "dense_activation": 0.9792582232477156,
  "dilation_rate": 7.402674561193582,
  "dropout": 0.2515063958859951,
  "epochs": 100,
  "extra_channel": true,
  "f1": 7.529343662286717,
  "f2": 15.211376632004134,
  "f3": 8.982758527487318,
  "fc1": 196.58982110878972,
  "fc2": 100,
  "kernel_size": 3.1239141467383487,
  "kernels": [
    [
      2,
      3
    ],
    [
      2,
      5
    ],
    [
      2,
      10
    ],
    [
      1,
      3
    ],
    [
      1,
      5
    ],
    [
      1,
      10
    ]
  ],
  "l1": 0.0002783848396366069,
  "l2": 0.00015483597208331,
  "lr": 0.00013828057700080018,
  "min_score": 15,
  "msblocks": 0.08299269365807926,
  "nblocks": 3.2090123368443786,
  "net": "mscnn",
  "timeout": 10800,
  "train_verbose": true,
  "window": 391.96699488996694,
  "working_dir": "/home/dasolma/papers/rul_stacked/src"
}