{
  "batch_normalization": 1.2347833457021125,
  "batch_size": 61.849110036187426,
  "block_size": 2.66310676669857,
  "conv_activation": 2.448142701293687,
  "debug": false,
  "dense_activation": 2.4524496506251428,
  "dilation_rate": 0.5460375364678511,
  "dropout": 0.6539017936309792,
  "epochs": 100,
  "experiment": "cnn_l2",
  "extra_channel": true,
  "fc1": 251.85092467926037,
  "fc2": 71.77786146132371,
  "kernel_size": 0,
  "l1": 0.00022255211417560562,
  "l2": 0.0005840320065803524,
  "lr": 0.0007823785298837754,
  "min_score": 15,
  "nblocks": 2.2845909685570502,
  "net": "cnn",
  "timeout": 10800,
  "train_verbose": true,
  "working_dir": "/home/dasolma/papers/rul_stacked/src"
}