{
  "batch_normalization": -0.05249030870883553,
  "batch_size": 58.40136902349638,
  "block_size": 1.5575094284519158,
  "conv_activation": 0.41428008484900547,
  "debug": false,
  "dense_activation": 0.5533810627483027,
  "dilation_rate": 5.437665666889407,
  "dropout": 0.5002629317190079,
  "epochs": 100,
  "experiment": "cnn_l2",
  "extra_channel": true,
  "fc1": 107.08986886799005,
  "fc2": 147.4962507545491,
  "kernel_size": 0,
  "l1": 0.0003178479501631707,
  "l2": 0.0009440102712327079,
  "lr": 0.0006852675893785431,
  "min_score": 15,
  "nblocks": 2.353775348078505,
  "net": "cnn",
  "timeout": 10800,
  "train_verbose": true,
  "working_dir": "/home/dasolma/papers/rul_stacked/src"
}