{
  "batch_normalization": 1.353199482563411,
  "batch_size": 60.292874512161866,
  "block_size": 1.660295434217888,
  "channels": 2.3501207011055443,
  "conv_activation": -0.4010977220896137,
  "debug": false,
  "dense_activation": 0.3576233536434281,
  "dilation_rate": 3.546602588956574,
  "dropout": 0.7120245436669898,
  "epochs": 100,
  "experiment": "cnn_multichannel_rna",
  "extra_channel": true,
  "fc1": 182.15645986144426,
  "fc2": 66.02353410612011,
  "kernel_size": 0,
  "l1": 0.0006073149174210628,
  "l2": 0.0003993212286393733,
  "lr": 0.0008993495088422249,
  "min_score": 0.15,
  "nblocks": 2.040776474569332,
  "net": "cnn",
  "timeout": 10800,
  "train_verbose": true,
  "working_dir": "/home/dasolma/papers/fer-rna/src"
}