{
  "batch_normalization": -0.43342287404798197,
  "batch_size": 63.17520390748611,
  "block_size": 2.9481358039724945,
  "conv_activation": 0.48735801949469104,
  "debug": false,
  "dense_activation": 2.1488195691120167,
  "dilation_rate": 1.9407578096622278,
  "dropout": 0.6198172404041492,
  "epochs": 100,
  "experiment": "cnn_l2",
  "extra_channel": true,
  "fc1": 64.26535196033896,
  "fc2": 254.3176165787129,
  "kernel_size": 0,
  "l1": 0.0006804651310328722,
  "l2": 0.0001229942929096206,
  "lr": 0.00012653179388226804,
  "min_score": 15,
  "nblocks": 1.916645073105257,
  "net": "cnn",
  "timeout": 10800,
  "train_verbose": true,
  "working_dir": "/home/dasolma/papers/rul_stacked/src"
}