{
  "batch_normalization": 1.4538179092829828,
  "batch_size": 34.13236884266445,
  "block_size": 2.6375356369598393,
  "conv_activation": -0.3056031836304961,
  "debug": false,
  "dense_activation": 2.39676582951076,
  "dilation_rate": 8.753826260427239,
  "dropout": 0.6363682254745302,
  "epochs": 100,
  "experiment": "cnn_l2",
  "extra_channel": true,
  "fc1": 66.36260318755414,
  "fc2": 255.9197289437789,
  "kernel_size": 0,
  "l1": 0.0005139848242733763,
  "l2": 0.0009943066911365023,
  "lr": 0.0007934892247241877,
  "min_score": 15,
  "nblocks": 2.8842063792650654,
  "net": "cnn",
  "timeout": 10800,
  "train_verbose": true,
  "working_dir": "/home/dasolma/papers/rul_stacked/src"
}