{
  "attention": 1.362309548321562,
  "batch_normalization": 0.8850992953831962,
  "batch_size": 50.24195744285968,
  "bidirectional": -0.31564701245846294,
  "cell_type": 0.7200144533983395,
  "debug": false,
  "dense_activation": 2.4601615503127903,
  "dropout": 0.12607561371287163,
  "epochs": 100,
  "experiment": "cnn_rnn_rna",
  "extra_channel": false,
  "fc1": 163.51929325383745,
  "fc2": 232.45562981016744,
  "l1": 0.0007407686177542045,
  "l2": 0.000697015740995268,
  "lr": 0.0007054592431472382,
  "lstm_units": 56.26300893661258,
  "min_score": 0.15,
  "nblocks": 2.38490369590819,
  "net": "rnn",
  "num_embeddings": 261.8722310957027,
  "timeout": 10800,
  "train_verbose": true,
  "window": 424.0453578716723,
  "working_dir": "/home/dasolma/papers/fer-rna/src"
}