{
  "batch_normalization": -0.09250429938999827,
  "batch_size": 53.03326001832485,
  "block_size": 1.8405031486449441,
  "conv_activation": 1.5707673165571758,
  "debug": false,
  "dense_activation": -0.40388441271484743,
  "dilation_rate": 6.320314163031452,
  "dropout": 0.2822470174340236,
  "epochs": 100,
  "extra_channel": true,
  "f1": 8.13058452082176,
  "f2": 11.361278916255037,
  "f3": 13.301695532338012,
  "fc1": 141.10105237797382,
  "fc2": 100,
  "kernel_size": 1.5828825529884105,
  "kernels": [
    [
      2,
      3
    ],
    [
      2,
      5
    ],
    [
      2,
      10
    ],
    [
      1,
      3
    ],
    [
      1,
      5
    ],
    [
      1,
      10
    ]
  ],
  "l1": 0.0004000051887005108,
  "l2": 0.00037326511099524475,
  "lr": 0.000904810201174452,
  "min_score": 15,
  "msblocks": 0.5352535070770323,
  "nblocks": 2.3677176131274185,
  "net": "mscnn",
  "timeout": 10800,
  "train_verbose": true,
  "window": 474.00810162728885,
  "working_dir": "/home/dasolma/papers/rul_stacked/src"
}