{
  "batch_normalization": 0.49685048194086456,
  "batch_size": 62.8655182929443,
  "block_size": 1.7277316278556991,
  "conv_activation": 1.8322522953558018,
  "debug": false,
  "dense_activation": 1.9726441720639214,
  "dilation_rate": 10.086531021092572,
  "dropout": 0.14733463352113815,
  "epochs": 100,
  "experiment": "cnn_l2",
  "extra_channel": true,
  "fc1": 255.18746197650808,
  "fc2": 252.02835023783572,
  "kernel_size": 0,
  "l1": 0.0007340272776297758,
  "l2": 0.0003779373409609478,
  "lr": 0.0007968149334954055,
  "min_score": 15,
  "nblocks": 3.1107624752149112,
  "net": "cnn",
  "timeout": 10800,
  "train_verbose": true,
  "working_dir": "/home/dasolma/papers/rul_stacked/src"
}