{
  "attention": -0.22057888076926835,
  "batch_normalization": 0.9984230280468074,
  "batch_size": 40.52406040532675,
  "bidirectional": -0.38796890100189474,
  "cell_type": 1.4372717003259639,
  "debug": false,
  "dense_activation": 1.127774897806816,
  "dropout": 0.2519285337753262,
  "epochs": 100,
  "extra_channel": false,
  "fc1": 192.94555258775785,
  "fc2": 100,
  "kernels": [
    [
      2,
      3
    ],
    [
      2,
      5
    ],
    [
      2,
      10
    ],
    [
      1,
      3
    ],
    [
      1,
      5
    ],
    [
      1,
      10
    ]
  ],
  "l1": 0.0003450397531755526,
  "l2": 0.000540773709453054,
  "lr": 0.00019657453891947863,
  "lstm_units": 68.53449143282515,
  "min_score": 15,
  "nblocks": 1.5671616522281946,
  "net": "rnn",
  "timeout": 10800,
  "train_verbose": true,
  "window": 290.593447750014,
  "working_dir": "/home/dasolma/papers/rul_stacked/src"
}