{
  "batch_normalization": -0.19702939212517112,
  "batch_size": 61.115212850997544,
  "block_size": 3.0498568798321726,
  "channels": 2.1615537053009746,
  "conv_activation": 2.476477735184864,
  "debug": false,
  "dense_activation": -0.33849551024887004,
  "dilation_rate": 3.2564731129099354,
  "dropout": 0.0973425890122378,
  "epochs": 100,
  "experiment": "cnn_multichannel_rna",
  "extra_channel": true,
  "fc1": 180.56039530729552,
  "fc2": 65.48145421671745,
  "kernel_size": 0,
  "l1": 0.0005530723553425404,
  "l2": 0.0009710512081986387,
  "lr": 0.0005091717363585697,
  "min_score": 0.15,
  "nblocks": 2.1069499820550943,
  "net": "cnn",
  "timeout": 10800,
  "train_verbose": true,
  "working_dir": "/home/dasolma/papers/fer-rna/src"
}