{
  "batch_normalization": 1.1580255352437743,
  "batch_size": 33.35846108631955,
  "block_size": 2.5057316472510514,
  "conv_activation": 0.0520384389544688,
  "debug": false,
  "dense_activation": 0.3666700473781902,
  "dilation_rate": 10.230419535537253,
  "dropout": 0.7885241113639894,
  "epochs": 100,
  "experiment": "cnn_l2",
  "extra_channel": true,
  "fc1": 249.032076307603,
  "fc2": 255.28578685265737,
  "kernel_size": 0,
  "l1": 0.00022025236333706933,
  "l2": 0.0007609749753196305,
  "lr": 0.00014200026404745427,
  "min_score": 15,
  "nblocks": 1.5878819207012245,
  "net": "cnn",
  "timeout": 10800,
  "train_verbose": true,
  "working_dir": "/home/dasolma/papers/rul_stacked/src"
}