{
  "batch_normalization": -0.5,
  "batch_size": 44.50954987722741,
  "block_size": 2.3957538804459264,
  "conv_activation": 1.1676539171208573,
  "debug": false,
  "dense_activation": 2.3996077655620125,
  "dilation_rate": 0.808483167706921,
  "dropout": 0.6088056056525399,
  "epochs": 100,
  "extra_channel": true,
  "f1": 13.85039014486271,
  "f2": 7.264326348729854,
  "f3": 13.797237500283874,
  "fc1": 187.206622246506,
  "fc2": 100,
  "kernel_size": -0.12726661311463705,
  "kernels": [
    [
      2,
      3
    ],
    [
      2,
      5
    ],
    [
      2,
      10
    ],
    [
      1,
      3
    ],
    [
      1,
      5
    ],
    [
      1,
      10
    ]
  ],
  "l1": 0.0,
  "l2": 0.0006611721749585633,
  "lr": 1e-05,
  "min_score": 15,
  "msblocks": 1.6566317784767883,
  "nblocks": 3.49,
  "net": "mscnn",
  "timeout": 10800,
  "train_verbose": true,
  "window": 320.8136625025053,
  "working_dir": "/home/dasolma/papers/rul_stacked/src"
}