{
  "batch_normalization": 1.2014402543100762,
  "batch_size": 36.19637951548293,
  "block_size": 2.9718654249948515,
  "conv_activation": 1.407807651992974,
  "debug": false,
  "dense_activation": 1.3438399767807379,
  "dilation_rate": 8.021064310523757,
  "dropout": 0.7227282251185765,
  "epochs": 100,
  "extra_channel": true,
  "f1": 11.35465019427348,
  "f2": 15.072145147287534,
  "f3": 7.056491109965151,
  "fc1": 235.64931530123272,
  "fc2": 100,
  "kernel_size": 2.9763197668030426,
  "kernels": [
    [
      2,
      3
    ],
    [
      2,
      5
    ],
    [
      2,
      10
    ],
    [
      1,
      3
    ],
    [
      1,
      5
    ],
    [
      1,
      10
    ]
  ],
  "l1": 5.1888502658330895e-05,
  "l2": 0.0008406204662329283,
  "lr": 0.0005032230101731135,
  "min_score": 15,
  "msblocks": 1.117805761301402,
  "nblocks": 2.718986072550938,
  "net": "mscnn",
  "timeout": 10800,
  "train_verbose": true,
  "window": 260.3702190576358,
  "working_dir": "/home/dasolma/papers/rul_stacked/src"
}