{
  "batch_normalization": 0.08942528909316672,
  "batch_size": 34.024244695098346,
  "block_size": 2.393051710634942,
  "conv_activation": -0.18720265456062457,
  "debug": false,
  "dense_activation": 0.37735085988450945,
  "dilation_rate": 9.878916443936731,
  "dropout": 0.4151199256209619,
  "epochs": 100,
  "experiment": "cnn_l2",
  "extra_channel": true,
  "fc1": 64.55684307524089,
  "fc2": 254.94869572250508,
  "kernel_size": 0,
  "l1": 0.0009629104952954633,
  "l2": 0.0003469866645704405,
  "lr": 0.0008945419509401463,
  "min_score": 15,
  "nblocks": 2.9535396375761485,
  "net": "cnn",
  "timeout": 10800,
  "train_verbose": true,
  "working_dir": "/home/dasolma/papers/rul_stacked/src"
}