{
  "batch_normalization": 0.6652025120019731,
  "batch_size": 60.96569080408899,
  "block_size": 2.8988039725001054,
  "conv_activation": 0.8898734607251713,
  "debug": false,
  "dense_activation": 0.028656813548677884,
  "dilation_rate": 7.300583549294955,
  "dropout": 0.7051879214897653,
  "epochs": 100,
  "experiment": "cnn_l2",
  "extra_channel": true,
  "fc1": 96.72985167622744,
  "fc2": 170.59034836114827,
  "kernel_size": 0,
  "l1": 0.00019320050146946012,
  "l2": 0.0008686974155382141,
  "lr": 0.0003625524535649836,
  "min_score": 15,
  "nblocks": 2.5261863966635816,
  "net": "cnn",
  "timeout": 10800,
  "train_verbose": true,
  "working_dir": "/home/dasolma/papers/rul_stacked/src"
}