{
  "batch_normalization": 1.34014030037434,
  "batch_size": 60.07485930819139,
  "block_size": 2.0207244228760084,
  "channels": 2.8167684111476747,
  "conv_activation": 1.9416666006036476,
  "debug": false,
  "dense_activation": 1.1556024347983869,
  "dilation_rate": 5.795912771992945,
  "dropout": 0.21766706181040651,
  "epochs": 100,
  "experiment": "cnn_multichannel_rna",
  "extra_channel": true,
  "fc1": 81.87573141873264,
  "fc2": 236.26542552703873,
  "kernel_size": 0,
  "l1": 0.0009004180571633304,
  "l2": 0.0006331014572732679,
  "lr": 0.0003456394931382137,
  "min_score": 0.15,
  "nblocks": 2.2014349577330687,
  "net": "cnn",
  "timeout": 10800,
  "train_verbose": true,
  "working_dir": "/home/dasolma/papers/fer-rna/src"
}