{
  "batch_normalization": 0.11396413291692309,
  "batch_size": 63.60714422407591,
  "block_size": 2.011173770240446,
  "conv_activation": 0.05435348634462378,
  "debug": false,
  "dense_activation": -0.0009194294710541673,
  "dilation_rate": 7.060131410311362,
  "dropout": 0.15309385871863365,
  "epochs": 100,
  "extra_channel": true,
  "f1": 3.3877253414525317,
  "f2": 13.804041983822083,
  "f3": 6.233194118683029,
  "fc1": 173.4812282333864,
  "fc2": 100,
  "kernel_size": 5.048308443697508,
  "kernels": [
    [
      2,
      3
    ],
    [
      2,
      5
    ],
    [
      2,
      10
    ],
    [
      1,
      3
    ],
    [
      1,
      5
    ],
    [
      1,
      10
    ]
  ],
  "l1": 0.0005720849085825491,
  "l2": 0.0007764480558996928,
  "lr": 0.0008032025819578366,
  "min_score": 15,
  "msblocks": -0.4757048117564762,
  "nblocks": 2.173580344285674,
  "net": "mscnn",
  "timeout": 10800,
  "train_verbose": true,
  "window": 483.6080601901725,
  "working_dir": "/home/dasolma/papers/rul_stacked/src"
}