{
  "batch_normalization": -0.2199011331034828,
  "batch_size": 33.80069881230946,
  "block_size": 3.1201224416309694,
  "conv_activation": 0.6360197756446866,
  "debug": false,
  "dense_activation": 1.4508034801793326,
  "dilation_rate": 9.268996063954837,
  "dropout": 0.23791369002592747,
  "epochs": 100,
  "experiment": "cnn_l2",
  "extra_channel": true,
  "fc1": 70.30404265913663,
  "fc2": 64.1621768848839,
  "kernel_size": 0,
  "l1": 0.00034317110797523674,
  "l2": 0.00034453205834143833,
  "lr": 0.0006444995724966089,
  "min_score": 15,
  "nblocks": 2.041358939401505,
  "net": "cnn",
  "timeout": 10800,
  "train_verbose": true,
  "working_dir": "/home/dasolma/papers/rul_stacked/src"
}