{
  "batch_normalization": 1.1937619763185452,
  "batch_size": 42.14150416500088,
  "block_size": 1.8455956384384633,
  "conv_activation": 1.1604037873750503,
  "debug": false,
  "dense_activation": 2.298464322482343,
  "dilation_rate": 7.456377370816231,
  "dropout": 0.5130550530804285,
  "epochs": 100,
  "extra_channel": true,
  "f1": 3.7713508891445757,
  "f2": 10.492793802555223,
  "f3": 15.360898974353338,
  "fc1": 90.89613092541262,
  "fc2": 100,
  "kernel_size": 2.5999779141824204,
  "kernels": [
    [
      2,
      3
    ],
    [
      2,
      5
    ],
    [
      2,
      10
    ],
    [
      1,
      3
    ],
    [
      1,
      5
    ],
    [
      1,
      10
    ]
  ],
  "l1": 0.0008773730719279554,
  "l2": 0.0007407686177542045,
  "lr": 0.0007000455835853153,
  "min_score": 15,
  "msblocks": 2.302911495108566,
  "nblocks": 2.2217924794151154,
  "net": "mscnn",
  "timeout": 10800,
  "train_verbose": true,
  "window": 195.52914623049304,
  "working_dir": "/home/dasolma/papers/rul_stacked/src"
}