{
  "batch_normalization": -0.14833988691312022,
  "batch_size": 33.182239078598116,
  "block_size": 2.350522579939856,
  "conv_activation": -0.38090045264497807,
  "debug": false,
  "dense_activation": 2.4651005004391635,
  "dilation_rate": 9.528941905985892,
  "dropout": 0.8850190907662998,
  "epochs": 100,
  "experiment": "cnn_l2",
  "extra_channel": true,
  "fc1": 67.28900161296193,
  "fc2": 73.08346916285055,
  "kernel_size": 0,
  "l1": 0.0005593300421866637,
  "l2": 0.000266709674018324,
  "lr": 7.471592970852675e-05,
  "min_score": 15,
  "nblocks": 2.1520823009495236,
  "net": "cnn",
  "timeout": 10800,
  "train_verbose": true,
  "working_dir": "/home/dasolma/papers/rul_stacked/src"
}