{
  "attention": -0.10890694028910475,
  "batch_normalization": 0.810659304056738,
  "batch_size": 44.77239929531466,
  "bidirectional": -0.25184720890140033,
  "cell_type": 1.1718037502590428,
  "debug": false,
  "dense_activation": 0.24555520775471584,
  "dropout": 0.2905076469266809,
  "epochs": 100,
  "experiment": "cnn_rnn_rna",
  "extra_channel": false,
  "fc1": 170.5371925561334,
  "fc2": 228.85604177960272,
  "l1": 0.0008101183475939671,
  "l2": 0.0006423992517002535,
  "lr": 0.0006468062474698722,
  "lstm_units": 54.17430845360565,
  "min_score": 0.15,
  "nblocks": 3.680753881978341,
  "net": "rnn",
  "num_embeddings": 270.80221547057016,
  "timeout": 10800,
  "train_verbose": true,
  "window": 426.8005823840161,
  "working_dir": "/home/dasolma/papers/fer-rna/src"
}