{
  "batch_normalization": 0.6090335227605155,
  "batch_size": 33.76737851470767,
  "block_size": 2.8701000166455617,
  "conv_activation": 2.214561609278393,
  "debug": false,
  "dense_activation": 0.8832467196999263,
  "dilation_rate": 1.0912716706879908,
  "dropout": 0.0108230541398037,
  "epochs": 100,
  "experiment": "cnn_l2",
  "extra_channel": true,
  "fc1": 250.72835999602594,
  "fc2": 252.88253617809727,
  "kernel_size": 0,
  "l1": 0.0004166370574573026,
  "l2": 0.0007909341186745616,
  "lr": 0.00026120062830725654,
  "min_score": 15,
  "nblocks": 2.277042430055224,
  "net": "cnn",
  "timeout": 10800,
  "train_verbose": true,
  "working_dir": "/home/dasolma/papers/rul_stacked/src"
}