{
  "batch_normalization": 0.5679598000437669,
  "batch_size": 55.76631992579369,
  "block_size": 2.7979028935467154,
  "conv_activation": 0.6574548627763692,
  "debug": false,
  "dense_activation": 2.005529879906754,
  "dilation_rate": 5.476568119300848,
  "dropout": 0.3824917999960592,
  "epochs": 100,
  "extra_channel": true,
  "f1": 4.085320378466845,
  "f2": 9.508786816318189,
  "f3": 12.162392360571408,
  "fc1": 139.40963644951321,
  "fc2": 100,
  "kernel_size": 4.262824003263425,
  "kernels": [
    [
      2,
      3
    ],
    [
      2,
      5
    ],
    [
      2,
      10
    ],
    [
      1,
      3
    ],
    [
      1,
      5
    ],
    [
      1,
      10
    ]
  ],
  "l1": 0.000294528191574664,
  "l2": 0.0002398422249477985,
  "lr": 0.0009075661745508412,
  "min_score": 15,
  "msblocks": -0.3440701122994132,
  "nblocks": 1.511370448999027,
  "net": "mscnn",
  "timeout": 10800,
  "train_verbose": true,
  "window": 490.29200536484205,
  "working_dir": "/home/dasolma/papers/rul_stacked/src"
}