{
  "batch_normalization": -0.5,
  "batch_size": 44.47669419999819,
  "block_size": 2.3982384217834185,
  "conv_activation": 1.163624810550132,
  "debug": false,
  "dense_activation": 2.409640425964954,
  "dilation_rate": 0.8050265443110254,
  "dropout": 0.6151187630136965,
  "epochs": 100,
  "extra_channel": true,
  "f1": 13.933462247040104,
  "f2": 7.225448506316607,
  "f3": 13.795852917630791,
  "fc1": 187.11947611082354,
  "fc2": 100,
  "kernel_size": -0.14626845249850035,
  "kernels": [
    [
      2,
      3
    ],
    [
      2,
      5
    ],
    [
      2,
      10
    ],
    [
      1,
      3
    ],
    [
      1,
      5
    ],
    [
      1,
      10
    ]
  ],
  "l1": 0.0,
  "l2": 0.0006613971358311057,
  "lr": 1e-05,
  "min_score": 15,
  "msblocks": 1.6526434776327994,
  "nblocks": 3.49,
  "net": "mscnn",
  "timeout": 10800,
  "train_verbose": true,
  "window": 320.79635695327033,
  "working_dir": "/home/dasolma/papers/rul_stacked/src"
}