{
  "batch_normalization": -0.013648035121285707,
  "batch_size": 58.73536007142935,
  "block_size": 3.1225916022746976,
  "channels": 3.105539190189571,
  "conv_activation": 0.9158617192041578,
  "debug": false,
  "dense_activation": 0.2831474845405658,
  "dilation_rate": 2.551195361402563,
  "dropout": 0.5097451408785099,
  "epochs": 100,
  "experiment": "cnn_multichannel_rna",
  "extra_channel": true,
  "fc1": 180.54252617973663,
  "fc2": 66.74910034625282,
  "kernel_size": 0,
  "l1": 0.0005432181934894849,
  "l2": 0.0005478407644224332,
  "lr": 0.00036958445758051656,
  "min_score": 0.15,
  "nblocks": 1.667452876740363,
  "net": "cnn",
  "timeout": 10800,
  "train_verbose": true,
  "working_dir": "/home/dasolma/papers/fer-rna/src"
}