{
  "batch_normalization": -0.4013571117186093,
  "batch_size": 32.33836893800222,
  "block_size": 2.537684847505242,
  "conv_activation": 1.4951707655805049,
  "debug": false,
  "dense_activation": 0.8269299246182473,
  "dilation_rate": 8.217724179561904,
  "dropout": 0.6587766308978261,
  "epochs": 100,
  "extra_channel": true,
  "f1": 11.166469479810182,
  "f2": 3.609397346034112,
  "f3": 12.741014593385675,
  "fc1": 120.11494037541968,
  "fc2": 100,
  "kernel_size": 4.978885688891035,
  "kernels": [
    [
      2,
      3
    ],
    [
      2,
      5
    ],
    [
      2,
      10
    ],
    [
      1,
      3
    ],
    [
      1,
      5
    ],
    [
      1,
      10
    ]
  ],
  "l1": 0.0005515187188198058,
  "l2": 3.1782144427048854e-05,
  "lr": 0.00015990495821808273,
  "min_score": 15,
  "msblocks": 0.5930572480557668,
  "nblocks": 2.1304521434036676,
  "net": "mscnn",
  "timeout": 10800,
  "train_verbose": true,
  "window": 464.9732843263976,
  "working_dir": "/home/dasolma/papers/rul_stacked/src"
}