{
  "batch_normalization": 1.3350923280205125,
  "batch_size": 33.16651760124895,
  "block_size": 2.7189635422892056,
  "conv_activation": 2.447380509892996,
  "debug": false,
  "dense_activation": 0.2706177658108677,
  "dilation_rate": 1.4486934759907415,
  "dropout": 0.6652079700867887,
  "epochs": 100,
  "experiment": "cnn_l2",
  "extra_channel": true,
  "fc1": 65.71234133107592,
  "fc2": 252.26607143788667,
  "kernel_size": 0,
  "l1": 0.00010560646124797213,
  "l2": 7.158818997577054e-05,
  "lr": 0.0004767129076407059,
  "min_score": 15,
  "nblocks": 1.8761953534907994,
  "net": "cnn",
  "timeout": 10800,
  "train_verbose": true,
  "working_dir": "/home/dasolma/papers/rul_stacked/src"
}