{
  "attention": 1.2207653773121818,
  "batch_normalization": 0.9868692072014325,
  "batch_size": 60.630752974801474,
  "bidirectional": 0.3590369497231263,
  "cell_type": 0.15373908866452823,
  "debug": false,
  "dense_activation": 2.07545697597093,
  "dropout": 0.20845077316811852,
  "epochs": 100,
  "extra_channel": false,
  "fc1": 215.76796517230142,
  "fc2": 100,
  "kernels": [
    [
      2,
      3
    ],
    [
      2,
      5
    ],
    [
      2,
      10
    ],
    [
      1,
      3
    ],
    [
      1,
      5
    ],
    [
      1,
      10
    ]
  ],
  "l1": 0.0003700697686937945,
  "l2": 0.00019353029997405834,
  "lr": 0.0009894595346724246,
  "lstm_units": 124.22819340959718,
  "min_score": 15,
  "nblocks": 3.7407780097694765,
  "net": "rnn",
  "timeout": 10800,
  "train_verbose": true,
  "window": 128.29718114374654,
  "working_dir": "/home/dasolma/papers/rul_stacked/src"
}