{
  "batch_normalization": -0.45400696248567746,
  "batch_size": 46.939380512709505,
  "block_size": 3.0164518570781227,
  "conv_activation": 2.333119962603157,
  "debug": false,
  "dense_activation": -0.23175797350610539,
  "dilation_rate": 0.5935669613816762,
  "dropout": 0.08103440528376664,
  "epochs": 100,
  "extra_channel": true,
  "f1": 14.844907892654211,
  "f2": 4.574787650924593,
  "f3": 12.239598566951905,
  "fc1": 209.98093507513687,
  "fc2": 100,
  "kernel_size": 0.06120049840894515,
  "kernels": [
    [
      2,
      3
    ],
    [
      2,
      5
    ],
    [
      2,
      10
    ],
    [
      1,
      3
    ],
    [
      1,
      5
    ],
    [
      1,
      10
    ]
  ],
  "l1": 0.00025523213480114083,
  "l2": 4.248868238826698e-05,
  "lr": 0.00017838289206466705,
  "min_score": 15,
  "msblocks": 3.0981204767855886,
  "nblocks": 1.5884400658418958,
  "net": "mscnn",
  "timeout": 10800,
  "train_verbose": true,
  "window": 324.5952614334815,
  "working_dir": "/home/dasolma/papers/rul_stacked/src"
}