{
  "batch_normalization": 0.8626861490674791,
  "batch_size": 61.0715011231711,
  "block_size": 1.8607302886596349,
  "channels": 2.728189106484879,
  "conv_activation": 2.204627170040248,
  "debug": false,
  "dense_activation": 0.3490503646361206,
  "dilation_rate": 2.3623798060610035,
  "dropout": 0.6139039878295907,
  "epochs": 100,
  "experiment": "cnn_multichannel_rna",
  "extra_channel": true,
  "fc1": 182.45659152286308,
  "fc2": 67.53793200954979,
  "kernel_size": 0,
  "l1": 0.00022608169516616028,
  "l2": 0.000925910890154393,
  "lr": 1.450921665208046e-05,
  "min_score": 0.15,
  "nblocks": 2.4934616314684637,
  "net": "cnn",
  "timeout": 10800,
  "train_verbose": true,
  "working_dir": "/home/dasolma/papers/fer-rna/src"
}