{
  "batch_normalization": 0.1873414410923343,
  "batch_size": 53.83352649404119,
  "block_size": 2.709863023825667,
  "channels": 1.7492225277655902,
  "conv_activation": 1.5813100596885492,
  "debug": false,
  "dense_activation": 0.39659047820466886,
  "dilation_rate": 4.505636072398414,
  "dropout": 0.858145992706534,
  "epochs": 100,
  "experiment": "cnn_multichannel_rna",
  "extra_channel": true,
  "fc1": 190.89378199774507,
  "fc2": 227.9584996947834,
  "kernel_size": 0,
  "l1": 0.0007870458634749187,
  "l2": 0.0005048352021467854,
  "lr": 0.0006108656855630355,
  "min_score": 0.15,
  "nblocks": 2.3485214714120133,
  "net": "cnn",
  "timeout": 10800,
  "train_verbose": true,
  "working_dir": "/home/dasolma/papers/fer-rna/src"
}