{
  "batch_normalization": 0.9287727375654848,
  "batch_size": 37.61754662632663,
  "block_size": 3.36456078531827,
  "channels": 2.512426978166038,
  "conv_activation": 1.5412955838202944,
  "debug": false,
  "dense_activation": 1.8962083226801647,
  "dilation_rate": 5.87851987234058,
  "dropout": 0.055991525249892884,
  "epochs": 100,
  "experiment": "cnn_multichannel_rna",
  "extra_channel": true,
  "fc1": 149.36011943892825,
  "fc2": 247.06153278114422,
  "kernel_size": 0,
  "l1": 0.000925863897131821,
  "l2": 0.000748242120256196,
  "lr": 0.00041337463982040796,
  "min_score": 0.15,
  "nblocks": 1.648358734184038,
  "net": "cnn",
  "timeout": 10800,
  "train_verbose": true,
  "working_dir": "/home/dasolma/papers/fer-rna/src"
}