{
  "batch_normalization": 1.0503749527531077,
  "batch_size": 56.58995971953846,
  "block_size": 2.3567349482269173,
  "conv_activation": 1.01978207906034,
  "debug": false,
  "dense_activation": 1.765350369547799,
  "dilation_rate": 0.7200015117885564,
  "dropout": 0.7569536491886898,
  "epochs": 100,
  "extra_channel": true,
  "f1": 9.04590316363685,
  "f2": 3.6951391641778075,
  "f3": 5.100761878530371,
  "fc1": 66.9012938365411,
  "fc2": 100,
  "kernel_size": 3.2013197989404745,
  "kernels": [
    [
      2,
      3
    ],
    [
      2,
      5
    ],
    [
      2,
      10
    ],
    [
      1,
      3
    ],
    [
      1,
      5
    ],
    [
      1,
      10
    ]
  ],
  "l1": 0.0009071306824912686,
  "l2": 0.0003736066170728175,
  "lr": 0.0008432316994934613,
  "min_score": 15,
  "msblocks": 0.07335049605236332,
  "nblocks": 1.7372399927017543,
  "net": "mscnn",
  "timeout": 10800,
  "train_verbose": true,
  "window": 401.4836505316156,
  "working_dir": "/home/dasolma/papers/rul_stacked/src"
}