{
  "batch_normalization": -0.2997315843232085,
  "batch_size": 33.18033848252225,
  "block_size": 2.259877409300776,
  "conv_activation": 2.2842718076451067,
  "debug": false,
  "dense_activation": 0.6637953436020514,
  "dilation_rate": 9.766349967980208,
  "dropout": 0.7677019152134477,
  "epochs": 100,
  "experiment": "cnn_l2",
  "extra_channel": true,
  "fc1": 65.00176349408112,
  "fc2": 250.44294882823914,
  "kernel_size": 0,
  "l1": 8.500335724444674e-05,
  "l2": 2.5684233649031163e-05,
  "lr": 0.0004898656506540305,
  "min_score": 15,
  "nblocks": 3.4548164853623184,
  "net": "cnn",
  "timeout": 10800,
  "train_verbose": true,
  "working_dir": "/home/dasolma/papers/rul_stacked/src"
}