{
  "attention": 0.5535595398534365,
  "batch_normalization": 0.4518081261474206,
  "batch_size": 47.606965666571,
  "bidirectional": 1.2930051002981005,
  "cell_type": 0.5345872798794487,
  "debug": false,
  "dense_activation": 2.349379025202934,
  "dropout": 0.3540437424419005,
  "epochs": 100,
  "experiment": "cnn_rnn_rna",
  "extra_channel": false,
  "fc1": 130.62551689554036,
  "fc2": 83.16591684720761,
  "l1": 0.0003287189914076455,
  "l2": 0.0008606885644919109,
  "lr": 0.00031827862700148477,
  "lstm_units": 96.67111166994802,
  "min_score": 0.15,
  "nblocks": 3.814499922917106,
  "net": "rnn",
  "num_embeddings": 233.44130304299208,
  "timeout": 10800,
  "train_verbose": true,
  "window": 148.87604258767266,
  "working_dir": "/home/dasolma/papers/fer-rna/src"
}