{
  "batch_normalization": 1.2212897257849904,
  "batch_size": 63.458930716209586,
  "block_size": 3.359956614319514,
  "conv_activation": 2.3065821195330667,
  "debug": false,
  "dense_activation": 1.4482609067186158,
  "dilation_rate": 9.745980305664693,
  "dropout": 0.8723881500764591,
  "epochs": 100,
  "experiment": "cnn_l2",
  "extra_channel": true,
  "fc1": 255.03721219004592,
  "fc2": 250.4964700186697,
  "kernel_size": 0,
  "l1": 0.00046990986200679777,
  "l2": 0.0003433275327352,
  "lr": 5.8939721275344795e-05,
  "min_score": 15,
  "nblocks": 2.596624350575448,
  "net": "cnn",
  "timeout": 10800,
  "train_verbose": true,
  "working_dir": "/home/dasolma/papers/rul_stacked/src"
}