{
  "batch_normalization": 0.018328163654793395,
  "batch_size": 60.03211428726613,
  "block_size": 3.111845145785308,
  "conv_activation": -0.29840616390990415,
  "debug": false,
  "dense_activation": 0.745938984647657,
  "dilation_rate": 0.9914690917296446,
  "dropout": 0.7154993267223787,
  "epochs": 100,
  "experiment": "cnn_l2",
  "extra_channel": true,
  "fc1": 64.52623617186362,
  "fc2": 67.95212995211756,
  "kernel_size": 0,
  "l1": 0.0009178959460158962,
  "l2": 1.4490379286621669e-05,
  "lr": 0.0006194162013690766,
  "min_score": 15,
  "nblocks": 2.274917458676682,
  "net": "cnn",
  "timeout": 10800,
  "train_verbose": true,
  "working_dir": "/home/dasolma/papers/rul_stacked/src"
}