{
  "batch_normalization": -0.20895201933996604,
  "batch_size": 58.5017750530905,
  "block_size": 1.7218294089875406,
  "channels": 3.49,
  "conv_activation": -0.51,
  "debug": false,
  "dense_activation": -0.51,
  "dilation_rate": 6.325151958514883,
  "dropout": 0.15708243864338695,
  "epochs": 100,
  "experiment": "cnn_multichannel_rna",
  "extra_channel": true,
  "fc1": 182.72522891080453,
  "fc2": 224.0336876812357,
  "kernel_size": 0,
  "l1": 0.0006132543332487238,
  "l2": 0.0006887980645375033,
  "lr": 0.001,
  "min_score": 0.15,
  "nblocks": 3.49,
  "net": "cnn",
  "timeout": 10800,
  "train_verbose": true,
  "working_dir": "/home/dasolma/papers/fer-rna/src"
}