{
  "batch_normalization": 0.6975276498877414,
  "batch_size": 47.11285825343289,
  "block_size": 1.8734968589408885,
  "channels": 2.0969323180614565,
  "conv_activation": 2.2919966781860914,
  "debug": false,
  "dense_activation": 1.703907455632513,
  "dilation_rate": 10.314514877742704,
  "dropout": 0.30145888994394976,
  "epochs": 100,
  "experiment": "cnn_multichannel_rna",
  "extra_channel": true,
  "fc1": 146.55660515790356,
  "fc2": 221.31751772567503,
  "kernel_size": 0,
  "l1": 0.0002608144461115688,
  "l2": 0.0006307804473307816,
  "lr": 0.0006982092378752789,
  "min_score": 0.15,
  "nblocks": 3.1996746739513098,
  "net": "cnn",
  "timeout": 10800,
  "train_verbose": true,
  "working_dir": "/home/dasolma/papers/fer-rna/src"
}