{
  "batch_normalization": 0.5876412524992141,
  "batch_size": 60.95008335343851,
  "block_size": 2.1106812764605447,
  "conv_activation": 0.8841561621069074,
  "debug": false,
  "dense_activation": 1.9929501585300267,
  "dilation_rate": 3.2671300164813903,
  "dropout": 0.4842634283415226,
  "epochs": 100,
  "extra_channel": true,
  "f1": 13.261288169774927,
  "f2": 4.035475168091508,
  "f3": 6.041034257006737,
  "fc1": 169.40637028841238,
  "fc2": 100,
  "kernel_size": 4.051358592898803,
  "kernels": [
    [
      2,
      3
    ],
    [
      2,
      5
    ],
    [
      2,
      10
    ],
    [
      1,
      3
    ],
    [
      1,
      5
    ],
    [
      1,
      10
    ]
  ],
  "l1": 0.00018459330493213522,
  "l2": 0.000770299434167411,
  "lr": 0.0004360701767422271,
  "min_score": 15,
  "msblocks": 3.1984648129255575,
  "nblocks": 2.71596445002442,
  "net": "mscnn",
  "timeout": 10800,
  "train_verbose": true,
  "window": 73.06431408854114,
  "working_dir": "/home/dasolma/papers/rul_stacked/src"
}