{
  "batch_normalization": 0.1498581880989459,
  "batch_size": 48.05790617006741,
  "block_size": 2.4073686119260955,
  "channels": 2.6393948504619464,
  "conv_activation": 1.7402256693492946,
  "debug": false,
  "dense_activation": 1.4348618326165663,
  "dilation_rate": 1.0518007018125135,
  "dropout": 0.1372181750827032,
  "epochs": 100,
  "experiment": "cnn_multichannel_rna",
  "extra_channel": true,
  "fc1": 225.72595267951965,
  "fc2": 69.15346089688904,
  "kernel_size": 0,
  "l1": 0.0008796207519428087,
  "l2": 0.00024282443961542565,
  "lr": 0.0006406749799705901,
  "min_score": 0.15,
  "nblocks": 3.1676580729665194,
  "net": "cnn",
  "timeout": 10800,
  "train_verbose": true,
  "working_dir": "/home/dasolma/papers/fer-rna/src"
}