{
  "batch_normalization": 1.3667112890619026,
  "batch_size": 61.34707208880624,
  "block_size": 3.4645762964360722,
  "conv_activation": 0.13637043308153152,
  "debug": false,
  "dense_activation": 1.5435238460199712,
  "dilation_rate": 6.83078810137368,
  "dropout": 0.0074752437152678765,
  "epochs": 100,
  "experiment": "cnn_l2",
  "extra_channel": true,
  "fc1": 248.26101310583394,
  "fc2": 255.9564037456484,
  "kernel_size": 0,
  "l1": 0.0007500904220885483,
  "l2": 0.0005128404747838477,
  "lr": 9.627296387110836e-05,
  "min_score": 15,
  "nblocks": 3.4390868994190713,
  "net": "cnn",
  "timeout": 10800,
  "train_verbose": true,
  "working_dir": "/home/dasolma/papers/rul_stacked/src"
}