{
  "attention": 0.7193200060070151,
  "batch_normalization": 0.6234977082383215,
  "batch_size": 59.14707857365376,
  "bidirectional": 0.6763061955271892,
  "cell_type": 1.003113918049654,
  "debug": false,
  "dense_activation": 1.403325545668146,
  "dropout": 0.1551139984336931,
  "epochs": 100,
  "extra_channel": false,
  "fc1": 230.306445146543,
  "fc2": 100,
  "kernels": [
    [
      2,
      3
    ],
    [
      2,
      5
    ],
    [
      2,
      10
    ],
    [
      1,
      3
    ],
    [
      1,
      5
    ],
    [
      1,
      10
    ]
  ],
  "l1": 0.0005994007032688822,
  "l2": 0.0003330771332814153,
  "lr": 0.0003732438686193875,
  "lstm_units": 105.6159104894624,
  "min_score": 15,
  "nblocks": 3.3517813289757896,
  "net": "rnn",
  "timeout": 10800,
  "train_verbose": true,
  "window": 143.16887877499914,
  "working_dir": "/home/dasolma/papers/rul_stacked/src"
}