{
  "batch_normalization": 1.2879300532016384,
  "batch_size": 38.18482619693467,
  "block_size": 3.1227920550831842,
  "channels": 2.9725807642731965,
  "conv_activation": -0.11751764932707376,
  "debug": false,
  "dense_activation": 0.1720219046694661,
  "dilation_rate": 1.0409998647796346,
  "dropout": 0.159580070765935,
  "epochs": 100,
  "experiment": "cnn_multichannel_rna",
  "extra_channel": true,
  "fc1": 146.1028089852336,
  "fc2": 249.32451816906513,
  "kernel_size": 0,
  "l1": 0.000544749435425569,
  "l2": 0.0006195541713813178,
  "lr": 0.0004582512557427448,
  "min_score": 0.15,
  "nblocks": 2.647333459721078,
  "net": "cnn",
  "timeout": 10800,
  "train_verbose": true,
  "working_dir": "/home/dasolma/papers/fer-rna/src"
}