{
  "batch_normalization": 0.8870613245805832,
  "batch_size": 54.4794906875875,
  "block_size": 2.2217924794151154,
  "channels": 2.091311851643697,
  "conv_activation": 1.9180834664355408,
  "debug": false,
  "dense_activation": 1.9203401840375423,
  "dilation_rate": 9.163381739429434,
  "dropout": 0.8219164973008242,
  "epochs": 100,
  "experiment": "cnn_multichannel_rna",
  "extra_channel": true,
  "fc1": 162.17774058130004,
  "fc2": 160.29112857994232,
  "kernel_size": 0,
  "l1": 0.0007982951789667752,
  "l2": 0.0006499639307777651,
  "lr": 0.0007049472084851263,
  "min_score": 0.15,
  "nblocks": 3.0856694854834803,
  "net": "cnn",
  "timeout": 10800,
  "train_verbose": true,
  "working_dir": "/home/dasolma/papers/fer-rna/src"
}