{
  "batch_normalization": 0.4744180237777239,
  "batch_size": 59.78575263511458,
  "block_size": 2.8069142506671207,
  "conv_activation": 1.2849951418416965,
  "debug": false,
  "dense_activation": 1.4460390052607706,
  "dilation_rate": 7.7415778951624175,
  "dropout": 0.5233818046453402,
  "epochs": 100,
  "experiment": "rnn_cnn_l2",
  "extra_channel": true,
  "fc1": 241.3190279090354,
  "fc2": 216.95475068474033,
  "kernel_size": 0,
  "l1": 0.00012395460276327865,
  "l2": 0.0009841517117245874,
  "lr": 0.00033597348111443756,
  "min_score": 15,
  "nblocks": 2.2132955595943615,
  "net": "cnn",
  "timeout": 10800,
  "train_verbose": true,
  "working_dir": "/home/dasolma/papers/fer-rna/src"
}