{
  "batch_normalization": -0.3097547880074185,
  "batch_size": 61.48631386739845,
  "block_size": 1.8231422608370575,
  "conv_activation": 2.213338694241833,
  "debug": false,
  "dense_activation": 0.8444148202793482,
  "dilation_rate": 0.7784242145403648,
  "dropout": 0.6886959948267286,
  "epochs": 100,
  "experiment": "cnn_l2",
  "extra_channel": true,
  "fc1": 72.93621575828104,
  "fc2": 253.7980439293864,
  "kernel_size": 0,
  "l1": 0.0007332607483668072,
  "l2": 0.0006919081348446718,
  "lr": 0.0009653253985699872,
  "min_score": 15,
  "nblocks": 2.1888380216443153,
  "net": "cnn",
  "timeout": 10800,
  "train_verbose": true,
  "working_dir": "/home/dasolma/papers/rul_stacked/src"
}