{
  "batch_normalization": 0.9977101372232577,
  "batch_size": 37.53768597534255,
  "block_size": 1.7316996493394248,
  "channels": 1.7012540593775034,
  "conv_activation": 1.818813868220828,
  "debug": false,
  "dense_activation": -0.4528196895329867,
  "dilation_rate": 8.956949073241157,
  "dropout": 0.29582888636543714,
  "epochs": 100,
  "experiment": "cnn_multichannel_rna",
  "extra_channel": true,
  "fc1": 118.52650076377938,
  "fc2": 165.95137903277498,
  "kernel_size": 0,
  "l1": 0.0009428603756914537,
  "l2": 0.0003589229668456225,
  "lr": 0.0002841178739136524,
  "min_score": 0.15,
  "nblocks": 2.5625834137617067,
  "net": "cnn",
  "timeout": 10800,
  "train_verbose": true,
  "working_dir": "/home/dasolma/papers/fer-rna/src"
}