{
  "attention": 1.0725974267088456,
  "batch_normalization": -0.057803194885572395,
  "batch_size": 54.38135332004791,
  "bidirectional": 0.31234794026898793,
  "cell_type": 1.2174435309939131,
  "debug": false,
  "dense_activation": 1.5419589241616254,
  "dropout": 0.8694397401934906,
  "epochs": 100,
  "extra_channel": false,
  "fc1": 250.40485169113356,
  "fc2": 100,
  "kernels": [
    [
      2,
      3
    ],
    [
      2,
      5
    ],
    [
      2,
      10
    ],
    [
      1,
      3
    ],
    [
      1,
      5
    ],
    [
      1,
      10
    ]
  ],
  "l1": 0.0007452854490433825,
  "l2": 0.00044850091964659337,
  "lr": 0.0009174617354938501,
  "lstm_units": 77.22148679614915,
  "min_score": 15,
  "nblocks": 1.9938165732779534,
  "net": "rnn",
  "timeout": 10800,
  "train_verbose": true,
  "window": 145.11012784125623,
  "working_dir": "/home/dasolma/papers/rul_stacked/src"
}