{
  "batch_normalization": -0.325469360534017,
  "batch_size": 57.87923513636145,
  "block_size": 1.8487673980976052,
  "conv_activation": 2.3927286872584332,
  "debug": false,
  "dense_activation": 0.5852264731595265,
  "dilation_rate": 7.083452280537036,
  "dropout": 0.6815406060372279,
  "epochs": 100,
  "experiment": "cnn_l2",
  "extra_channel": true,
  "fc1": 167.0174136865454,
  "fc2": 81.2953330291902,
  "kernel_size": 0,
  "l1": 0.0006905301195756696,
  "l2": 0.00031571334050075993,
  "lr": 0.0009667737409266439,
  "min_score": 15,
  "nblocks": 1.6507038984337485,
  "net": "cnn",
  "timeout": 10800,
  "train_verbose": true,
  "working_dir": "/home/dasolma/papers/rul_stacked/src"
}