{
  "attention": 0.2064069919655791,
  "batch_normalization": -0.019246459979677333,
  "batch_size": 55.12983762697887,
  "bidirectional": -0.09489418895490309,
  "cell_type": 0.8237131558716622,
  "debug": false,
  "dense_activation": 1.3676454452052382,
  "dropout": 0.5166706084735222,
  "epochs": 100,
  "extra_channel": false,
  "fc1": 223.34648928893264,
  "fc2": 100,
  "kernels": [
    [
      2,
      3
    ],
    [
      2,
      5
    ],
    [
      2,
      10
    ],
    [
      1,
      3
    ],
    [
      1,
      5
    ],
    [
      1,
      10
    ]
  ],
  "l1": 0.0007643776320324319,
  "l2": 0.0002964102455965737,
  "lr": 0.00033742913499581816,
  "lstm_units": 91.69643795848935,
  "min_score": 15,
  "nblocks": 4.229506231942182,
  "net": "rnn",
  "timeout": 10800,
  "train_verbose": true,
  "window": 146.78233077662856,
  "working_dir": "/home/dasolma/papers/rul_stacked/src"
}