{
  "batch_normalization": 0.5799652054849145,
  "batch_size": 36.509575199192405,
  "block_size": 3.0983500218929985,
  "conv_activation": -0.28634806896068754,
  "debug": false,
  "dense_activation": 2.450660809801552,
  "dilation_rate": 8.217002797580642,
  "dropout": 0.17884411338075518,
  "epochs": 100,
  "experiment": "rnn_cnn_l2",
  "extra_channel": true,
  "fc1": 65.06024648773166,
  "fc2": 220.56859426332815,
  "kernel_size": 0,
  "l1": 0.0007068573438476171,
  "l2": 0.0007290071680409873,
  "lr": 0.0007735576432190863,
  "min_score": 15,
  "nblocks": 1.656608410433499,
  "net": "cnn",
  "timeout": 10800,
  "train_verbose": true,
  "working_dir": "/home/dasolma/papers/fer-rna/src"
}