{
  "batch_normalization": 1.151007147706549,
  "batch_size": 37.13361297741883,
  "block_size": 2.295128302824537,
  "conv_activation": 1.30876791659308,
  "debug": false,
  "dense_activation": 0.11323671655609813,
  "dilation_rate": 9.012772813313365,
  "dropout": 0.0038965688915566067,
  "epochs": 100,
  "experiment": "cnn_l2",
  "extra_channel": true,
  "fc1": 183.0002366112436,
  "fc2": 92.36624426895744,
  "kernel_size": 0,
  "l1": 0.000669464085210165,
  "l2": 0.0009895483064146374,
  "lr": 0.0005163449884001168,
  "min_score": 15,
  "nblocks": 1.7160073117991699,
  "net": "cnn",
  "timeout": 10800,
  "train_verbose": true,
  "working_dir": "/home/dasolma/papers/rul_stacked/src"
}