{
  "attention": 0.020404735363450888,
  "batch_normalization": -0.014460609675623681,
  "batch_size": 63.13633775207826,
  "bidirectional": 0.2761954493335208,
  "cell_type": 1.2740931103542266,
  "debug": false,
  "dense_activation": 1.3834158779917887,
  "dropout": 0.7153301731874836,
  "epochs": 100,
  "experiment": "cnn_rnn_rna",
  "extra_channel": false,
  "fc1": 160.5063218761969,
  "fc2": 174.76554584826096,
  "l1": 0.000492517693818864,
  "l2": 0.0001952429877980445,
  "lr": 0.0007252275941088903,
  "lstm_units": 47.44650459337585,
  "min_score": 0.15,
  "nblocks": 1.5824615799657324,
  "net": "rnn",
  "num_embeddings": 229.09445918143356,
  "timeout": 10800,
  "train_verbose": true,
  "window": 170.84427176281957,
  "working_dir": "/home/dasolma/papers/fer-rna/src"
}