{
  "batch_normalization": 0.7573364318188462,
  "batch_size": 56.07294138071454,
  "block_size": 1.7604895732494121,
  "channels": 1.9133956541934982,
  "conv_activation": 0.352453822849757,
  "debug": false,
  "dense_activation": 1.6837743846199056,
  "dilation_rate": 3.172986887263397,
  "dropout": 0.34931725379971784,
  "epochs": 100,
  "experiment": "cnn_multichannel_rna",
  "extra_channel": true,
  "fc1": 188.09018216002258,
  "fc2": 225.69826169437817,
  "kernel_size": 0,
  "l1": 0.000765366867879707,
  "l2": 0.0007809062887342123,
  "lr": 0.0009018595455322581,
  "min_score": 0.15,
  "nblocks": 2.5012533653956304,
  "net": "cnn",
  "timeout": 10800,
  "train_verbose": true,
  "working_dir": "/home/dasolma/papers/fer-rna/src"
}