{
  "batch_normalization": 1.49,
  "batch_size": 58.706163729738286,
  "block_size": 3.004722547171713,
  "channels": 3.49,
  "conv_activation": 2.49,
  "debug": false,
  "dense_activation": -0.51,
  "dilation_rate": 10.49,
  "dropout": 0.5632392942838077,
  "epochs": 100,
  "experiment": "cnn_multichannel_rna",
  "extra_channel": true,
  "fc1": 226.84972151013508,
  "fc2": 233.42223919360995,
  "kernel_size": 0,
  "l1": 0.0001519698754094719,
  "l2": 0.00011817767607058977,
  "lr": 1e-05,
  "min_score": 0.15,
  "nblocks": 2.106467299554633,
  "net": "cnn",
  "timeout": 10800,
  "train_verbose": true,
  "working_dir": "/home/dasolma/papers/fer-rna/src"
}