{
  "attention": 0.8845817884287945,
  "batch_normalization": 0.6171879420843684,
  "batch_size": 61.82496676960987,
  "bidirectional": 0.8123957837973363,
  "cell_type": -0.5096621800146433,
  "debug": false,
  "dense_activation": 2.3033559577243006,
  "dropout": 0.19364042876792917,
  "epochs": 100,
  "extra_channel": false,
  "fc1": 212.91609560191142,
  "fc2": 100,
  "kernels": [
    [
      2,
      3
    ],
    [
      2,
      5
    ],
    [
      2,
      10
    ],
    [
      1,
      3
    ],
    [
      1,
      5
    ],
    [
      1,
      10
    ]
  ],
  "l1": 8.816508512950771e-05,
  "l2": 5.601029507391642e-05,
  "lr": 0.00013494491887807962,
  "lstm_units": 91.42465410343844,
  "min_score": 15,
  "nblocks": 1.5919759803132276,
  "net": "rnn",
  "timeout": 10800,
  "train_verbose": true,
  "window": 144.64993528484422,
  "working_dir": "/home/dasolma/papers/rul_stacked/src"
}