{
  "batch_normalization": 0.49248238852457826,
  "batch_size": 38.72897444850382,
  "block_size": 2.8329872069110396,
  "conv_activation": 0.02295728564153865,
  "debug": false,
  "dense_activation": 1.2744720999550554,
  "dilation_rate": 1.554804265025689,
  "dropout": 0.02404361562825771,
  "epochs": 100,
  "extra_channel": true,
  "f1": 12.110262701832337,
  "f2": 9.2439181098458,
  "f3": 5.341615176287174,
  "fc1": 254.38296200112057,
  "fc2": 100,
  "kernel_size": 1.9989615505075735,
  "kernels": [
    [
      2,
      3
    ],
    [
      2,
      5
    ],
    [
      2,
      10
    ],
    [
      1,
      3
    ],
    [
      1,
      5
    ],
    [
      1,
      10
    ]
  ],
  "l1": 0.0007706977175447328,
  "l2": 3.277342837251784e-05,
  "lr": 0.0008454571841946535,
  "min_score": 15,
  "msblocks": 3.2038999683844307,
  "nblocks": 3.273837451369944,
  "net": "mscnn",
  "timeout": 10800,
  "train_verbose": true,
  "window": 345.8314528778104,
  "working_dir": "/home/dasolma/papers/rul_stacked/src"
}