{
  "attention": -0.47036026151583826,
  "batch_normalization": -0.5,
  "batch_size": 36.7998303368541,
  "bidirectional": -0.51,
  "cell_type": 0.008656478234660644,
  "debug": false,
  "dense_activation": -0.51,
  "dropout": 0.11625607912463659,
  "epochs": 100,
  "extra_channel": false,
  "fc1": 182.92589623700735,
  "fc2": 100,
  "kernels": [
    [
      2,
      3
    ],
    [
      2,
      5
    ],
    [
      2,
      10
    ],
    [
      1,
      3
    ],
    [
      1,
      5
    ],
    [
      1,
      10
    ]
  ],
  "l1": 0.0009713299000443,
  "l2": 0.0008720277085838021,
  "lr": 0.001,
  "lstm_units": 75.76019715553605,
  "min_score": 15,
  "nblocks": 1.51,
  "net": "rnn",
  "timeout": 10800,
  "train_verbose": true,
  "window": 293.38134755531786,
  "working_dir": "/home/dasolma/papers/rul_stacked/src"
}