{
  "batch_normalization": 0.21272850331895232,
  "batch_size": 52.26637365925754,
  "block_size": 2.434044150830072,
  "conv_activation": 0.39403369805825217,
  "debug": false,
  "dense_activation": 1.5237561678471596,
  "dilation_rate": 2.3733946555598844,
  "dropout": 0.4814464437068194,
  "epochs": 100,
  "extra_channel": true,
  "f1": 4.029492370863842,
  "f2": 5.300732601577247,
  "f3": 3.0665860066207755,
  "fc1": 220.817924154196,
  "fc2": 100,
  "kernel_size": 0.8072669318168184,
  "kernels": [
    [
      2,
      3
    ],
    [
      2,
      5
    ],
    [
      2,
      10
    ],
    [
      1,
      3
    ],
    [
      1,
      5
    ],
    [
      1,
      10
    ]
  ],
  "l1": 2.1240976340936914e-05,
  "l2": 0.00032492418468668937,
  "lr": 0.0009013338604990482,
  "min_score": 15,
  "msblocks": 0.4552848007348782,
  "nblocks": 1.785377949522152,
  "net": "mscnn",
  "timeout": 10800,
  "train_verbose": true,
  "window": 340.91328860969696,
  "working_dir": "/home/dasolma/papers/rul_stacked/src"
}