{
  "attention": -0.333014995896161,
  "batch_normalization": -0.10999410378590108,
  "batch_size": 33.44727324513722,
  "bidirectional": 0.14066066152652867,
  "cell_type": 0.267354579378964,
  "debug": false,
  "dense_activation": 0.3040470953216877,
  "dropout": 0.7458637582367365,
  "epochs": 100,
  "extra_channel": false,
  "fc1": 132.49663872516913,
  "fc2": 100,
  "kernels": [
    [
      2,
      3
    ],
    [
      2,
      5
    ],
    [
      2,
      10
    ],
    [
      1,
      3
    ],
    [
      1,
      5
    ],
    [
      1,
      10
    ]
  ],
  "l1": 0.0002809345096873808,
  "l2": 0.0005426960831582485,
  "lr": 0.00014951498272501503,
  "lstm_units": 105.84606184445244,
  "min_score": 15,
  "nblocks": 1.7321609181657172,
  "net": "rnn",
  "timeout": 10800,
  "train_verbose": true,
  "window": 494.7547746402069,
  "working_dir": "/home/dasolma/papers/rul_stacked/src"
}