{
  "batch_normalization": -0.5,
  "batch_size": 44.83484926270706,
  "block_size": 2.459457219837337,
  "conv_activation": 1.2179955789895405,
  "debug": false,
  "dense_activation": 2.49,
  "dilation_rate": 0.7592634935728394,
  "dropout": 0.6723098765733164,
  "epochs": 100,
  "extra_channel": true,
  "f1": 14.360559537565415,
  "f2": 6.985836390304831,
  "f3": 13.736790014047624,
  "fc1": 189.6852900487327,
  "fc2": 100,
  "kernel_size": -0.18937420286210224,
  "kernels": [
    [
      2,
      3
    ],
    [
      2,
      5
    ],
    [
      2,
      10
    ],
    [
      1,
      3
    ],
    [
      1,
      5
    ],
    [
      1,
      10
    ]
  ],
  "l1": 0.0,
  "l2": 0.0005848047616782547,
  "lr": 1e-05,
  "min_score": 15,
  "msblocks": 1.5818950024602623,
  "nblocks": 3.49,
  "net": "mscnn",
  "timeout": 10800,
  "train_verbose": true,
  "window": 319.9226658505956,
  "working_dir": "/home/dasolma/papers/rul_stacked/src"
}