{
  "batch_normalization": 0.24473925617604297,
  "batch_size": 63.876854319745476,
  "block_size": 3.3083867684120563,
  "conv_activation": 0.41011709293383325,
  "debug": false,
  "dense_activation": -0.47925032819197766,
  "dilation_rate": 1.0783420099764105,
  "dropout": 0.0867190645568905,
  "epochs": 100,
  "experiment": "cnn_l2",
  "extra_channel": true,
  "fc1": 255.9446227237258,
  "fc2": 65.86584338699579,
  "kernel_size": 0,
  "l1": 0.00023723305815762707,
  "l2": 0.000673996476113832,
  "lr": 0.0008134776522199335,
  "min_score": 15,
  "nblocks": 3.227117073394928,
  "net": "cnn",
  "timeout": 10800,
  "train_verbose": true,
  "working_dir": "/home/dasolma/papers/rul_stacked/src"
}