{
  "batch_normalization": 1.0419048298877256,
  "batch_size": 57.78084799702229,
  "block_size": 1.8689457982857274,
  "conv_activation": 0.6143216723942062,
  "debug": false,
  "dense_activation": -0.12493145578432407,
  "dilation_rate": 6.945750234444036,
  "dropout": 0.7311654925798032,
  "epochs": 100,
  "experiment": "cnn_l2",
  "extra_channel": true,
  "fc1": 167.53874052868852,
  "fc2": 80.53985416331481,
  "kernel_size": 0,
  "l1": 0.0005066852485222666,
  "l2": 0.000644421341501245,
  "lr": 0.0005864542153870605,
  "min_score": 15,
  "nblocks": 3.1999666721852367,
  "net": "cnn",
  "timeout": 10800,
  "train_verbose": true,
  "working_dir": "/home/dasolma/papers/rul_stacked/src"
}