{
  "batch_normalization": -0.3099946049819633,
  "batch_size": 53.621662744049395,
  "block_size": 3.49,
  "channels": 1.51,
  "conv_activation": 2.49,
  "debug": false,
  "dense_activation": 0.5764237835015333,
  "dilation_rate": 3.1521660431462255,
  "dropout": 0.9,
  "epochs": 100,
  "experiment": "cnn_multichannel_rna",
  "extra_channel": true,
  "fc1": 179.63600463371378,
  "fc2": 226.822509682838,
  "kernel_size": 0,
  "l1": 0.00041375493261905773,
  "l2": 0.0005047546479260858,
  "lr": 1e-05,
  "min_score": 0.15,
  "nblocks": 1.51,
  "net": "cnn",
  "timeout": 10800,
  "train_verbose": true,
  "working_dir": "/home/dasolma/papers/fer-rna/src"
}