{
  "batch_normalization": 0.7883306516005308,
  "batch_size": 39.48467903190317,
  "block_size": 2.3830099992947265,
  "channels": 2.9196633018507976,
  "conv_activation": -0.47571616952102025,
  "debug": false,
  "dense_activation": -0.20760629570903677,
  "dilation_rate": 9.14566240347444,
  "dropout": 0.6612363553054588,
  "epochs": 100,
  "experiment": "cnn_multichannel_rna",
  "extra_channel": true,
  "fc1": 145.3699161608463,
  "fc2": 245.09937048814908,
  "kernel_size": 0,
  "l1": 0.0009650191943589854,
  "l2": 0.0008486587445209595,
  "lr": 0.0005732734995120218,
  "min_score": 0.15,
  "nblocks": 3.034430032620676,
  "net": "cnn",
  "timeout": 10800,
  "train_verbose": true,
  "working_dir": "/home/dasolma/papers/fer-rna/src"
}