{
  "batch_normalization": 0.3595705870978103,
  "batch_size": 41.319332486337345,
  "block_size": 2.7214687315503117,
  "conv_activation": -0.0915184180438745,
  "debug": false,
  "dense_activation": 0.36643394560565445,
  "dilation_rate": 4.166291196071043,
  "dropout": 0.41046298579533236,
  "epochs": 100,
  "extra_channel": true,
  "f1": 12.701583978881317,
  "f2": 5.101765692415509,
  "f3": 9.184763010608679,
  "fc1": 177.74359722151215,
  "fc2": 72.91847924223956,
  "kernel_size": 0,
  "kernels": [
    [
      3,
      3
    ]
  ],
  "l1": 0.0006075448519014384,
  "l2": 0.00017052412368729152,
  "lr": 7.440107705542672e-05,
  "min_score": 15,
  "msblocks": 3.2860532936408,
  "nblocks": 3.4219514254876278,
  "net": "mscnn",
  "timeout": 10800,
  "train_verbose": true,
  "window": 426.1620119561746,
  "working_dir": "/home/dasolma/papers/rul_stacked/src"
}