{
  "batch_normalization": 0.7227375519891162,
  "batch_size": 62.80840837433995,
  "block_size": 2.843249690528006,
  "conv_activation": 1.200013887333337,
  "debug": false,
  "dense_activation": 2.4589590366189844,
  "dilation_rate": 7.3691507573325525,
  "dropout": 0.7942196619106795,
  "epochs": 100,
  "experiment": "cnn_l2",
  "extra_channel": true,
  "fc1": 64.91977198489542,
  "fc2": 65.78023881118744,
  "kernel_size": 0,
  "l1": 0.0007726058483968867,
  "l2": 0.0005298720645218425,
  "lr": 0.00023495346342635427,
  "min_score": 15,
  "nblocks": 1.5649992444738186,
  "net": "cnn",
  "timeout": 10800,
  "train_verbose": true,
  "working_dir": "/home/dasolma/papers/rul_stacked/src"
}