{
  "batch_normalization": -0.35379667662711534,
  "batch_size": 32.073206135774484,
  "block_size": 1.7360808378605868,
  "conv_activation": 0.0676311163810348,
  "debug": false,
  "dense_activation": -0.3090920554004616,
  "dilation_rate": 10.017211925392331,
  "dropout": 0.5000038306461562,
  "epochs": 100,
  "experiment": "cnn_l2",
  "extra_channel": true,
  "fc1": 66.46625357443631,
  "fc2": 255.21993369827598,
  "kernel_size": 0,
  "l1": 0.00030250559043878625,
  "l2": 0.0005217345672734554,
  "lr": 0.00031822078595047427,
  "min_score": 15,
  "nblocks": 2.97170158399957,
  "net": "cnn",
  "timeout": 10800,
  "train_verbose": true,
  "working_dir": "/home/dasolma/papers/rul_stacked/src"
}