{
  "attention": 1.4366333395827255,
  "batch_normalization": 1.4865628350422508,
  "batch_size": 62.82768266048463,
  "bidirectional": 0.3788487713795887,
  "cell_type": 1.4341459001358885,
  "debug": false,
  "dense_activation": 0.5942472045588956,
  "dropout": 0.0478650818387501,
  "epochs": 100,
  "extra_channel": false,
  "fc1": 214.32405084418028,
  "fc2": 100,
  "kernels": [
    [
      2,
      3
    ],
    [
      2,
      5
    ],
    [
      2,
      10
    ],
    [
      1,
      3
    ],
    [
      1,
      5
    ],
    [
      1,
      10
    ]
  ],
  "l1": 0.00010452097353441092,
  "l2": 0.00030737620858522596,
  "lr": 0.0007905424860992438,
  "lstm_units": 113.73838895962854,
  "min_score": 15,
  "nblocks": 2.34811402423593,
  "net": "rnn",
  "timeout": 10800,
  "train_verbose": true,
  "window": 112.42605922320337,
  "working_dir": "/home/dasolma/papers/rul_stacked/src"
}