{
  "batch_normalization": -0.09111891076950857,
  "batch_size": 36.7805168607035,
  "block_size": 3.083562180601356,
  "conv_activation": 0.3200628058946309,
  "debug": false,
  "dense_activation": 1.2326364650425943,
  "dilation_rate": 9.196634525795703,
  "dropout": 0.2364361568455685,
  "epochs": 100,
  "extra_channel": true,
  "f1": 5.901558282684896,
  "f2": 10.136946812249775,
  "f3": 5.464593338728697,
  "fc1": 82.48963987500707,
  "fc2": 100,
  "kernel_size": 1.3720898573159959,
  "kernels": [
    [
      2,
      3
    ],
    [
      2,
      5
    ],
    [
      2,
      10
    ],
    [
      1,
      3
    ],
    [
      1,
      5
    ],
    [
      1,
      10
    ]
  ],
  "l1": 0.0009588463055039298,
  "l2": 0.0004206399525245167,
  "lr": 0.00033343533132308863,
  "min_score": 15,
  "msblocks": 2.2622641929602914,
  "nblocks": 2.750918135774425,
  "net": "mscnn",
  "timeout": 10800,
  "train_verbose": true,
  "window": 464.75909294409837,
  "working_dir": "/home/dasolma/papers/rul_stacked/src"
}