{
  "batch_normalization": -0.4195028100596628,
  "batch_size": 59.35593571729753,
  "block_size": 3.0246906519352867,
  "channels": 1.520077054696219,
  "conv_activation": 0.911874979562135,
  "debug": false,
  "dense_activation": 1.0046330746600098,
  "dilation_rate": 5.576465080832049,
  "dropout": 0.020359503577081117,
  "epochs": 100,
  "experiment": "cnn_multichannel_rna",
  "extra_channel": true,
  "fc1": 211.21514424771408,
  "fc2": 185.87437386080526,
  "kernel_size": 0,
  "l1": 7.856735793162761e-05,
  "l2": 0.00046719964514169854,
  "lr": 0.0007149493850997111,
  "min_score": 0.15,
  "nblocks": 1.5485539186442374,
  "net": "cnn",
  "timeout": 10800,
  "train_verbose": true,
  "working_dir": "/home/dasolma/papers/fer-rna/src"
}