{
  "batch_normalization": 0.33216095007260216,
  "batch_size": 58.82429303614849,
  "block_size": 3.438399767133307,
  "conv_activation": 2.274889348608581,
  "debug": false,
  "dense_activation": 0.3414258117001767,
  "dilation_rate": 5.235904932335264,
  "dropout": 0.07965461964998387,
  "epochs": 100,
  "experiment": "cnn_l2",
  "extra_channel": true,
  "fc1": 106.733296351203,
  "fc2": 145.84175644453148,
  "kernel_size": 0,
  "l1": 0.0005041006612437942,
  "l2": 0.0004385793348015823,
  "lr": 0.00021294324965629558,
  "min_score": 15,
  "nblocks": 3.3563173644373614,
  "net": "cnn",
  "timeout": 10800,
  "train_verbose": true,
  "working_dir": "/home/dasolma/papers/rul_stacked/src"
}