{
  "batch_normalization": -0.42564242038462174,
  "batch_size": 43.68827408209315,
  "block_size": 2.101311782742687,
  "conv_activation": 1.0254121627674135,
  "debug": false,
  "dense_activation": 1.3628949702114186,
  "dilation_rate": 1.1260677132992392,
  "dropout": 0.28581246062272414,
  "epochs": 100,
  "extra_channel": true,
  "f1": 10.661308651668898,
  "f2": 9.057823133457656,
  "f3": 13.962961640025096,
  "fc1": 178.39826107545662,
  "fc2": 100,
  "kernel_size": 0.3599804021560395,
  "kernels": [
    [
      2,
      3
    ],
    [
      2,
      5
    ],
    [
      2,
      10
    ],
    [
      1,
      3
    ],
    [
      1,
      5
    ],
    [
      1,
      10
    ]
  ],
  "l1": 0.0008328811642491288,
  "l2": 0.001,
  "lr": 0.0003145974841454929,
  "min_score": 15,
  "msblocks": 2.0363216542393365,
  "nblocks": 3.3637502233101673,
  "net": "mscnn",
  "timeout": 10800,
  "train_verbose": true,
  "window": 324.79048025499344,
  "working_dir": "/home/dasolma/papers/rul_stacked/src"
}