{
  "batch_normalization": 0.7395188495927811,
  "batch_size": 43.291936369733904,
  "block_size": 3.2216079693614077,
  "channels": 3.4660699197380733,
  "conv_activation": 2.3553030381916393,
  "debug": false,
  "dense_activation": 0.9702038702342959,
  "dilation_rate": 2.139594484638552,
  "dropout": 0.678404601860658,
  "epochs": 100,
  "experiment": "cnn_multichannel_rna",
  "extra_channel": true,
  "fc1": 208.75297446417795,
  "fc2": 172.90616181243092,
  "kernel_size": 0,
  "l1": 8.2282404444732e-05,
  "l2": 0.0007429253869604223,
  "lr": 0.00026000088568496615,
  "min_score": 0.15,
  "nblocks": 1.803028973670633,
  "net": "cnn",
  "timeout": 10800,
  "train_verbose": true,
  "working_dir": "/home/dasolma/papers/fer-rna/src"
}