{
  "batch_normalization": 0.7666002488609058,
  "batch_size": 63.03622477024631,
  "block_size": 1.9598197041114767,
  "conv_activation": 1.7203784350130757,
  "debug": false,
  "dense_activation": 0.7662776976074295,
  "dilation_rate": 8.850378886784744,
  "dropout": 0.09923666376226639,
  "epochs": 100,
  "experiment": "cnn_l2",
  "extra_channel": true,
  "fc1": 64.44139255832516,
  "fc2": 255.26785152821924,
  "kernel_size": 0,
  "l1": 0.0006717154765156245,
  "l2": 0.0005431304994712705,
  "lr": 0.0002977282168055384,
  "min_score": 15,
  "nblocks": 3.2416648416652665,
  "net": "cnn",
  "timeout": 10800,
  "train_verbose": true,
  "working_dir": "/home/dasolma/papers/rul_stacked/src"
}