{
  "batch_normalization": 1.1969331908388825,
  "batch_size": 38.86396926681298,
  "block_size": 1.9664078947576713,
  "conv_activation": 1.7527301413571814,
  "debug": false,
  "dense_activation": 0.21474895390508109,
  "dilation_rate": 1.8121050684606514,
  "dropout": 0.7032184369769235,
  "epochs": 100,
  "extra_channel": true,
  "f1": 13.392516793727431,
  "f2": 3.684572707599272,
  "f3": 15.237336288745892,
  "fc1": 211.1017015057192,
  "fc2": 100,
  "kernel_size": 4.575877663224688,
  "kernels": [
    [
      2,
      3
    ],
    [
      2,
      5
    ],
    [
      2,
      10
    ],
    [
      1,
      3
    ],
    [
      1,
      5
    ],
    [
      1,
      10
    ]
  ],
  "l1": 0.0003924443489299558,
  "l2": 0.0004226488622155493,
  "lr": 7.313631951462343e-05,
  "min_score": 15,
  "msblocks": 2.482723795536181,
  "nblocks": 1.6148913182758375,
  "net": "mscnn",
  "timeout": 10800,
  "train_verbose": true,
  "window": 420.49859954809824,
  "working_dir": "/home/dasolma/papers/rul_stacked/src"
}