{
  "batch_normalization": 0.9446518009517764,
  "batch_size": 60.70752831848247,
  "block_size": 3.2664311200449325,
  "channels": 3.0541535807980953,
  "conv_activation": 1.4160949384628634,
  "debug": false,
  "dense_activation": -0.2575801050148535,
  "dilation_rate": 2.1230545666642455,
  "dropout": 0.8086987696743714,
  "epochs": 100,
  "experiment": "cnn_multichannel_rna",
  "extra_channel": true,
  "fc1": 180.43437945464126,
  "fc2": 65.7658339103929,
  "kernel_size": 0,
  "l1": 0.00010147154286603211,
  "l2": 0.0006635017691080558,
  "lr": 1.50109680077565e-05,
  "min_score": 0.15,
  "nblocks": 1.8283999418066474,
  "net": "cnn",
  "timeout": 10800,
  "train_verbose": true,
  "working_dir": "/home/dasolma/papers/fer-rna/src"
}