{
  "attention": 1.3493953046851461,
  "batch_normalization": 1.1081595553331898,
  "batch_size": 52.268920208333554,
  "bidirectional": 1.2329211803754354,
  "cell_type": 1.097344153798229,
  "debug": false,
  "dense_activation": 0.04971017665810751,
  "dropout": 0.80330309864098,
  "epochs": 100,
  "extra_channel": false,
  "fc1": 167.55371044780495,
  "fc2": 100,
  "kernels": [
    [
      2,
      3
    ],
    [
      2,
      5
    ],
    [
      2,
      10
    ],
    [
      1,
      3
    ],
    [
      1,
      5
    ],
    [
      1,
      10
    ]
  ],
  "l1": 0.0008074401551640626,
  "l2": 0.0008960912999234933,
  "lr": 0.00032482344022214527,
  "lstm_units": 28.325815547099797,
  "min_score": 15,
  "nblocks": 2.189246784374986,
  "net": "rnn",
  "timeout": 10800,
  "train_verbose": true,
  "window": 270.8431154505025,
  "working_dir": "/home/dasolma/papers/rul_stacked/src"
}