{
  "batch_normalization": 0.3376443577353987,
  "batch_size": 56.51124442700959,
  "block_size": 2.926285018569378,
  "channels": 2.057355491607725,
  "conv_activation": 1.3137046646904837,
  "debug": false,
  "dense_activation": 0.23900732580703835,
  "dilation_rate": 2.8126293616502567,
  "dropout": 0.7705312317720386,
  "epochs": 100,
  "experiment": "cnn_multichannel_rna",
  "extra_channel": true,
  "fc1": 182.9083531776176,
  "fc2": 217.84920706248272,
  "kernel_size": 0,
  "l1": 0.00044399105122228913,
  "l2": 0.000799844650517078,
  "lr": 0.0001876690164863919,
  "min_score": 0.15,
  "nblocks": 1.9611146068117924,
  "net": "cnn",
  "timeout": 10800,
  "train_verbose": true,
  "working_dir": "/home/dasolma/papers/fer-rna/src"
}