{
  "batch_normalization": 1.048140231870748,
  "batch_size": 63.36202797899331,
  "block_size": 2.441598297685726,
  "conv_activation": 0.5117598479936112,
  "debug": false,
  "dense_activation": 1.3447976903946706,
  "dilation_rate": 7.347721074230505,
  "dropout": 0.25582453992853227,
  "epochs": 100,
  "experiment": "cnn_l2",
  "extra_channel": true,
  "fc1": 67.31328749934818,
  "fc2": 255.40937660499785,
  "kernel_size": 0,
  "l1": 0.0007720082606944998,
  "l2": 0.0003083411684639164,
  "lr": 0.0004882805144265598,
  "min_score": 15,
  "nblocks": 2.852453416646144,
  "net": "cnn",
  "timeout": 10800,
  "train_verbose": true,
  "working_dir": "/home/dasolma/papers/rul_stacked/src"
}