{
  "attention": -0.14319098029313237,
  "batch_normalization": 0.10544206348948004,
  "batch_size": 48.792205812231614,
  "bidirectional": 0.3538900372842315,
  "cell_type": 0.07245828039608382,
  "debug": false,
  "dense_activation": 1.3255586841671383,
  "dropout": 0.12554447458683765,
  "epochs": 100,
  "experiment": "cnn_rnn_rna",
  "extra_channel": false,
  "fc1": 120.09177251876189,
  "fc2": 134.3414739123888,
  "l1": 0.0004560699842170359,
  "l2": 0.0007851759613930136,
  "lr": 0.00020767704433677614,
  "lstm_units": 73.59425710232449,
  "min_score": 0.08,
  "nblocks": 3.275395415208887,
  "net": "rnn",
  "timeout": 10800,
  "train_verbose": true,
  "window": 118.58016508799909,
  "working_dir": "/home/dasolma/papers/fer-rna/src"
}