{
  "batch_normalization": -0.10264917350486413,
  "batch_size": 48.455502029235575,
  "block_size": 2.6829808463468443,
  "conv_activation": -0.37064876184000684,
  "debug": false,
  "dense_activation": 1.312634555704315,
  "dilation_rate": 2.2118307543991698,
  "dropout": 0.05854643368675157,
  "epochs": 100,
  "experiment": "rnn_cnn_l2",
  "extra_channel": true,
  "fc1": 246.18602315264,
  "fc2": 249.4013503503154,
  "kernel_size": 0,
  "l1": 0.0008083973481164612,
  "l2": 0.0003046137691733707,
  "lr": 0.00010669539286632004,
  "min_score": 15,
  "nblocks": 2.864781392494071,
  "net": "cnn",
  "timeout": 10800,
  "train_verbose": true,
  "working_dir": "/home/dasolma/papers/rul_stacked/src"
}