{
  "batch_normalization": 0.3222597809684562,
  "batch_size": 40.5562294548523,
  "block_size": 3.079579584668098,
  "conv_activation": 2.301926879902073,
  "debug": false,
  "dense_activation": 1.0884337316477142,
  "dilation_rate": 7.6275316226612535,
  "dropout": 0.7499914044713492,
  "epochs": 100,
  "extra_channel": true,
  "f1": 11.06885138728202,
  "f2": 13.517652823338727,
  "f3": 12.697284157261699,
  "fc1": 207.16278089849845,
  "fc2": 100,
  "kernel_size": -0.11321494541320742,
  "kernels": [
    [
      2,
      3
    ],
    [
      2,
      5
    ],
    [
      2,
      10
    ],
    [
      1,
      3
    ],
    [
      1,
      5
    ],
    [
      1,
      10
    ]
  ],
  "l1": 9.290952270083653e-05,
  "l2": 0.0007264755433764147,
  "lr": 0.0001015160713591986,
  "min_score": 15,
  "msblocks": -0.09304220954001291,
  "nblocks": 2.9269675730843074,
  "net": "mscnn",
  "timeout": 10800,
  "train_verbose": true,
  "window": 230.07034394125708,
  "working_dir": "/home/dasolma/papers/rul_stacked/src"
}