{
  "batch_normalization": 1.1672625522600253,
  "batch_size": 59.39797110937582,
  "block_size": 2.312179398242356,
  "conv_activation": 0.11143511858574195,
  "debug": false,
  "dense_activation": 0.687879585518069,
  "dilation_rate": 8.230133941468264,
  "dropout": 0.8362271856590067,
  "epochs": 100,
  "extra_channel": true,
  "f1": 5.098591664369787,
  "f2": 11.50543053908355,
  "f3": 6.290887216146366,
  "fc1": 79.553568658773,
  "fc2": 100,
  "kernel_size": 4.712032139001216,
  "kernels": [
    [
      2,
      3
    ],
    [
      2,
      5
    ],
    [
      2,
      10
    ],
    [
      1,
      3
    ],
    [
      1,
      5
    ],
    [
      1,
      10
    ]
  ],
  "l1": 0.00019738233932770066,
  "l2": 0.00012408169309309093,
  "lr": 0.0005867423731274355,
  "min_score": 15,
  "msblocks": 3.031887415594456,
  "nblocks": 3.1743468796126244,
  "net": "mscnn",
  "timeout": 10800,
  "train_verbose": true,
  "window": 282.0422850268599,
  "working_dir": "/home/dasolma/papers/rul_stacked/src"
}