{
  "batch_normalization": 0.04243385535251076,
  "batch_size": 62.17162206983364,
  "block_size": 2.7763702904199885,
  "conv_activation": 1.048993881330948,
  "debug": false,
  "dense_activation": 1.1807251942195658,
  "dilation_rate": 3.603963291145745,
  "dropout": 0.24104986817347324,
  "epochs": 100,
  "experiment": "cnn_l2",
  "extra_channel": true,
  "fc1": 107.28982151536265,
  "fc2": 147.88079428280597,
  "kernel_size": 0,
  "l1": 0.00016902695817703938,
  "l2": 0.0004914826144165179,
  "lr": 0.0006878514649725016,
  "min_score": 15,
  "nblocks": 3.0460730987882267,
  "net": "cnn",
  "timeout": 10800,
  "train_verbose": true,
  "working_dir": "/home/dasolma/papers/rul_stacked/src"
}