{
  "batch_normalization": -0.1287255828167887,
  "batch_size": 60.56188795167929,
  "block_size": 2.5778976389929884,
  "conv_activation": 1.9123204654921875,
  "debug": false,
  "dense_activation": 2.1782738997704794,
  "dilation_rate": 3.6836746802192017,
  "dropout": 0.09904673207490909,
  "epochs": 100,
  "experiment": "rnn_cnn_l2",
  "extra_channel": true,
  "fc1": 107.7635512080528,
  "fc2": 146.00469541624122,
  "kernel_size": 0,
  "l1": 0.0008180147659224931,
  "l2": 0.0008607305832563435,
  "lr": 1.6882609225878796e-05,
  "min_score": 15,
  "nblocks": 2.5212796591035804,
  "net": "cnn",
  "timeout": 10800,
  "train_verbose": true,
  "working_dir": "/home/dasolma/papers/fer-rna/src"
}