{
  "batch_normalization": 0.3223274807237987,
  "batch_size": 63.76925030266996,
  "block_size": 3.4889016839011973,
  "conv_activation": 0.7826965130419099,
  "debug": false,
  "dense_activation": 0.20374702162703606,
  "dilation_rate": 9.340406928104708,
  "dropout": 0.6433557709521547,
  "epochs": 100,
  "experiment": "cnn_l2",
  "extra_channel": true,
  "fc1": 254.19041610075558,
  "fc2": 72.22194157119108,
  "kernel_size": 0,
  "l1": 0.00044488049425581166,
  "l2": 2.9275376987156766e-05,
  "lr": 0.0008204402165093232,
  "min_score": 15,
  "nblocks": 1.7676823039608307,
  "net": "cnn",
  "timeout": 10800,
  "train_verbose": true,
  "working_dir": "/home/dasolma/papers/rul_stacked/src"
}