{
  "attention": 1.4433220819906067,
  "batch_normalization": 0.4853091171706062,
  "batch_size": 52.26878093256832,
  "bidirectional": 1.097667874769892,
  "cell_type": 0.6520626362032842,
  "debug": false,
  "dense_activation": 1.6888233179918155,
  "dropout": 0.8717742380092331,
  "epochs": 100,
  "experiment": "cnn_rnn_rna",
  "extra_channel": false,
  "fc1": 171.439959068595,
  "fc2": 238.02772103179944,
  "l1": 0.0005799340118491733,
  "l2": 0.00018650635882753663,
  "lr": 0.0008096015028306179,
  "lstm_units": 76.67077239065429,
  "min_score": 0.15,
  "nblocks": 4.410762374041747,
  "net": "rnn",
  "num_embeddings": 258.9593888198529,
  "timeout": 10800,
  "train_verbose": true,
  "window": 411.1109881276201,
  "working_dir": "/home/dasolma/papers/fer-rna/src"
}