{
  "batch_normalization": 0.8363257872416359,
  "batch_size": 33.03266144865297,
  "block_size": 3.237354851270732,
  "conv_activation": 0.41401759673560745,
  "debug": false,
  "dense_activation": 0.7011676409171992,
  "dilation_rate": 0.6813747816432919,
  "dropout": 0.12039751423955372,
  "epochs": 100,
  "experiment": "cnn_l2",
  "extra_channel": true,
  "fc1": 254.0770922138369,
  "fc2": 72.53304903366116,
  "kernel_size": 0,
  "l1": 0.0003180666465524544,
  "l2": 0.0009953564739383224,
  "lr": 0.0008370156264776506,
  "min_score": 15,
  "nblocks": 1.6900914034070562,
  "net": "cnn",
  "timeout": 10800,
  "train_verbose": true,
  "working_dir": "/home/dasolma/papers/rul_stacked/src"
}