{
  "attention": 0.021919668507163204,
  "batch_normalization": 0.5580454957145555,
  "batch_size": 55.81256657000479,
  "bidirectional": 0.9906627800435919,
  "cell_type": 0.1803148728615045,
  "debug": false,
  "dense_activation": -0.006384384253834696,
  "dropout": 0.22340275792621753,
  "epochs": 100,
  "experiment": "cnn_rnn_rna",
  "extra_channel": false,
  "fc1": 140.05181378842417,
  "fc2": 142.21746533199274,
  "l1": 0.000141725294777616,
  "l2": 0.0009450742680174509,
  "lr": 0.0003965709429073458,
  "lstm_units": 68.61732635280727,
  "min_score": 0.15,
  "nblocks": 2.1954083068253487,
  "net": "rnn",
  "num_embeddings": 224.21353762568663,
  "timeout": 10800,
  "train_verbose": true,
  "window": 164.73082579322326,
  "working_dir": "/home/dasolma/papers/fer-rna/src"
}