{
  "batch_normalization": 0.06324246758534524,
  "batch_size": 61.445640321432904,
  "block_size": 1.7866061091876437,
  "conv_activation": 1.099013736908534,
  "debug": false,
  "dense_activation": 0.11034798890500974,
  "dilation_rate": 9.137851247161718,
  "dropout": 0.4460943835566458,
  "epochs": 100,
  "experiment": "cnn_l2",
  "extra_channel": true,
  "fc1": 107.92759375633483,
  "fc2": 146.9124340121287,
  "kernel_size": 0,
  "l1": 0.0006783128957048513,
  "l2": 0.0009014066065552134,
  "lr": 0.0003241538446185519,
  "min_score": 15,
  "nblocks": 3.3957576875792777,
  "net": "cnn",
  "timeout": 10800,
  "train_verbose": true,
  "working_dir": "/home/dasolma/papers/rul_stacked/src"
}