{
  "batch_normalization": 0.24533483650625132,
  "batch_size": 62.42285780511732,
  "block_size": 2.959348004786582,
  "channels": 2.6953437987101325,
  "conv_activation": -0.041944078672690455,
  "debug": false,
  "dense_activation": -0.04201643899139207,
  "dilation_rate": 1.0896744494386308,
  "dropout": 0.7795585311974417,
  "epochs": 100,
  "experiment": "cnn_multichannel_rna",
  "extra_channel": true,
  "fc1": 179.4140822546961,
  "fc2": 199.94993493684075,
  "kernel_size": 0,
  "l1": 2.0584494295802448e-05,
  "l2": 0.0009699098521619943,
  "lr": 0.0008341182143924176,
  "min_score": 0.15,
  "nblocks": 1.9304314391429869,
  "net": "cnn",
  "timeout": 10800,
  "train_verbose": true,
  "working_dir": "/home/dasolma/papers/fer-rna/src"
}