{
  "attention": 1.3934970172469967,
  "batch_normalization": 1.203364402018876,
  "batch_size": 45.59485509833152,
  "bidirectional": 0.2436996567457086,
  "cell_type": -0.4374687622012121,
  "debug": false,
  "dense_activation": 1.7098845059791612,
  "dropout": 0.8997156965723639,
  "epochs": 100,
  "extra_channel": false,
  "fc1": 162.84094511799913,
  "fc2": 100,
  "kernels": [
    [
      2,
      3
    ],
    [
      2,
      5
    ],
    [
      2,
      10
    ],
    [
      1,
      3
    ],
    [
      1,
      5
    ],
    [
      1,
      10
    ]
  ],
  "l1": 0.0009602719472883924,
  "l2": 0.00017011553362938326,
  "lr": 0.000674221153719065,
  "lstm_units": 42.866812092521315,
  "min_score": 15,
  "nblocks": 2.7003548899583927,
  "net": "rnn",
  "timeout": 10800,
  "train_verbose": true,
  "window": 292.6667395930327,
  "working_dir": "/home/dasolma/papers/rul_stacked/src"
}