{
  "batch_normalization": 0.6042727196934399,
  "batch_size": 54.78668689785304,
  "block_size": 1.6672873530274956,
  "conv_activation": 1.2792959609925287,
  "debug": false,
  "dense_activation": -0.11096024762353074,
  "dilation_rate": 7.360372104600226,
  "dropout": 0.45301476642539035,
  "epochs": 100,
  "extra_channel": true,
  "f1": 12.612200456316591,
  "f2": 13.164563653800911,
  "f3": 4.349877613678775,
  "fc1": 225.823789659076,
  "fc2": 100,
  "kernel_size": 4.629833191590517,
  "kernels": [
    [
      2,
      3
    ],
    [
      2,
      5
    ],
    [
      2,
      10
    ],
    [
      1,
      3
    ],
    [
      1,
      5
    ],
    [
      1,
      10
    ]
  ],
  "l1": 2.0027154405817816e-05,
  "l2": 0.0008571667929882619,
  "lr": 0.0008602711531719428,
  "min_score": 15,
  "msblocks": 0.1691634119406732,
  "nblocks": 1.9078636839268124,
  "net": "mscnn",
  "timeout": 10800,
  "train_verbose": true,
  "window": 185.80612130100994,
  "working_dir": "/home/dasolma/papers/rul_stacked/src"
}