{
  "batch_normalization": -0.13816831525786977,
  "batch_size": 37.86894431530988,
  "block_size": 2.1123996410598846,
  "channels": 2.549017734631831,
  "conv_activation": 0.7858350559263474,
  "debug": false,
  "dense_activation": 0.36368742059412573,
  "dilation_rate": 6.616291889329347,
  "dropout": 0.12554447458683765,
  "epochs": 100,
  "experiment": "cnn_multichannel_rna",
  "extra_channel": true,
  "fc1": 120.09177251876189,
  "fc2": 134.3414739123888,
  "kernel_size": 0,
  "l1": 0.0004560699842170359,
  "l2": 0.0007851759613930136,
  "lr": 0.00020767704433677614,
  "min_score": 1,
  "nblocks": 2.528184188058951,
  "net": "cnn",
  "timeout": 10800,
  "train_verbose": true,
  "working_dir": "/home/dasolma/papers/fer-rna/src"
}