{
  "batch_normalization": 0.908439832471694,
  "batch_size": 63.95222597278467,
  "block_size": 3.3867050681039634,
  "conv_activation": 1.417718060481671,
  "debug": false,
  "dense_activation": 2.3796239599088675,
  "dilation_rate": 1.1575932249602443,
  "dropout": 0.40016849041021085,
  "epochs": 100,
  "experiment": "cnn_l2",
  "extra_channel": true,
  "fc1": 70.46097872836813,
  "fc2": 254.31722343749706,
  "kernel_size": 0,
  "l1": 0.00024121891219271196,
  "l2": 0.0008449586480576723,
  "lr": 0.0006140710342001371,
  "min_score": 15,
  "nblocks": 1.6957461909524056,
  "net": "cnn",
  "timeout": 10800,
  "train_verbose": true,
  "working_dir": "/home/dasolma/papers/rul_stacked/src"
}