{
  "batch_normalization": 1.3612802892066311,
  "batch_size": 60.087754814074145,
  "block_size": 3.188828491629782,
  "channels": 3.4021221206681944,
  "conv_activation": 0.20728484615652454,
  "debug": false,
  "dense_activation": 0.8842295579934885,
  "dilation_rate": 8.546166338186422,
  "dropout": 0.4394420991200378,
  "epochs": 100,
  "experiment": "cnn_multichannel_rna",
  "extra_channel": true,
  "fc1": 219.4449528877892,
  "fc2": 238.83797554507836,
  "kernel_size": 0,
  "l1": 0.00020068593595042817,
  "l2": 2.3537139442491918e-05,
  "lr": 0.0007597283857154792,
  "min_score": 0.15,
  "nblocks": 1.603926181095852,
  "net": "cnn",
  "timeout": 10800,
  "train_verbose": true,
  "working_dir": "/home/dasolma/papers/fer-rna/src"
}