{
  "batch_normalization": -0.3280823297852127,
  "batch_size": 63.361187102629515,
  "block_size": 2.4702338697532933,
  "conv_activation": 1.2923614826895509,
  "debug": false,
  "dense_activation": -0.3154023115581367,
  "dilation_rate": 10.451161558595027,
  "dropout": 0.3756950706103696,
  "epochs": 100,
  "experiment": "cnn_l2",
  "extra_channel": true,
  "fc1": 64.11754635414073,
  "fc2": 75.67538386687508,
  "kernel_size": 0,
  "l1": 0.0002873647313801693,
  "l2": 0.0009811499110172893,
  "lr": 0.0002025638221810715,
  "min_score": 15,
  "nblocks": 3.294056537176181,
  "net": "cnn",
  "timeout": 10800,
  "train_verbose": true,
  "working_dir": "/home/dasolma/papers/rul_stacked/src"
}