{
  "batch_normalization": 1.1278493841857613,
  "batch_size": 59.54337866420299,
  "block_size": 1.5237652184517576,
  "channels": 2.5212796591035804,
  "conv_activation": 0.742233009446337,
  "debug": false,
  "dense_activation": 0.15632343141219074,
  "dilation_rate": 1.7062563659901544,
  "dropout": 0.30385365426326516,
  "epochs": 100,
  "experiment": "cnn_multichannel_rna",
  "extra_channel": true,
  "fc1": 245.03866315120368,
  "fc2": 126.054962947985,
  "kernel_size": 0,
  "l1": 0.0005187906217433661,
  "l2": 0.0007030189588951779,
  "lr": 0.0003699933063555011,
  "min_score": 0.15,
  "nblocks": 3.4341285237875026,
  "net": "cnn",
  "timeout": 10800,
  "train_verbose": true,
  "working_dir": "/home/dasolma/papers/fer-rna/src"
}