{
  "attention": -0.49987683230756264,
  "batch_normalization": -0.17999197767917768,
  "batch_size": 49.55948125973076,
  "bidirectional": 0.8737903953853865,
  "cell_type": 0.793922519005201,
  "debug": false,
  "dense_activation": 0.16280792838167935,
  "dropout": 0.6409612992127823,
  "epochs": 100,
  "experiment": "cnn_rnn_rna",
  "extra_channel": false,
  "fc1": 109.55182479938561,
  "fc2": 126.4767420465794,
  "l1": 0.0007464914051180241,
  "l2": 0.0006496328990472146,
  "lr": 0.0008507311763892362,
  "lstm_units": 89.65264393763846,
  "min_score": 0.15,
  "nblocks": 3.2035596379397058,
  "net": "rnn",
  "num_embeddings": 118.7349535656185,
  "timeout": 10800,
  "train_verbose": true,
  "window": 247.0863212237734,
  "working_dir": "/home/dasolma/papers/fer-rna/src"
}