{
  "batch_normalization": 0.207454069034964,
  "batch_size": 57.325564395424834,
  "block_size": 1.559845441681525,
  "conv_activation": 1.3825315380006378,
  "debug": false,
  "dense_activation": 2.0309446998476064,
  "dilation_rate": 5.730316275768741,
  "dropout": 0.6570103375636879,
  "epochs": 100,
  "experiment": "cnn_l2",
  "extra_channel": true,
  "fc1": 67.27559864456617,
  "fc2": 83.74575257789391,
  "kernel_size": 0,
  "l1": 0.00026279821039160525,
  "l2": 0.0005783326131800615,
  "lr": 0.0006385153571078257,
  "min_score": 15,
  "nblocks": 1.864766518470687,
  "net": "cnn",
  "timeout": 10800,
  "train_verbose": true,
  "working_dir": "/home/dasolma/papers/rul_stacked/src"
}