{
  "batch_normalization": -0.17219096940226253,
  "batch_size": 62.86079444864818,
  "block_size": 2.1967952060875953,
  "conv_activation": 2.2110317035857117,
  "debug": false,
  "dense_activation": 0.7132646087230319,
  "dilation_rate": 9.367027660947606,
  "dropout": 0.12444729262275066,
  "epochs": 100,
  "experiment": "cnn_l2",
  "extra_channel": true,
  "fc1": 66.78739983276543,
  "fc2": 253.2881067369686,
  "kernel_size": 0,
  "l1": 0.00048715942074916807,
  "l2": 0.0005286941655642394,
  "lr": 0.00034788475620400807,
  "min_score": 15,
  "nblocks": 3.4863248155835924,
  "net": "cnn",
  "timeout": 10800,
  "train_verbose": true,
  "working_dir": "/home/dasolma/papers/rul_stacked/src"
}