{
  "batch_normalization": 1.0224560743595226,
  "batch_size": 52.94198171618316,
  "block_size": 1.865810777948741,
  "channels": 1.9005073331915077,
  "conv_activation": 1.420538645042465,
  "debug": false,
  "dense_activation": 0.3657035867190619,
  "dilation_rate": 4.863872621414228,
  "dropout": 0.296052654481299,
  "epochs": 100,
  "experiment": "cnn_multichannel_rna",
  "extra_channel": true,
  "fc1": 164.39401092424106,
  "fc2": 180.40155151585105,
  "kernel_size": 0,
  "l1": 0.0002070003021628084,
  "l2": 0.0003062837125543484,
  "lr": 0.0007006828448656449,
  "min_score": 0.15,
  "nblocks": 2.6437361076149744,
  "net": "cnn",
  "timeout": 10800,
  "train_verbose": true,
  "working_dir": "/home/dasolma/papers/fer-rna/src"
}