{
  "batch_normalization": 0.02465790756531805,
  "batch_size": 62.48799447860014,
  "block_size": 3.393732029481023,
  "conv_activation": 0.8191922434252412,
  "debug": false,
  "dense_activation": 2.0809149964616784,
  "dilation_rate": 7.872515803805349,
  "dropout": 0.3375550635080056,
  "epochs": 100,
  "experiment": "cnn_l2",
  "extra_channel": true,
  "fc1": 255.1053029128599,
  "fc2": 65.11837243411347,
  "kernel_size": 0,
  "l1": 0.0005359236518993904,
  "l2": 0.000615675001577111,
  "lr": 7.620367205980115e-05,
  "min_score": 15,
  "nblocks": 3.2357719944398893,
  "net": "cnn",
  "timeout": 10800,
  "train_verbose": true,
  "working_dir": "/home/dasolma/papers/rul_stacked/src"
}