{
  "batch_normalization": 0.3643286214312792,
  "batch_size": 63.3808660558552,
  "block_size": 2.18935101714089,
  "conv_activation": 1.575949483874436,
  "debug": false,
  "dense_activation": 0.08004564478844889,
  "dilation_rate": 1.4086001868944242,
  "dropout": 0.4783318909798872,
  "epochs": 100,
  "experiment": "cnn_l2",
  "extra_channel": true,
  "fc1": 252.2215184871871,
  "fc2": 249.0163451892613,
  "kernel_size": 0,
  "l1": 0.0008301692160372082,
  "l2": 0.0006016266576336435,
  "lr": 0.00030962462313077906,
  "min_score": 15,
  "nblocks": 1.9360651863249154,
  "net": "cnn",
  "timeout": 10800,
  "train_verbose": true,
  "working_dir": "/home/dasolma/papers/rul_stacked/src"
}