{
  "attention": 0.8840314819905359,
  "batch_normalization": 0.8979433271343473,
  "batch_size": 43.503716839032165,
  "bidirectional": 0.07718368852898672,
  "cell_type": 1.1087223109570272,
  "debug": false,
  "dense_activation": 1.9203401840375423,
  "dropout": 0.7803650867220934,
  "epochs": 100,
  "extra_channel": false,
  "fc1": 239.3421860908425,
  "fc2": 100,
  "kernels": [
    [
      2,
      3
    ],
    [
      2,
      5
    ],
    [
      2,
      10
    ],
    [
      1,
      3
    ],
    [
      1,
      5
    ],
    [
      1,
      10
    ]
  ],
  "l1": 0.0005113423988609378,
  "l2": 0.0005015162946871996,
  "lr": 0.0008003122271771074,
  "lstm_units": 88.79596024710969,
  "min_score": 15,
  "nblocks": 3.601861294227956,
  "net": "rnn",
  "timeout": 10800,
  "train_verbose": true,
  "window": 418.31706777444043,
  "working_dir": "/home/dasolma/papers/rul_stacked/src"
}