{
  "attention": 0.13101102886571736,
  "batch_normalization": 0.39437369912075226,
  "batch_size": 63.515202901216824,
  "bidirectional": 1.482488904590247,
  "cell_type": 0.01129884924159863,
  "debug": false,
  "dense_activation": 2.4329643411043964,
  "dropout": 0.12667519129749719,
  "epochs": 100,
  "extra_channel": false,
  "fc1": 193.1865599316075,
  "fc2": 100,
  "kernels": [
    [
      2,
      3
    ],
    [
      2,
      5
    ],
    [
      2,
      10
    ],
    [
      1,
      3
    ],
    [
      1,
      5
    ],
    [
      1,
      10
    ]
  ],
  "l1": 0.000851601867899434,
  "l2": 0.0006257897429421436,
  "lr": 0.0007601439194138029,
  "lstm_units": 92.0657796113245,
  "min_score": 15,
  "nblocks": 2.400647113778401,
  "net": "rnn",
  "timeout": 10800,
  "train_verbose": true,
  "window": 127.56179132183459,
  "working_dir": "/home/dasolma/papers/rul_stacked/src"
}