{
  "attention": 0.6993811876950553,
  "batch_normalization": 0.31044047150082577,
  "batch_size": 61.047431688618886,
  "bidirectional": 0.5661293316972704,
  "cell_type": 1.0647488016822457,
  "debug": false,
  "dense_activation": 0.107509728234785,
  "dropout": 0.28004183688555795,
  "epochs": 100,
  "extra_channel": false,
  "fc1": 218.00024829855906,
  "fc2": 100,
  "kernels": [
    [
      2,
      3
    ],
    [
      2,
      5
    ],
    [
      2,
      10
    ],
    [
      1,
      3
    ],
    [
      1,
      5
    ],
    [
      1,
      10
    ]
  ],
  "l1": 0.0009075681319139948,
  "l2": 0.00019514981082992988,
  "lr": 0.00010771323386366592,
  "lstm_units": 96.99993655082898,
  "min_score": 15,
  "nblocks": 1.6797946889312265,
  "net": "rnn",
  "timeout": 10800,
  "train_verbose": true,
  "window": 124.48410375691293,
  "working_dir": "/home/dasolma/papers/rul_stacked/src"
}