{
  "attention": 1.2105969879866334,
  "batch_normalization": -0.4718790852085934,
  "batch_size": 55.12481138426783,
  "bidirectional": 1.3216564457580435,
  "cell_type": 1.2930641003501349,
  "debug": false,
  "dense_activation": 0.5208684232315026,
  "dropout": 0.5821681351660561,
  "epochs": 100,
  "extra_channel": false,
  "fc1": 249.95256727509238,
  "fc2": 100,
  "kernels": [
    [
      2,
      3
    ],
    [
      2,
      5
    ],
    [
      2,
      10
    ],
    [
      1,
      3
    ],
    [
      1,
      5
    ],
    [
      1,
      10
    ]
  ],
  "l1": 0.0008901881154926642,
  "l2": 0.00046139839814063224,
  "lr": 0.0002297677157910623,
  "lstm_units": 127.94113698277148,
  "min_score": 15,
  "nblocks": 4.364190196900344,
  "net": "rnn",
  "timeout": 10800,
  "train_verbose": true,
  "window": 188.40256378524697,
  "working_dir": "/home/dasolma/papers/rul_stacked/src"
}