{
  "batch_normalization": 0.5574015529186143,
  "batch_size": 54.15232126205643,
  "block_size": 1.6468922405690931,
  "conv_activation": 0.21469448227924015,
  "debug": false,
  "dense_activation": 1.2091981405776544,
  "dilation_rate": 4.2496818668213,
  "dropout": 0.7312117582940818,
  "epochs": 100,
  "extra_channel": true,
  "f1": 5.6325429495242485,
  "f2": 7.9598260855345755,
  "f3": 6.952451416500889,
  "fc1": 67.94812513189108,
  "fc2": 100,
  "kernel_size": 3.9907922410127625,
  "kernels": [
    [
      2,
      3
    ],
    [
      2,
      5
    ],
    [
      2,
      10
    ],
    [
      1,
      3
    ],
    [
      1,
      5
    ],
    [
      1,
      10
    ]
  ],
  "l1": 0.0008185797525038476,
  "l2": 0.00021421860368177914,
  "lr": 0.0009170577425031268,
  "min_score": 15,
  "msblocks": 0.6538204387393414,
  "nblocks": 3.2382447932527407,
  "net": "mscnn",
  "timeout": 10800,
  "train_verbose": true,
  "window": 406.37243917943977,
  "working_dir": "/home/dasolma/papers/rul_stacked/src"
}