{
  "attention": 0.01852167130318616,
  "batch_normalization": 1.2920790907493365,
  "batch_size": 37.18810187555373,
  "bidirectional": -0.025304187576328463,
  "cell_type": 1.0290577886258385,
  "debug": false,
  "dense_activation": -0.3975102054955937,
  "dropout": 0.6751313521105998,
  "epochs": 100,
  "extra_channel": false,
  "fc1": 252.98412831019982,
  "fc2": 100,
  "kernels": [
    [
      2,
      3
    ],
    [
      2,
      5
    ],
    [
      2,
      10
    ],
    [
      1,
      3
    ],
    [
      1,
      5
    ],
    [
      1,
      10
    ]
  ],
  "l1": 0.000534420878860122,
  "l2": 0.0007283367053356614,
  "lr": 0.0003508906471299506,
  "lstm_units": 101.82041074833873,
  "min_score": 15,
  "nblocks": 1.7965269216117625,
  "net": "rnn",
  "timeout": 10800,
  "train_verbose": true,
  "window": 170.37543894355704,
  "working_dir": "/home/dasolma/papers/rul_stacked/src"
}