{
  "attention": -0.4746358973967182,
  "batch_normalization": -0.12377642268640321,
  "batch_size": 36.48578426375393,
  "bidirectional": 0.11084991339154704,
  "cell_type": 0.5927801200405045,
  "debug": false,
  "dense_activation": 1.082037391114204,
  "dropout": 0.5352403382830354,
  "epochs": 100,
  "experiment": "cnn_rnn_rna",
  "extra_channel": false,
  "fc1": 185.25023580082762,
  "fc2": 233.28995965959675,
  "l1": 0.0007947997699557667,
  "l2": 0.000907858532922096,
  "lr": 0.0002296754863046858,
  "lstm_units": 101.30144540917529,
  "min_score": 0.15,
  "nblocks": 1.820126289625112,
  "net": "rnn",
  "num_embeddings": 250.93500125494222,
  "timeout": 10800,
  "train_verbose": true,
  "window": 302.1293223274125,
  "working_dir": "/home/dasolma/papers/fer-rna/src"
}