{
  "batch_normalization": 0.46604457821740575,
  "batch_size": 42.74550438442597,
  "block_size": 2.8199269074436977,
  "conv_activation": 0.8390579182899824,
  "debug": false,
  "dense_activation": 2.367298652369077,
  "dilation_rate": 1.918180997651235,
  "dropout": 0.14164917730723772,
  "epochs": 100,
  "extra_channel": true,
  "f1": 6.500931042230584,
  "f2": 12.390768216511137,
  "f3": 3.0477669534771747,
  "fc1": 140.61292472613565,
  "fc2": 100,
  "kernel_size": 3.302583216507146,
  "kernels": [
    [
      2,
      3
    ],
    [
      2,
      5
    ],
    [
      2,
      10
    ],
    [
      1,
      3
    ],
    [
      1,
      5
    ],
    [
      1,
      10
    ]
  ],
  "l1": 0.0008320291884725261,
  "l2": 0.00011811836293368461,
  "lr": 0.0005651747283701968,
  "min_score": 15,
  "msblocks": 0.41231937406363883,
  "nblocks": 3.3279313530944754,
  "net": "mscnn",
  "timeout": 10800,
  "train_verbose": true,
  "window": 128.89971759180142,
  "working_dir": "/home/dasolma/papers/rul_stacked/src"
}