{
  "batch_normalization": 0.3995895967503369,
  "batch_size": 59.72664928421077,
  "block_size": 3.4627425159722787,
  "channels": 2.7139799903120503,
  "conv_activation": 1.6892170562732882,
  "debug": false,
  "dense_activation": 0.27358037518573497,
  "dilation_rate": 2.208158073006185,
  "dropout": 0.7881380285576397,
  "epochs": 100,
  "experiment": "cnn_multichannel_rna",
  "extra_channel": true,
  "fc1": 181.12474827444294,
  "fc2": 67.66667248355174,
  "kernel_size": 0,
  "l1": 0.00018417555397108932,
  "l2": 0.00033730545960469483,
  "lr": 0.0002924110955606377,
  "min_score": 0.15,
  "nblocks": 3.3924620722042507,
  "net": "cnn",
  "timeout": 10800,
  "train_verbose": true,
  "working_dir": "/home/dasolma/papers/fer-rna/src"
}