{
  "batch_normalization": 0.24813332199456528,
  "batch_size": 35.23170638161325,
  "block_size": 3.372646906406194,
  "conv_activation": 1.316047559901661,
  "debug": false,
  "dense_activation": -0.08347959081429324,
  "dilation_rate": 7.318539790290587,
  "dropout": 0.5230505361600654,
  "epochs": 100,
  "experiment": "cnn_l2",
  "extra_channel": true,
  "fc1": 181.36156166412917,
  "fc2": 91.4381292076078,
  "kernel_size": 0,
  "l1": 0.0009973029923417758,
  "l2": 1.9890310365857534e-05,
  "lr": 0.00015067352605379944,
  "min_score": 15,
  "nblocks": 1.8300161048894998,
  "net": "cnn",
  "timeout": 10800,
  "train_verbose": true,
  "working_dir": "/home/dasolma/papers/rul_stacked/src"
}