{
  "batch_normalization": -0.0261319090309447,
  "batch_size": 63.66495695565554,
  "block_size": 2.379143788578162,
  "conv_activation": 1.4795440992699491,
  "debug": false,
  "dense_activation": 2.4507770292909656,
  "dilation_rate": 1.0384102074990773,
  "dropout": 0.5902796237208426,
  "epochs": 100,
  "experiment": "cnn_l2",
  "extra_channel": true,
  "fc1": 78.28573153557826,
  "fc2": 64.3527488435831,
  "kernel_size": 0,
  "l1": 0.0007638654244155322,
  "l2": 0.000996207661867988,
  "lr": 0.0006767159705134447,
  "min_score": 15,
  "nblocks": 1.7413049405277266,
  "net": "cnn",
  "timeout": 10800,
  "train_verbose": true,
  "working_dir": "/home/dasolma/papers/rul_stacked/src"
}