{
  "batch_normalization": -0.19207049075820237,
  "batch_size": 35.24366071760104,
  "block_size": 1.8156733781568266,
  "conv_activation": 0.8096217144598106,
  "debug": false,
  "dense_activation": 0.15230059713252442,
  "dilation_rate": 3.1780750803974005,
  "dropout": 0.788315431323657,
  "epochs": 100,
  "extra_channel": true,
  "f1": 3.7271523433935445,
  "f2": 9.423873694940964,
  "f3": 10.851420198597365,
  "fc1": 201.25312547727754,
  "fc2": 100,
  "kernel_size": 5.472745093527954,
  "kernels": [
    [
      2,
      3
    ],
    [
      2,
      5
    ],
    [
      2,
      10
    ],
    [
      1,
      3
    ],
    [
      1,
      5
    ],
    [
      1,
      10
    ]
  ],
  "l1": 0.00012035214564847485,
  "l2": 0.00025256384697559976,
  "lr": 0.00015902861866562515,
  "min_score": 15,
  "msblocks": 2.0376229703086692,
  "nblocks": 2.999623388645557,
  "net": "mscnn",
  "timeout": 10800,
  "train_verbose": true,
  "window": 182.47195250519417,
  "working_dir": "/home/dasolma/papers/rul_stacked/src"
}