{
  "batch_normalization": 1.243963802775004,
  "batch_size": 57.16214567065957,
  "block_size": 2.876456865100109,
  "conv_activation": 0.5045838596399628,
  "debug": false,
  "dense_activation": 0.2299495051405014,
  "dilation_rate": 6.440557907481308,
  "dropout": 0.5348631975376041,
  "epochs": 100,
  "extra_channel": true,
  "f1": 12.072451194197463,
  "f2": 9.188554573590421,
  "f3": 14.321066076177964,
  "fc1": 250.51690043656882,
  "fc2": 100,
  "kernel_size": -0.43889874341055335,
  "kernels": [
    [
      2,
      3
    ],
    [
      2,
      5
    ],
    [
      2,
      10
    ],
    [
      1,
      3
    ],
    [
      1,
      5
    ],
    [
      1,
      10
    ]
  ],
  "l1": 0.0009906365486093817,
  "l2": 0.0008587504178383027,
  "lr": 0.0003130694564554454,
  "min_score": 15,
  "msblocks": 3.4614392871960753,
  "nblocks": 3.348179531996899,
  "net": "mscnn",
  "timeout": 10800,
  "train_verbose": true,
  "window": 105.58719156073064,
  "working_dir": "/home/dasolma/papers/rul_stacked/src"
}