{
  "attention": 0.9026437168240167,
  "batch_normalization": 0.152238550858392,
  "batch_size": 60.497577426009556,
  "bidirectional": -0.49951543660155995,
  "cell_type": -0.3634604584199215,
  "debug": false,
  "dense_activation": 1.397049989230563,
  "dropout": 0.6473673557009357,
  "epochs": 100,
  "extra_channel": false,
  "fc1": 212.48665598390244,
  "fc2": 100,
  "kernels": [
    [
      2,
      3
    ],
    [
      2,
      5
    ],
    [
      2,
      10
    ],
    [
      1,
      3
    ],
    [
      1,
      5
    ],
    [
      1,
      10
    ]
  ],
  "l1": 5.19284449329468e-05,
  "l2": 0.0008689059569213792,
  "lr": 0.0007073626891808751,
  "lstm_units": 90.21463760783578,
  "min_score": 15,
  "nblocks": 2.0091962834034973,
  "net": "rnn",
  "timeout": 10800,
  "train_verbose": true,
  "window": 139.27581460631924,
  "working_dir": "/home/dasolma/papers/rul_stacked/src"
}