{
  "attention": 1.216206851751187,
  "batch_normalization": 0.7403632723868403,
  "batch_size": 42.588736795284774,
  "bidirectional": -0.38288329942795274,
  "cell_type": 0.1119646434313244,
  "debug": false,
  "dense_activation": 0.46554996608024113,
  "dropout": 0.6566455605042577,
  "epochs": 100,
  "experiment": "cnn_rnn_rna",
  "extra_channel": false,
  "fc1": 186.4110345002009,
  "fc2": 234.3448465746547,
  "l1": 0.0004722149251619493,
  "l2": 0.0001195942459383017,
  "lr": 0.000716112339350765,
  "lstm_units": 101.20792544509251,
  "min_score": 0.15,
  "nblocks": 3.182606048757099,
  "net": "rnn",
  "num_embeddings": 254.1934359909122,
  "timeout": 10800,
  "train_verbose": true,
  "window": 297.5182385457563,
  "working_dir": "/home/dasolma/papers/fer-rna/src"
}