{
  "batch_normalization": 0.7813384283214473,
  "batch_size": 60.87482496453458,
  "block_size": 1.6832386678097686,
  "conv_activation": 0.408421753673069,
  "debug": false,
  "dense_activation": 0.4494184886640017,
  "dilation_rate": 1.371536106611453,
  "dropout": 0.32462910865470584,
  "epochs": 100,
  "experiment": "cnn_l2",
  "extra_channel": true,
  "fc1": 124.81839443862515,
  "fc2": 138.253191622524,
  "kernel_size": 0,
  "l1": 1.4734242614841464e-05,
  "l2": 0.00021867895893970603,
  "lr": 0.00010359539382523151,
  "min_score": 15,
  "nblocks": 2.532121326188266,
  "net": "cnn",
  "timeout": 10800,
  "train_verbose": true,
  "working_dir": "/home/dasolma/papers/rul_stacked/src"
}