{
  "batch_normalization": -0.5,
  "batch_size": 50.94312864751733,
  "block_size": 2.0756157341281747,
  "channels": 3.214147615885348,
  "conv_activation": -0.20770889960293915,
  "debug": false,
  "dense_activation": 1.277075968478779,
  "dilation_rate": 9.023605594522552,
  "dropout": 0.26456731335952705,
  "epochs": 100,
  "experiment": "cnn_multichannel_rna",
  "extra_channel": true,
  "fc1": 183.40109735359985,
  "fc2": 225.2510408823823,
  "kernel_size": 0,
  "l1": 4.3647614002419176e-06,
  "l2": 0.00016900462661098507,
  "lr": 0.0006345907826218477,
  "min_score": 0.15,
  "nblocks": 3.49,
  "net": "cnn",
  "timeout": 10800,
  "train_verbose": true,
  "working_dir": "/home/dasolma/papers/fer-rna/src"
}