{
  "attention": 0.8751715021474178,
  "batch_normalization": 1.2305385772687962,
  "batch_size": 55.72175250679284,
  "bidirectional": -0.20434995691555802,
  "cell_type": -0.256261001219523,
  "debug": false,
  "dense_activation": 1.9008072225709876,
  "dropout": 0.211999597129256,
  "epochs": 100,
  "extra_channel": false,
  "fc1": 194.22234495765576,
  "fc2": 100,
  "kernels": [
    [
      2,
      3
    ],
    [
      2,
      5
    ],
    [
      2,
      10
    ],
    [
      1,
      3
    ],
    [
      1,
      5
    ],
    [
      1,
      10
    ]
  ],
  "l1": 0.0007549227615587068,
  "l2": 0.0007797770624526634,
  "lr": 0.000578891330651393,
  "lstm_units": 106.57236297154373,
  "min_score": 15,
  "nblocks": 1.6762617428222806,
  "net": "rnn",
  "timeout": 10800,
  "train_verbose": true,
  "window": 144.81489174176465,
  "working_dir": "/home/dasolma/papers/rul_stacked/src"
}