{
  "batch_normalization": -0.20037562781003393,
  "batch_size": 63.76044850237762,
  "block_size": 3.204594530484406,
  "conv_activation": 0.37987648521420503,
  "debug": false,
  "dense_activation": 1.0317131120832845,
  "dilation_rate": 6.883829862311692,
  "dropout": 0.8084523486290323,
  "epochs": 100,
  "experiment": "cnn_l2",
  "extra_channel": true,
  "fc1": 253.28668217396233,
  "fc2": 70.42410496568971,
  "kernel_size": 0,
  "l1": 0.00018161237159209566,
  "l2": 0.00029831820554503363,
  "lr": 0.00020572835929097248,
  "min_score": 15,
  "nblocks": 2.3483522464133353,
  "net": "cnn",
  "timeout": 10800,
  "train_verbose": true,
  "working_dir": "/home/dasolma/papers/rul_stacked/src"
}