{
  "batch_normalization": 0.9676561254758844,
  "batch_size": 32.30910586837841,
  "block_size": 2.2263619470272635,
  "conv_activation": 1.081945813568501,
  "debug": false,
  "dense_activation": 1.6575467513524071,
  "dilation_rate": 7.406594584773796,
  "dropout": 0.600604368780892,
  "epochs": 100,
  "extra_channel": true,
  "f1": 4.165463893848199,
  "f2": 11.702409833469474,
  "f3": 12.285726120799374,
  "fc1": 147.36014748078253,
  "fc2": 100,
  "kernel_size": 0.5540814590114815,
  "kernels": [
    [
      2,
      3
    ],
    [
      2,
      5
    ],
    [
      2,
      10
    ],
    [
      1,
      3
    ],
    [
      1,
      5
    ],
    [
      1,
      10
    ]
  ],
  "l1": 0.0007367437248356287,
  "l2": 0.0002529121220660493,
  "lr": 0.0005212039695012975,
  "min_score": 15,
  "msblocks": 1.5782123921895725,
  "nblocks": 3.290197329501994,
  "net": "mscnn",
  "timeout": 10800,
  "train_verbose": true,
  "window": 484.6508532528432,
  "working_dir": "/home/dasolma/papers/rul_stacked/src"
}