{
  "attention": 0.9421826674453231,
  "batch_normalization": 1.4419456381304439,
  "batch_size": 48.521611145638246,
  "bidirectional": 0.13591294588249192,
  "cell_type": 1.0803723895374073,
  "debug": false,
  "dense_activation": 0.30249675378622265,
  "dropout": 0.3950742786350725,
  "epochs": 100,
  "experiment": "cnn_rnn_rna",
  "extra_channel": false,
  "fc1": 79.06362521771507,
  "fc2": 68.86734273576783,
  "l1": 0.0009626484146779251,
  "l2": 0.0008359801205122058,
  "lr": 0.000699014464032761,
  "lstm_units": 61.80272977439823,
  "min_score": 0.15,
  "nblocks": 2.0264170738111202,
  "net": "rnn",
  "num_embeddings": 131.2874085342172,
  "timeout": 10800,
  "train_verbose": true,
  "window": 200.09715926583812,
  "working_dir": "/home/dasolma/papers/fer-rna/src"
}