{
  "attention": 0.5874675787331722,
  "batch_normalization": 0.8768714434084595,
  "batch_size": 52.86276030408322,
  "bidirectional": -0.06146138107888044,
  "cell_type": 0.9143584426950717,
  "debug": false,
  "dense_activation": 0.2017472624904002,
  "dropout": 0.29285972834334095,
  "epochs": 100,
  "extra_channel": false,
  "fc1": 207.32634978266063,
  "fc2": 100,
  "kernels": [
    [
      2,
      3
    ],
    [
      2,
      5
    ],
    [
      2,
      10
    ],
    [
      1,
      3
    ],
    [
      1,
      5
    ],
    [
      1,
      10
    ]
  ],
  "l1": 0.0006496328990472146,
  "l2": 0.0008492234104941779,
  "lr": 0.0006610367633773399,
  "lstm_units": 79.65056357357282,
  "min_score": 15,
  "nblocks": 1.7891508081277157,
  "net": "rnn",
  "timeout": 10800,
  "train_verbose": true,
  "window": 247.0863212237734,
  "working_dir": "/home/dasolma/papers/rul_stacked/src"
}