{
  "attention": -0.3589402760964977,
  "batch_normalization": -0.016907797041820494,
  "batch_size": 63.79660027978257,
  "bidirectional": 0.14178050141869414,
  "cell_type": -0.20269069320663569,
  "debug": false,
  "dense_activation": -0.07748244984982922,
  "dropout": 0.48326055041050114,
  "epochs": 100,
  "extra_channel": false,
  "fc1": 221.62104186453186,
  "fc2": 100,
  "kernels": [
    [
      2,
      3
    ],
    [
      2,
      5
    ],
    [
      2,
      10
    ],
    [
      1,
      3
    ],
    [
      1,
      5
    ],
    [
      1,
      10
    ]
  ],
  "l1": 0.0004001476307521734,
  "l2": 0.00025959396587877303,
  "lr": 0.0009855757478524356,
  "lstm_units": 46.32445164414088,
  "min_score": 15,
  "nblocks": 3.585627216422594,
  "net": "rnn",
  "timeout": 10800,
  "train_verbose": true,
  "window": 186.18829300368606,
  "working_dir": "/home/dasolma/papers/rul_stacked/src"
}