{
  "batch_normalization": 0.35596938459995286,
  "batch_size": 32.02044777242576,
  "block_size": 2.497751546859345,
  "conv_activation": 2.302134283792763,
  "debug": false,
  "dense_activation": 2.1479529397350205,
  "dilation_rate": 3.825560872916915,
  "dropout": 0.8959401336728725,
  "epochs": 100,
  "experiment": "cnn_l2",
  "extra_channel": true,
  "fc1": 253.27685580046688,
  "fc2": 249.46772953230092,
  "kernel_size": 0,
  "l1": 0.0002553275764104169,
  "l2": 0.0006417395884758049,
  "lr": 0.000312714434496467,
  "min_score": 15,
  "nblocks": 2.8679452357987274,
  "net": "cnn",
  "timeout": 10800,
  "train_verbose": true,
  "working_dir": "/home/dasolma/papers/rul_stacked/src"
}