{
  "attention": 0.059680988754935216,
  "batch_normalization": -0.4265949747644797,
  "batch_size": 51.5060586873567,
  "bidirectional": 0.49535804645772297,
  "cell_type": -0.4070424975000213,
  "debug": false,
  "dense_activation": 0.3259393927098343,
  "dropout": 0.8174392973699883,
  "epochs": 100,
  "experiment": "cnn_rnn_rna",
  "extra_channel": false,
  "fc1": 109.99588300805871,
  "fc2": 91.81981544151483,
  "l1": 0.000489452760277563,
  "l2": 0.0009856504541106007,
  "lr": 0.0002496347187963854,
  "lstm_units": 91.2791813094584,
  "min_score": 0.08,
  "nblocks": 3.7796264536795787,
  "net": "rnn",
  "num_embeddings": 147.52750879847994,
  "timeout": 10800,
  "train_verbose": true,
  "window": 391.2865394447438,
  "working_dir": "/home/dasolma/papers/fer-rna/src"
}