{
  "batch_normalization": -0.4899274481460248,
  "batch_size": 37.14585764535995,
  "block_size": 2.5964929029458403,
  "conv_activation": 1.56568559307808,
  "debug": false,
  "dense_activation": 1.4458837785078016,
  "dilation_rate": 2.7482077084163867,
  "dropout": 0.6409612992127823,
  "epochs": 100,
  "experiment": "rnn_cnn_l2",
  "extra_channel": true,
  "fc1": 109.55182479938561,
  "fc2": 126.4767420465794,
  "kernel_size": 0,
  "l1": 0.0007464914051180241,
  "l2": 0.0006496328990472146,
  "lr": 0.0008507311763892362,
  "min_score": 15,
  "nblocks": 2.8120735267546797,
  "net": "cnn",
  "timeout": 10800,
  "train_verbose": true,
  "working_dir": "/home/dasolma/papers/fer-rna/src"
}