{
  "batch_normalization": 0.12135237189393433,
  "batch_size": 33.337634872167534,
  "block_size": 2.501281455973797,
  "conv_activation": 1.4029784167906596,
  "debug": false,
  "dense_activation": 0.16857979689645275,
  "dilation_rate": 0.5879156002832174,
  "dropout": 0.5114237361535481,
  "epochs": 100,
  "experiment": "cnn_l2",
  "extra_channel": true,
  "fc1": 246.92531535703253,
  "fc2": 253.66808080233312,
  "kernel_size": 0,
  "l1": 0.000777778484273724,
  "l2": 0.0005907792344761003,
  "lr": 0.0006962000470267057,
  "min_score": 15,
  "nblocks": 2.5372165906776285,
  "net": "cnn",
  "timeout": 10800,
  "train_verbose": true,
  "working_dir": "/home/dasolma/papers/rul_stacked/src"
}