{
  "batch_normalization": 1.2522659828632545,
  "batch_size": 51.66233757849261,
  "block_size": 2.789167440696237,
  "conv_activation": 0.9365118430787189,
  "debug": false,
  "dense_activation": 2.114711118480063,
  "dilation_rate": 7.158752470326547,
  "dropout": 0.6435494469813585,
  "epochs": 100,
  "experiment": "rnn_cnn_l2",
  "extra_channel": true,
  "fc1": 254.6237109794842,
  "fc2": 126.29906600520891,
  "kernel_size": 0,
  "l1": 0.0009697768622758927,
  "l2": 0.0008910549171815309,
  "lr": 0.0006710508261235321,
  "min_score": 15,
  "nblocks": 2.4039614282835773,
  "net": "cnn",
  "timeout": 10800,
  "train_verbose": true,
  "working_dir": "/home/dasolma/papers/fer-rna/src"
}