{
  "attention": 0.743269066167173,
  "batch_normalization": 1.2617185749017679,
  "batch_size": 47.29611075994934,
  "bidirectional": -0.23277354772026637,
  "cell_type": 0.05884360146384893,
  "debug": false,
  "dense_activation": 0.6290759233818635,
  "dropout": 0.2536809161855423,
  "epochs": 100,
  "experiment": "cnn_rnn_rna",
  "extra_channel": false,
  "fc1": 91.00818706951146,
  "fc2": 240.1061270386108,
  "l1": 0.0007447427376274875,
  "l2": 0.000205637095096858,
  "lr": 0.00036388599075453515,
  "lstm_units": 35.72147972784792,
  "min_score": 0.15,
  "nblocks": 4.430017155228075,
  "net": "rnn",
  "num_embeddings": 106.84852985716999,
  "timeout": 10800,
  "train_verbose": true,
  "window": 317.9046804018184,
  "working_dir": "/home/dasolma/papers/fer-rna/src"
}