{
  "batch_normalization": 0.8754623346153845,
  "batch_size": 61.43988412282859,
  "block_size": 3.0693444987177836,
  "conv_activation": 0.27770839095832883,
  "debug": false,
  "dense_activation": -0.15506130531137075,
  "dilation_rate": 9.123535675625785,
  "dropout": 0.5879674399497594,
  "epochs": 100,
  "experiment": "cnn_l2",
  "extra_channel": true,
  "fc1": 97.17337076433469,
  "fc2": 171.93058010330333,
  "kernel_size": 0,
  "l1": 0.0005424322111015463,
  "l2": 0.0009077634408160009,
  "lr": 0.00024693379269850326,
  "min_score": 15,
  "nblocks": 2.3916871601540155,
  "net": "cnn",
  "timeout": 10800,
  "train_verbose": true,
  "working_dir": "/home/dasolma/papers/rul_stacked/src"
}