{
  "batch_normalization": 0.10981124768156802,
  "batch_size": 63.49736263769905,
  "block_size": 2.995637753442323,
  "conv_activation": 2.4035606390947457,
  "debug": false,
  "dense_activation": 1.2914517580100833,
  "dilation_rate": 3.8137153440620395,
  "dropout": 0.06485536123325703,
  "epochs": 100,
  "experiment": "cnn_l2",
  "extra_channel": true,
  "fc1": 254.85432250029314,
  "fc2": 247.11399570072942,
  "kernel_size": 0,
  "l1": 0.0005914312696943927,
  "l2": 0.0004698658747368157,
  "lr": 0.0004954214462136393,
  "min_score": 15,
  "nblocks": 3.452967965672774,
  "net": "cnn",
  "timeout": 10800,
  "train_verbose": true,
  "working_dir": "/home/dasolma/papers/rul_stacked/src"
}