{
  "attention": -0.35199986321379284,
  "batch_normalization": 0.42700496985942027,
  "batch_size": 52.63115643890204,
  "bidirectional": 0.6701434045630301,
  "cell_type": 0.26839702496575035,
  "debug": false,
  "dense_activation": 1.3072029266269458,
  "dropout": 0.7025691713405008,
  "epochs": 100,
  "experiment": "cnn_rnn_rna",
  "extra_channel": false,
  "fc1": 219.9171441482947,
  "fc2": 229.291087508908,
  "l1": 0.00024058355086014417,
  "l2": 0.00017478805747096982,
  "lr": 0.000640910338663712,
  "lstm_units": 77.74202542164176,
  "min_score": 0.15,
  "nblocks": 3.1650856337772777,
  "net": "rnn",
  "num_embeddings": 206.79754737628565,
  "timeout": 10800,
  "train_verbose": true,
  "window": 244.47399714174063,
  "working_dir": "/home/dasolma/papers/fer-rna/src"
}