{
  "batch_normalization": 1.0075696371527385,
  "batch_size": 40.67988627984964,
  "block_size": 2.1837893931380337,
  "conv_activation": -0.11858068590651154,
  "debug": false,
  "dense_activation": 1.271916115388931,
  "dilation_rate": 1.7534766947600462,
  "dropout": 0.7679436873187007,
  "epochs": 100,
  "experiment": "cnn_l2",
  "extra_channel": true,
  "fc1": 180.22855283553722,
  "fc2": 237.25086439092772,
  "kernel_size": 0,
  "l1": 0.0008455464047317327,
  "l2": 0.0002991782979640593,
  "lr": 0.00013573703901828988,
  "min_score": 15,
  "nblocks": 1.7564045432780295,
  "net": "cnn",
  "timeout": 10800,
  "train_verbose": true,
  "working_dir": "/home/dasolma/papers/rul_stacked/src"
}