{
  "batch_normalization": -0.35066902754712936,
  "batch_size": 36.43644714266794,
  "block_size": 2.866717065862974,
  "channels": 2.0618548083697714,
  "conv_activation": 1.2883546322184016,
  "debug": false,
  "dense_activation": 0.8391810707008298,
  "dilation_rate": 7.108476041462574,
  "dropout": 0.1453096807776083,
  "epochs": 100,
  "experiment": "cnn_multichannel_rna",
  "extra_channel": true,
  "fc1": 122.08957572588821,
  "fc2": 135.04504661911074,
  "kernel_size": 0,
  "l1": 2.712650052944188e-05,
  "l2": 0.00041062502892975076,
  "lr": 0.00047124840666615345,
  "min_score": 0.15,
  "nblocks": 3.3938873859655083,
  "net": "cnn",
  "timeout": 10800,
  "train_verbose": true,
  "working_dir": "/home/dasolma/papers/fer-rna/src"
}