{
  "batch_normalization": 1.0346378063103823,
  "batch_size": 63.85258130848382,
  "block_size": 2.858503802054147,
  "conv_activation": 0.6836891003125867,
  "debug": false,
  "dense_activation": 1.940237466000091,
  "dilation_rate": 1.4922468254647892,
  "dropout": 0.5441271436350298,
  "epochs": 100,
  "experiment": "cnn_l2",
  "extra_channel": true,
  "fc1": 255.57192294475726,
  "fc2": 251.00456859763327,
  "kernel_size": 0,
  "l1": 0.0004852976414892348,
  "l2": 0.0008619890056460801,
  "lr": 0.00034575601855774325,
  "min_score": 15,
  "nblocks": 1.5441395562800708,
  "net": "cnn",
  "timeout": 10800,
  "train_verbose": true,
  "working_dir": "/home/dasolma/papers/rul_stacked/src"
}