{
  "attention": -0.4960957389376186,
  "batch_normalization": 0.5163871321293558,
  "batch_size": 45.35715210076093,
  "bidirectional": -0.06578437905853951,
  "cell_type": -0.2702692653326344,
  "debug": false,
  "dense_activation": 0.5028455142108839,
  "dropout": 0.8486187335212673,
  "epochs": 100,
  "experiment": "cnn_rnn_rna",
  "extra_channel": false,
  "fc1": 126.054962947985,
  "fc2": 163.60779937472628,
  "l1": 0.0007030189588951779,
  "l2": 0.000363629602379294,
  "lr": 0.0009720642618937511,
  "lstm_units": 123.79409703351646,
  "min_score": 0.15,
  "nblocks": 2.2603112415595854,
  "net": "rnn",
  "num_embeddings": 199.44970117847708,
  "timeout": 10800,
  "train_verbose": true,
  "window": 220.35132392670786,
  "working_dir": "/home/dasolma/papers/fer-rna/src"
}