{
  "batch_normalization": 1.2846923857502954,
  "batch_size": 64.0,
  "block_size": 1.51,
  "conv_activation": 1.9432263113275845,
  "debug": false,
  "dense_activation": -0.51,
  "dilation_rate": 10.49,
  "dropout": 0.0,
  "epochs": 100,
  "experiment": "cnn_l2",
  "extra_channel": true,
  "fc1": 192.31225253297993,
  "fc2": 145.70797584046585,
  "kernel_size": 0,
  "l1": 0.0008334211566807051,
  "l2": 0.0,
  "lr": 0.00035188674742476524,
  "min_score": 15,
  "nblocks": 1.51,
  "net": "cnn",
  "timeout": 10800,
  "train_verbose": true,
  "working_dir": "/home/dasolma/papers/rul_stacked/src"
}