{
  "batch_normalization": 0.8278524576117923,
  "batch_size": 52.86816290294938,
  "block_size": 2.840952244083915,
  "conv_activation": 1.7773101280198609,
  "debug": false,
  "dense_activation": -0.51,
  "dilation_rate": 5.31346899373353,
  "dropout": 0.9,
  "epochs": 100,
  "experiment": "cnn_l2",
  "extra_channel": true,
  "fc1": 164.92410777290903,
  "fc2": 81.84246095567154,
  "kernel_size": 0,
  "l1": 0.0008608526212503524,
  "l2": 0.00029012240472228983,
  "lr": 0.0005372302211405539,
  "min_score": 15,
  "nblocks": 1.51,
  "net": "cnn",
  "timeout": 10800,
  "train_verbose": true,
  "working_dir": "/home/dasolma/papers/rul_stacked/src"
}