{
  "batch_normalization": 0.8711570189799847,
  "batch_size": 33.8097011451737,
  "block_size": 3.293737714097886,
  "conv_activation": 0.1724755364040934,
  "debug": false,
  "dense_activation": -0.27991934350022596,
  "dilation_rate": 0.6067657373707209,
  "dropout": 0.3689537987611007,
  "epochs": 100,
  "extra_channel": true,
  "f1": 2.820559527563729,
  "f2": 2.765657232384599,
  "f3": 9.142786335532794,
  "fc1": 112.92173982173239,
  "fc2": 100,
  "kernel_size": 3.2151284509263807,
  "kernels": [
    [
      2,
      3
    ],
    [
      2,
      5
    ],
    [
      2,
      10
    ],
    [
      1,
      3
    ],
    [
      1,
      5
    ],
    [
      1,
      10
    ]
  ],
  "l1": 0.0007226648812756783,
  "l2": 4.188588920269465e-05,
  "lr": 0.0006945106089538929,
  "min_score": 15,
  "msblocks": 1.5497817809619208,
  "nblocks": 2.026083017040824,
  "net": "mscnn",
  "timeout": 10800,
  "train_verbose": true,
  "window": 455.7205680257463,
  "working_dir": "/home/dasolma/papers/rul_stacked/src"
}