{
  "batch_normalization": 0.734874733408005,
  "batch_size": 57.33403160914919,
  "block_size": 1.6002469701667748,
  "conv_activation": 0.9537769755335306,
  "debug": false,
  "dense_activation": 1.3763483590586696,
  "dilation_rate": 7.792019711919076,
  "dropout": 0.7654079820623796,
  "epochs": 100,
  "experiment": "cnn_l2",
  "extra_channel": true,
  "fc1": 68.4991560294695,
  "fc2": 85.99616685982085,
  "kernel_size": 0,
  "l1": 0.00039670558485737365,
  "l2": 8.162039274583022e-05,
  "lr": 0.00037372255021034625,
  "min_score": 15,
  "nblocks": 3.3638324274420652,
  "net": "cnn",
  "timeout": 10800,
  "train_verbose": true,
  "working_dir": "/home/dasolma/papers/rul_stacked/src"
}