{
  "batch_normalization": 0.7859003702443204,
  "batch_size": 63.14318267236118,
  "block_size": 1.5842260470872702,
  "conv_activation": 2.4761541011934085,
  "debug": false,
  "dense_activation": 0.5706078638641958,
  "dilation_rate": 1.9728127762425312,
  "dropout": 0.5829955956070141,
  "epochs": 100,
  "experiment": "cnn_l2",
  "extra_channel": true,
  "fc1": 254.60091187027754,
  "fc2": 71.60432039716522,
  "kernel_size": 0,
  "l1": 0.00031696331276297586,
  "l2": 0.000556536085570321,
  "lr": 0.0003540267182562517,
  "min_score": 15,
  "nblocks": 2.901673042346402,
  "net": "cnn",
  "timeout": 10800,
  "train_verbose": true,
  "working_dir": "/home/dasolma/papers/rul_stacked/src"
}