{
  "batch_normalization": 0.9980473717857923,
  "batch_size": 32.69080262774135,
  "block_size": 3.0465549300841612,
  "conv_activation": 2.1119292455666923,
  "debug": false,
  "dense_activation": 1.5097132533800839,
  "dilation_rate": 6.230148948129322,
  "dropout": 0.36910519629993044,
  "epochs": 100,
  "experiment": "rnn_cnn_l2",
  "extra_channel": true,
  "fc1": 157.73636254843927,
  "fc2": 161.5178989984036,
  "kernel_size": 0,
  "l1": 0.0003680729993805908,
  "l2": 0.00013656502540148108,
  "lr": 0.0006551620518774493,
  "min_score": 15,
  "nblocks": 1.9072830589936225,
  "net": "cnn",
  "timeout": 10800,
  "train_verbose": true,
  "working_dir": "/home/dasolma/papers/fer-rna/src"
}