{
  "batch_normalization": 1.1571051416681606,
  "batch_size": 55.67199111019931,
  "block_size": 3.4087105604912633,
  "conv_activation": 2.039344316221748,
  "debug": false,
  "dense_activation": 0.45322131081340644,
  "dilation_rate": 8.135422512333824,
  "dropout": 0.8150910506901206,
  "epochs": 100,
  "extra_channel": true,
  "f1": 9.569487073982838,
  "f2": 3.0340788793943334,
  "f3": 3.6425926359461496,
  "fc1": 67.46076126713984,
  "fc2": 100,
  "kernel_size": -0.06786963946098656,
  "kernels": [
    [
      2,
      3
    ],
    [
      2,
      5
    ],
    [
      2,
      10
    ],
    [
      1,
      3
    ],
    [
      1,
      5
    ],
    [
      1,
      10
    ]
  ],
  "l1": 0.0002760746556478304,
  "l2": 0.00077425886091263,
  "lr": 0.0003949014447022184,
  "min_score": 15,
  "msblocks": 2.158585469521348,
  "nblocks": 3.3400518436472533,
  "net": "mscnn",
  "timeout": 10800,
  "train_verbose": true,
  "window": 400.87649421589947,
  "working_dir": "/home/dasolma/papers/rul_stacked/src"
}