{
  "batch_normalization": -0.4436188119827981,
  "batch_size": 48.78002478160231,
  "block_size": 3.2192611546751646,
  "conv_activation": -0.51,
  "debug": false,
  "dense_activation": 1.3544212925904127,
  "dilation_rate": 3.445017712014533,
  "dropout": 0.0,
  "epochs": 100,
  "experiment": "cnn_l2",
  "extra_channel": true,
  "fc1": 247.77639924312223,
  "fc2": 247.61995181649235,
  "kernel_size": 0,
  "l1": 0.001,
  "l2": 0.0,
  "lr": 0.0001009332062590811,
  "min_score": 15,
  "nblocks": 2.293419666709487,
  "net": "cnn",
  "timeout": 10800,
  "train_verbose": true,
  "working_dir": "/home/dasolma/papers/rul_stacked/src"
}