{
  "attention": 0.9753849380825479,
  "batch_normalization": 0.8209102394474757,
  "batch_size": 62.26864710084164,
  "bidirectional": 1.4105457629235378,
  "cell_type": -0.42516357057560605,
  "debug": false,
  "dense_activation": 1.810033379392303,
  "dropout": 0.2967614516381627,
  "epochs": 100,
  "extra_channel": false,
  "fc1": 254.85985308332033,
  "fc2": 100,
  "kernels": [
    [
      2,
      3
    ],
    [
      2,
      5
    ],
    [
      2,
      10
    ],
    [
      1,
      3
    ],
    [
      1,
      5
    ],
    [
      1,
      10
    ]
  ],
  "l1": 0.0004321887500251883,
  "l2": 4.176004438055225e-05,
  "lr": 0.000301942230811249,
  "lstm_units": 109.0818522082953,
  "min_score": 15,
  "nblocks": 3.1464411012997258,
  "net": "rnn",
  "timeout": 10800,
  "train_verbose": true,
  "window": 148.2602597759647,
  "working_dir": "/home/dasolma/papers/rul_stacked/src"
}