{
  "batch_normalization": -0.139233654456422,
  "batch_size": 37.807320387702944,
  "block_size": 2.940028528320071,
  "conv_activation": 2.071376769765398,
  "debug": false,
  "dense_activation": 1.2032591274958697,
  "dilation_rate": 3.83371016593017,
  "dropout": 0.021729883071883282,
  "epochs": 100,
  "experiment": "cnn_l2",
  "extra_channel": true,
  "fc1": 180.86422313786377,
  "fc2": 93.50005364493214,
  "kernel_size": 0,
  "l1": 6.251361187747751e-05,
  "l2": 0.0001836397609823771,
  "lr": 0.0009806095600289801,
  "min_score": 15,
  "nblocks": 3.3803396437197284,
  "net": "cnn",
  "timeout": 10800,
  "train_verbose": true,
  "working_dir": "/home/dasolma/papers/rul_stacked/src"
}