{
  "batch_normalization": 0.5657701419314867,
  "batch_size": 46.89055200216282,
  "block_size": 2.6923162636137494,
  "conv_activation": -0.027613884534662847,
  "debug": false,
  "dense_activation": 1.689920616195541,
  "dilation_rate": 3.2120853203282493,
  "dropout": 0.5506601786323386,
  "epochs": 100,
  "extra_channel": true,
  "f1": 13.637403552814597,
  "f2": 12.994125243206662,
  "f3": 14.167644244242835,
  "fc1": 122.30758367498672,
  "fc2": 100,
  "kernel_size": 5.248458418827787,
  "kernels": [
    [
      2,
      3
    ],
    [
      2,
      5
    ],
    [
      2,
      10
    ],
    [
      1,
      3
    ],
    [
      1,
      5
    ],
    [
      1,
      10
    ]
  ],
  "l1": 0.0004939211025557701,
  "l2": 0.0009882304255655872,
  "lr": 0.0006628128328381242,
  "min_score": 15,
  "msblocks": 2.79045173098747,
  "nblocks": 1.574067360896059,
  "net": "mscnn",
  "timeout": 10800,
  "train_verbose": true,
  "window": 66.40409655411328,
  "working_dir": "/home/dasolma/papers/rul_stacked/src"
}