{
  "batch_normalization": 1.0458141492934487,
  "batch_size": 60.520041240332496,
  "block_size": 2.758662832281763,
  "channels": 1.835876624391587,
  "conv_activation": 1.9475886796086674,
  "debug": false,
  "dense_activation": 0.6069401637883074,
  "dilation_rate": 3.326613049505789,
  "dropout": 0.22398781818559693,
  "epochs": 100,
  "experiment": "cnn_multichannel_rna",
  "extra_channel": true,
  "fc1": 183.16580212613633,
  "fc2": 64.0577449830732,
  "kernel_size": 0,
  "l1": 0.000993191282040666,
  "l2": 0.0001833351675916335,
  "lr": 0.0009694975680195665,
  "min_score": 0.15,
  "nblocks": 2.2923029020528274,
  "net": "cnn",
  "timeout": 10800,
  "train_verbose": true,
  "working_dir": "/home/dasolma/papers/fer-rna/src"
}