{
  "batch_normalization": 0.11885482021416782,
  "batch_size": 42.405866304855905,
  "block_size": 2.9546202331093667,
  "channels": 2.772363793283322,
  "conv_activation": 2.15163822772898,
  "debug": false,
  "dense_activation": 0.9066447754858478,
  "dilation_rate": 1.703550574464251,
  "dropout": 0.6419203085006955,
  "epochs": 100,
  "experiment": "cnn_multichannel_rna",
  "extra_channel": true,
  "fc1": 210.0707293344443,
  "fc2": 171.76522193334327,
  "kernel_size": 0,
  "l1": 0.000770967179954561,
  "l2": 0.0004937955963643907,
  "lr": 0.0005275055010881742,
  "min_score": 0.15,
  "nblocks": 2.3565312163499286,
  "net": "cnn",
  "timeout": 10800,
  "train_verbose": true,
  "working_dir": "/home/dasolma/papers/fer-rna/src"
}