{
  "batch_normalization": 0.8620004769016507,
  "batch_size": 36.53253063256726,
  "block_size": 2.6495088456739957,
  "channels": 2.2357081165185546,
  "conv_activation": 1.4237236242616167,
  "debug": false,
  "dense_activation": 0.5978315332755815,
  "dilation_rate": 1.4795484342185428,
  "dropout": 0.7717602820057734,
  "epochs": 100,
  "experiment": "cnn_multichannel_rna",
  "extra_channel": true,
  "fc1": 145.4792829477471,
  "fc2": 248.25626917394408,
  "kernel_size": 0,
  "l1": 0.0001545188832460932,
  "l2": 0.0004795152429582308,
  "lr": 0.0009947022952518057,
  "min_score": 0.15,
  "nblocks": 1.842992316755549,
  "net": "cnn",
  "timeout": 10800,
  "train_verbose": true,
  "working_dir": "/home/dasolma/papers/fer-rna/src"
}