{
  "batch_normalization": 0.5477552173635489,
  "batch_size": 62.67656393357572,
  "block_size": 1.7465923531855863,
  "conv_activation": 0.022939170279783982,
  "debug": false,
  "dense_activation": 0.5995978486087026,
  "dilation_rate": 5.183384403743344,
  "dropout": 0.4045867861802361,
  "epochs": 100,
  "extra_channel": true,
  "f1": 9.1375718790601,
  "f2": 3.458617746799818,
  "f3": 14.690706239441145,
  "fc1": 82.41513589627905,
  "fc2": 100,
  "kernel_size": 5.022824363322417,
  "kernels": [
    [
      2,
      3
    ],
    [
      2,
      5
    ],
    [
      2,
      10
    ],
    [
      1,
      3
    ],
    [
      1,
      5
    ],
    [
      1,
      10
    ]
  ],
  "l1": 0.00047928497473673817,
  "l2": 0.0004777557024834782,
  "lr": 0.0008719422504015079,
  "min_score": 15,
  "msblocks": 2.450447901072129,
  "nblocks": 2.6570522279282986,
  "net": "mscnn",
  "timeout": 10800,
  "train_verbose": true,
  "window": 441.73036009490966,
  "working_dir": "/home/dasolma/papers/rul_stacked/src"
}