{
  "batch_normalization": -0.48220817003633587,
  "batch_size": 47.14906518680081,
  "block_size": 3.1838368077426886,
  "conv_activation": 0.1857205875625897,
  "debug": false,
  "dense_activation": 0.6631829990370393,
  "dilation_rate": 1.779328757399684,
  "dropout": 0.28643210252424106,
  "epochs": 100,
  "extra_channel": true,
  "f1": 12.293560188241539,
  "f2": 7.832556633446044,
  "f3": 9.88500406730391,
  "fc1": 189.7832183032704,
  "fc2": 100,
  "kernel_size": -0.12674348947989356,
  "kernels": [
    [
      2,
      3
    ],
    [
      2,
      5
    ],
    [
      2,
      10
    ],
    [
      1,
      3
    ],
    [
      1,
      5
    ],
    [
      1,
      10
    ]
  ],
  "l1": 0.00033729494008586004,
  "l2": 0.0009658596889366387,
  "lr": 0.00010364679387376228,
  "min_score": 15,
  "msblocks": 1.3814972641871714,
  "nblocks": 3.4362740302047534,
  "net": "mscnn",
  "timeout": 10800,
  "train_verbose": true,
  "window": 325.00829287565205,
  "working_dir": "/home/dasolma/papers/rul_stacked/src"
}