{
  "batch_normalization": -0.07744516975023047,
  "batch_size": 37.81839895062722,
  "block_size": 1.873140929509799,
  "conv_activation": 0.40272672887861316,
  "debug": false,
  "dense_activation": 1.0642692948967134,
  "dilation_rate": 4.820811286048316,
  "dropout": 0.26210622617823776,
  "epochs": 100,
  "experiment": "rnn_cnn_l2",
  "extra_channel": true,
  "fc1": 181.47575578669685,
  "fc2": 90.78282124519203,
  "kernel_size": 0,
  "l1": 0.00029214464853521814,
  "l2": 0.0003663618432936917,
  "lr": 0.0004615092843748656,
  "min_score": 15,
  "nblocks": 3.0646484035581674,
  "net": "cnn",
  "timeout": 10800,
  "train_verbose": true,
  "working_dir": "/home/dasolma/papers/fer-rna/src"
}