{
  "batch_normalization": -0.38360458750755194,
  "batch_size": 38.575785334142566,
  "block_size": 3.385759954093001,
  "conv_activation": 0.5093410120779474,
  "debug": false,
  "dense_activation": 1.513596702649308,
  "dilation_rate": 7.686739846177577,
  "dropout": 0.8625178577822947,
  "epochs": 100,
  "experiment": "cnn_l2",
  "extra_channel": true,
  "fc1": 182.1216919478731,
  "fc2": 93.16613173624894,
  "kernel_size": 0,
  "l1": 0.0008143991184846184,
  "l2": 0.00019590460456587078,
  "lr": 0.00029760441341936036,
  "min_score": 15,
  "nblocks": 2.2094693805225414,
  "net": "cnn",
  "timeout": 10800,
  "train_verbose": true,
  "working_dir": "/home/dasolma/papers/rul_stacked/src"
}