{
  "attention": 0.6274302179592162,
  "batch_normalization": 1.1337903561890352,
  "batch_size": 37.37883564272667,
  "bidirectional": 1.372792667885581,
  "cell_type": -0.03327071990144348,
  "debug": false,
  "dense_activation": 0.12536957878492494,
  "dropout": 0.7976545902806199,
  "epochs": 100,
  "experiment": "cnn_rnn_rna",
  "extra_channel": false,
  "fc1": 210.95612308806048,
  "fc2": 100.4379185246406,
  "l1": 0.0008091078596719235,
  "l2": 0.0006284913287513677,
  "lr": 6.440571609420085e-05,
  "lstm_units": 33.96139867434633,
  "min_score": 0.15,
  "nblocks": 1.6551791325530356,
  "net": "rnn",
  "num_embeddings": 238.5491858253214,
  "timeout": 10800,
  "train_verbose": true,
  "window": 411.596955703634,
  "working_dir": "/home/dasolma/papers/fer-rna/src"
}