{
  "batch_normalization": 1.3002361848822592,
  "batch_size": 45.853360613321094,
  "block_size": 1.9659502377356535,
  "conv_activation": 2.202032509872006,
  "debug": false,
  "dense_activation": 2.3585417926634804,
  "dilation_rate": 4.530189336467603,
  "dropout": 0.7577234055567108,
  "epochs": 100,
  "extra_channel": true,
  "f1": 4.278914139484838,
  "f2": 14.782603704261701,
  "f3": 8.71858878320836,
  "fc1": 134.26933039054376,
  "fc2": 100,
  "kernel_size": 2.4301403550157303,
  "kernels": [
    [
      2,
      3
    ],
    [
      2,
      5
    ],
    [
      2,
      10
    ],
    [
      1,
      3
    ],
    [
      1,
      5
    ],
    [
      1,
      10
    ]
  ],
  "l1": 0.0007381850546918681,
  "l2": 0.00012383943187711856,
  "lr": 0.0005556851479119872,
  "min_score": 15,
  "msblocks": 2.954778117086286,
  "nblocks": 3.2937236487203756,
  "net": "mscnn",
  "timeout": 10800,
  "train_verbose": true,
  "window": 458.6705909530002,
  "working_dir": "/home/dasolma/papers/rul_stacked/src"
}