{
  "attention": 0.020404735363450888,
  "batch_normalization": -0.014460609675623681,
  "batch_size": 63.13633775207826,
  "bidirectional": 0.2761954493335208,
  "cell_type": 1.2740931103542266,
  "debug": false,
  "dense_activation": 1.3834158779917887,
  "dropout": 0.7153301731874836,
  "epochs": 100,
  "extra_channel": false,
  "fc1": 160.5063218761969,
  "fc2": 100,
  "kernels": [
    [
      2,
      3
    ],
    [
      2,
      5
    ],
    [
      2,
      10
    ],
    [
      1,
      3
    ],
    [
      1,
      5
    ],
    [
      1,
      10
    ]
  ],
  "l1": 0.0005769038846263592,
  "l2": 0.000492517693818864,
  "lr": 0.00020329055792006406,
  "lstm_units": 96.91463690928859,
  "min_score": 15,
  "nblocks": 2.3467016400737504,
  "net": "rnn",
  "timeout": 10800,
  "train_verbose": true,
  "window": 109.72638657258153,
  "working_dir": "/home/dasolma/papers/rul_stacked/src"
}