{
  "batch_normalization": 1.400906448794614,
  "batch_size": 37.439748101888306,
  "block_size": 3.1299770292162723,
  "channels": 1.775137310021854,
  "conv_activation": 1.3078678909982129,
  "debug": false,
  "dense_activation": 2.36270847522184,
  "dilation_rate": 1.181839288096234,
  "dropout": 0.26954303610564023,
  "epochs": 100,
  "experiment": "cnn_multichannel_rna",
  "extra_channel": true,
  "fc1": 141.92795918875075,
  "fc2": 248.3216917828052,
  "kernel_size": 0,
  "l1": 3.425734417048842e-05,
  "l2": 0.0007201849920845048,
  "lr": 0.00031347223098156956,
  "min_score": 0.15,
  "nblocks": 3.024934823349736,
  "net": "cnn",
  "timeout": 10800,
  "train_verbose": true,
  "working_dir": "/home/dasolma/papers/fer-rna/src"
}