{
  "attention": 1.3709171687058286,
  "batch_normalization": 1.398317868235149,
  "batch_size": 61.27566048705435,
  "bidirectional": 0.23031740051088878,
  "cell_type": -0.47908676694226515,
  "debug": false,
  "dense_activation": 2.2749556877631765,
  "dropout": 0.3853657334855829,
  "epochs": 100,
  "experiment": "cnn_rnn_rna",
  "extra_channel": false,
  "fc1": 249.59772525638456,
  "fc2": 249.01503560113656,
  "l1": 0.0008530094554673601,
  "l2": 0.0002944488920695857,
  "lr": 0.000391246751315906,
  "lstm_units": 111.32730720988798,
  "min_score": 0.15,
  "nblocks": 2.4544275753657074,
  "net": "rnn",
  "num_embeddings": 133.8985493372185,
  "timeout": 10800,
  "train_verbose": true,
  "window": 322.72050498334005,
  "working_dir": "/home/dasolma/papers/fer-rna/src"
}