{
  "batch_normalization": 1.4236430898969024,
  "batch_size": 62.83583926685609,
  "block_size": 3.198958721825373,
  "conv_activation": 0.37334667620875706,
  "debug": false,
  "dense_activation": 0.6452931858057758,
  "dilation_rate": 9.004343981738232,
  "dropout": 0.2852298046406499,
  "epochs": 100,
  "experiment": "rnn_cnn_l2",
  "extra_channel": true,
  "fc1": 96.54260736372976,
  "fc2": 170.90584239200322,
  "kernel_size": 0,
  "l1": 0.000936154774160781,
  "l2": 0.000696029796674973,
  "lr": 0.0005743605583884713,
  "min_score": 15,
  "nblocks": 1.7024094576661217,
  "net": "cnn",
  "timeout": 10800,
  "train_verbose": true,
  "working_dir": "/home/dasolma/papers/fer-rna/src"
}