{
  "attention": 0.014097271452059523,
  "batch_normalization": 0.8964897903744564,
  "batch_size": 55.73429760885227,
  "bidirectional": 0.27054079148562504,
  "cell_type": 0.5769929294936764,
  "debug": false,
  "dense_activation": -0.1843538923630601,
  "dropout": 0.37769690661945726,
  "epochs": 100,
  "experiment": "cnn_rnn_rna",
  "extra_channel": false,
  "fc1": 75.64081498034369,
  "fc2": 189.89135288317573,
  "l1": 0.0005540460170846807,
  "l2": 0.00026984740579408283,
  "lr": 0.0005922521344704572,
  "lstm_units": 102.09614975598002,
  "min_score": 0.15,
  "nblocks": 2.8995071378685155,
  "net": "rnn",
  "num_embeddings": 296.9939056371245,
  "timeout": 10800,
  "train_verbose": true,
  "window": 390.51321498481934,
  "working_dir": "/home/dasolma/papers/fer-rna/src"
}