{
  "attention": 0.6898040253330402,
  "batch_normalization": 1.3482040975968612,
  "batch_size": 42.245815533484276,
  "bidirectional": 0.759929558241834,
  "cell_type": 1.0560705901160925,
  "debug": false,
  "dense_activation": -0.06823097597507399,
  "dropout": 0.6879065348868408,
  "epochs": 100,
  "experiment": "cnn_rnn_rna",
  "extra_channel": false,
  "fc1": 158.86562876049692,
  "fc2": 68.05643458404799,
  "l1": 0.00023044743068473017,
  "l2": 0.0003699689937060072,
  "lr": 9.840347938411444e-05,
  "lstm_units": 21.25148098996545,
  "min_score": 0.15,
  "nblocks": 2.7635539387716497,
  "net": "rnn",
  "num_embeddings": 162.18932616447992,
  "timeout": 10800,
  "train_verbose": true,
  "window": 246.6361027133558,
  "working_dir": "/home/dasolma/papers/fer-rna/src"
}