{
  "batch_normalization": -0.4140713432352757,
  "batch_size": 51.4906693324055,
  "block_size": 1.793062872756457,
  "channels": 2.943307151874887,
  "conv_activation": 0.4327180079830282,
  "debug": false,
  "dense_activation": 2.090721417647285,
  "dilation_rate": 7.289453610449219,
  "dropout": 0.6844830014919447,
  "epochs": 100,
  "experiment": "cnn_multichannel_rna",
  "extra_channel": true,
  "fc1": 197.19297909645925,
  "fc2": 139.3457632125934,
  "kernel_size": 0,
  "l1": 0.00030198671599224126,
  "l2": 0.0008783758571167696,
  "lr": 0.0006662541256160677,
  "min_score": 0.15,
  "nblocks": 2.7270882569211885,
  "net": "cnn",
  "timeout": 10800,
  "train_verbose": true,
  "working_dir": "/home/dasolma/papers/fer-rna/src"
}