{
  "attention": 0.004943990005400245,
  "batch_normalization": 1.0552625508959224,
  "batch_size": 46.033455992376254,
  "bidirectional": -0.3502889981470947,
  "cell_type": 0.9306559877699287,
  "debug": false,
  "dense_activation": 1.6706273342143498,
  "dropout": 0.31220852356361345,
  "epochs": 100,
  "extra_channel": false,
  "fc1": 249.05863747930536,
  "fc2": 100,
  "kernels": [
    [
      2,
      3
    ],
    [
      2,
      5
    ],
    [
      2,
      10
    ],
    [
      1,
      3
    ],
    [
      1,
      5
    ],
    [
      1,
      10
    ]
  ],
  "l1": 0.00023568400857560358,
  "l2": 0.0003235193166482164,
  "lr": 0.0005636135580421664,
  "lstm_units": 98.38033566295486,
  "min_score": 15,
  "nblocks": 3.119917896516626,
  "net": "rnn",
  "timeout": 10800,
  "train_verbose": true,
  "window": 153.21520848140665,
  "working_dir": "/home/dasolma/papers/rul_stacked/src"
}