{
  "batch_normalization": 0.03414655211175367,
  "batch_size": 39.22493402774618,
  "block_size": 3.006954516716233,
  "conv_activation": 1.1910865355832867,
  "debug": false,
  "dense_activation": 0.33703965286102927,
  "dilation_rate": 5.833657986675871,
  "dropout": 0.2650650854172045,
  "epochs": 100,
  "extra_channel": true,
  "f1": 12.08970555572145,
  "f2": 5.9131876056534605,
  "f3": 8.482531527446044,
  "fc1": 102.00979994608834,
  "fc2": 100,
  "kernel_size": 3.3170115940225315,
  "kernels": [
    [
      2,
      3
    ],
    [
      2,
      5
    ],
    [
      2,
      10
    ],
    [
      1,
      3
    ],
    [
      1,
      5
    ],
    [
      1,
      10
    ]
  ],
  "l1": 0.0005692689034326404,
  "l2": 0.0004313573968965647,
  "lr": 0.0008664250758128057,
  "min_score": 15,
  "msblocks": 1.7779488996545425,
  "nblocks": 3.0550045839335325,
  "net": "mscnn",
  "timeout": 10800,
  "train_verbose": true,
  "window": 452.42533370712084,
  "working_dir": "/home/dasolma/papers/rul_stacked/src"
}