{
  "batch_normalization": 0.5439310987522032,
  "batch_size": 63.99224669114135,
  "block_size": 3.359137274834313,
  "conv_activation": 2.2282251940466704,
  "debug": false,
  "dense_activation": -0.12171668334492636,
  "dilation_rate": 3.052791701184656,
  "dropout": 0.3860915190981565,
  "epochs": 100,
  "experiment": "cnn_l2",
  "extra_channel": true,
  "fc1": 255.94807169504506,
  "fc2": 64.98759226453785,
  "kernel_size": 0,
  "l1": 0.000742032523256327,
  "l2": 0.0003251127011474304,
  "lr": 6.019787041067167e-05,
  "min_score": 15,
  "nblocks": 3.376811570789278,
  "net": "cnn",
  "timeout": 10800,
  "train_verbose": true,
  "working_dir": "/home/dasolma/papers/rul_stacked/src"
}