{
  "batch_normalization": -0.30934345454519546,
  "batch_size": 52.366808947930515,
  "block_size": 2.5190147719644855,
  "channels": 2.681123016741723,
  "conv_activation": 0.5664703593994111,
  "debug": false,
  "dense_activation": 0.7965084587376796,
  "dilation_rate": 8.350342626509002,
  "dropout": 0.22125036292215286,
  "epochs": 100,
  "experiment": "cnn_multichannel_rna",
  "extra_channel": true,
  "fc1": 183.97194522499098,
  "fc2": 224.35923565524462,
  "kernel_size": 0,
  "l1": 0.00022949796690361103,
  "l2": 0.0003450857260904232,
  "lr": 0.0007299107773745112,
  "min_score": 0.15,
  "nblocks": 3.4521164312515618,
  "net": "cnn",
  "timeout": 10800,
  "train_verbose": true,
  "working_dir": "/home/dasolma/papers/fer-rna/src"
}