{
  "batch_normalization": -0.4674901022441605,
  "batch_size": 40.932427166550255,
  "block_size": 2.2122156781059497,
  "channels": 2.760879355210478,
  "conv_activation": 1.5935249864715482,
  "debug": false,
  "dense_activation": 1.6086094006883573,
  "dilation_rate": 3.392045077733526,
  "dropout": 0.06893414431357675,
  "epochs": 100,
  "experiment": "cnn_multichannel_rna",
  "extra_channel": true,
  "fc1": 148.24596609514015,
  "fc2": 242.7181642306557,
  "kernel_size": 0,
  "l1": 7.042991728322179e-05,
  "l2": 0.0004112923695518982,
  "lr": 0.0003235128847563686,
  "min_score": 0.15,
  "nblocks": 2.6546194556399465,
  "net": "cnn",
  "timeout": 10800,
  "train_verbose": true,
  "working_dir": "/home/dasolma/papers/fer-rna/src"
}