{
  "batch_size": 43.9852838031156,
  "block_size": 3.3924143266916342,
  "conv_activation": 1.6859818254342154,
  "debug": false,
  "dense_activation": 1.2859754525911098,
  "dilation_rate": 2.0670660316155165,
  "dropout": 0.1403950683025824,
  "epochs": 100,
  "extra_channel": true,
  "f1": 3.2639252859432286,
  "f2": 13.752966372158658,
  "f3": 10.31247285242685,
  "fc1": 199.94993493684075,
  "fc2": 100,
  "kernel_size": -0.38649303422518533,
  "kernels": [
    [
      2,
      3
    ],
    [
      2,
      5
    ],
    [
      2,
      10
    ],
    [
      1,
      3
    ],
    [
      1,
      5
    ],
    [
      1,
      10
    ]
  ],
  "l1": 0.0009699098521619943,
  "l2": 0.0008324426408004218,
  "lr": 0.00022021571957149338,
  "min_score": 15,
  "nblocks": 1.8700134350700592,
  "net": "mscnn",
  "timeout": 10800,
  "train_verbose": true,
  "window": 99.21366589185929,
  "working_dir": "/home/dasolma/papers/rul_stacked/src"
}