{
  "batch_normalization": 0.5257389130925858,
  "batch_size": 56.951054132024,
  "block_size": 2.4034933583469256,
  "conv_activation": 0.7584428544370678,
  "debug": false,
  "dense_activation": -0.003374142934271296,
  "dilation_rate": 1.034377337361614,
  "dropout": 0.41533215588648953,
  "epochs": 100,
  "extra_channel": true,
  "f1": 6.145417924085713,
  "f2": 3.2926386615833896,
  "f3": 7.163050292888542,
  "fc1": 69.49227349280241,
  "fc2": 100,
  "kernel_size": 5.055485608661468,
  "kernels": [
    [
      2,
      3
    ],
    [
      2,
      5
    ],
    [
      2,
      10
    ],
    [
      1,
      3
    ],
    [
      1,
      5
    ],
    [
      1,
      10
    ]
  ],
  "l1": 0.0008986084488157474,
  "l2": 0.0008647256561675425,
  "lr": 0.0006664105311882868,
  "min_score": 15,
  "msblocks": 0.7483335515283571,
  "nblocks": 3.043044928028597,
  "net": "mscnn",
  "timeout": 10800,
  "train_verbose": true,
  "window": 407.04602331629457,
  "working_dir": "/home/dasolma/papers/rul_stacked/src"
}