{
  "batch_normalization": 1.1576083504441814,
  "batch_size": 53.069334083476136,
  "block_size": 2.7742430118265538,
  "conv_activation": 2.2015196839418376,
  "debug": false,
  "dense_activation": 1.6702156313344039,
  "dilation_rate": 7.582994213213463,
  "dropout": 0.8851255042478692,
  "epochs": 100,
  "experiment": "cnn_l2",
  "extra_channel": true,
  "fc1": 194.43587026316527,
  "fc2": 138.88111630414494,
  "kernel_size": 0,
  "l1": 0.0001394872707248861,
  "l2": 0.00028277285804607764,
  "lr": 0.0003044471725428342,
  "min_score": 15,
  "nblocks": 2.818273975130488,
  "net": "cnn",
  "timeout": 10800,
  "train_verbose": true,
  "working_dir": "/home/dasolma/papers/rul_stacked/src"
}