{
  "batch_normalization": 0.7260498141008747,
  "batch_size": 39.196463754115676,
  "block_size": 2.104117688286991,
  "conv_activation": -0.3446025317954535,
  "debug": false,
  "dense_activation": 2.1663953133464906,
  "dilation_rate": 8.042060378301827,
  "dropout": 0.3358706779978192,
  "epochs": 100,
  "experiment": "cnn_l2",
  "extra_channel": true,
  "fc1": 184.08843678536022,
  "fc2": 91.10050576104683,
  "kernel_size": 0,
  "l1": 0.000979995322734389,
  "l2": 0.0004584680196483648,
  "lr": 0.0007463443871443776,
  "min_score": 15,
  "nblocks": 3.075281947709253,
  "net": "cnn",
  "timeout": 10800,
  "train_verbose": true,
  "working_dir": "/home/dasolma/papers/rul_stacked/src"
}