{
  "batch_normalization": -0.1737427083395791,
  "batch_size": 61.819056284127726,
  "block_size": 3.3229244326316865,
  "conv_activation": 2.001623058938601,
  "debug": false,
  "dense_activation": 1.1059664685013562,
  "dilation_rate": 8.138266583299995,
  "dropout": 0.45981933235391786,
  "epochs": 100,
  "experiment": "rnn_cnn_l2",
  "extra_channel": true,
  "fc1": 183.82904694269868,
  "fc2": 183.51810939456942,
  "kernel_size": 0,
  "l1": 0.0009251398015875344,
  "l2": 0.0006234202732727607,
  "lr": 0.0004873754104286769,
  "min_score": 15,
  "nblocks": 2.9675144326544247,
  "net": "cnn",
  "timeout": 10800,
  "train_verbose": true,
  "working_dir": "/home/dasolma/papers/fer-rna/src"
}