{
  "batch_normalization": -0.4188574683060198,
  "batch_size": 50.90857418202374,
  "block_size": 2.8515774364477195,
  "channels": 1.542843901277155,
  "conv_activation": 1.0262791748978428,
  "debug": false,
  "dense_activation": 0.16948732559381385,
  "dilation_rate": 6.9488244482863095,
  "dropout": 0.1569297861044923,
  "epochs": 100,
  "experiment": "cnn_multichannel_rna",
  "extra_channel": true,
  "fc1": 196.66004571567345,
  "fc2": 138.25318648970318,
  "kernel_size": 0,
  "l1": 0.0009367299887367345,
  "l2": 0.00013752094414599326,
  "lr": 0.00034765568753975597,
  "min_score": 0.15,
  "nblocks": 1.7346775720563663,
  "net": "cnn",
  "timeout": 10800,
  "train_verbose": true,
  "working_dir": "/home/dasolma/papers/fer-rna/src"
}