{
  "attention": 1.3493953046851461,
  "batch_normalization": 1.1081595553331898,
  "batch_size": 52.268920208333554,
  "bidirectional": 1.2329211803754354,
  "cell_type": 1.097344153798229,
  "debug": false,
  "dense_activation": 0.04971017665810751,
  "dropout": 0.80330309864098,
  "epochs": 100,
  "experiment": "cnn_rnn_rna",
  "extra_channel": false,
  "fc1": 167.55371044780495,
  "fc2": 219.0285097915,
  "l1": 0.0008960912999234933,
  "l2": 0.0003180034749718639,
  "lr": 0.00011895140528239999,
  "lstm_units": 41.52873820469747,
  "min_score": 0.08,
  "nblocks": 2.782781210106244,
  "net": "rnn",
  "num_embeddings": 263.60295318449863,
  "timeout": 10800,
  "train_verbose": true,
  "window": 444.2922333025374,
  "working_dir": "/home/dasolma/papers/fer-rna/src"
}