{
  "attention": 0.051869019374761516,
  "batch_normalization": 0.5799652054849145,
  "batch_size": 36.509575199192405,
  "bidirectional": 1.0943939615080793,
  "cell_type": -0.36089871264045836,
  "debug": false,
  "dense_activation": 2.450660809801552,
  "dropout": 0.6950202923669917,
  "epochs": 100,
  "experiment": "cnn_rnn_rna",
  "extra_channel": false,
  "fc1": 102.1534108545611,
  "fc2": 65.06024648773166,
  "l1": 0.0008154614284548342,
  "l2": 0.0007068573438476171,
  "lr": 0.0007317170963605775,
  "lstm_units": 102.38227882882592,
  "min_score": 0.08,
  "nblocks": 1.7306530621675893,
  "net": "rnn",
  "num_embeddings": 171.6931457088545,
  "timeout": 10800,
  "train_verbose": true,
  "window": 146.34762381005189,
  "working_dir": "/home/dasolma/papers/fer-rna/src"
}