{
  "batch_normalization": 0.29676436247186877,
  "batch_size": 62.14464966727395,
  "block_size": 2.1807961165120373,
  "conv_activation": 0.5246303572432351,
  "debug": false,
  "dense_activation": 0.13790139682747427,
  "dilation_rate": 2.9087938676062883,
  "dropout": 0.20909904117615982,
  "epochs": 100,
  "experiment": "cnn_l2",
  "extra_channel": true,
  "fc1": 252.86620073214277,
  "fc2": 254.1558170447886,
  "kernel_size": 0,
  "l1": 0.0006903297106185698,
  "l2": 0.00028586426705287806,
  "lr": 0.00032908884227548835,
  "min_score": 15,
  "nblocks": 2.8972893575611973,
  "net": "cnn",
  "timeout": 10800,
  "train_verbose": true,
  "working_dir": "/home/dasolma/papers/rul_stacked/src"
}