{
  "batch_normalization": -0.44701575405162564,
  "batch_size": 33.14459305194525,
  "block_size": 1.9731527485760458,
  "conv_activation": 2.0181390636587766,
  "debug": false,
  "dense_activation": 2.4265348757992706,
  "dilation_rate": 2.9333563591633096,
  "dropout": 0.7370234428746706,
  "epochs": 100,
  "experiment": "cnn_l2",
  "extra_channel": true,
  "fc1": 65.35460461733277,
  "fc2": 64.0756656055276,
  "kernel_size": 0,
  "l1": 0.0006766980923745905,
  "l2": 0.0007605718783418286,
  "lr": 0.0009836910150741506,
  "min_score": 15,
  "nblocks": 2.0907346925253147,
  "net": "cnn",
  "timeout": 10800,
  "train_verbose": true,
  "working_dir": "/home/dasolma/papers/rul_stacked/src"
}