{
  "batch_normalization": 1.2653019842875834,
  "batch_size": 56.956017467443964,
  "block_size": 2.78122265938549,
  "conv_activation": -0.2575801050148535,
  "debug": false,
  "dense_activation": -0.025113857716158705,
  "dilation_rate": 9.477570801500251,
  "dropout": 0.5457861536936309,
  "epochs": 100,
  "experiment": "mscnn_l2",
  "extra_channel": true,
  "f1": 2.6293777299838528,
  "f2": 3.8271006264010965,
  "f3": 11.122252963022564,
  "fc1": 64.97182409847399,
  "fc2": 94.87514587215975,
  "kernel_size": 0,
  "kernels": [
    [
      3,
      3
    ]
  ],
  "l1": 0.0005487337893665861,
  "l2": 0.0006918951976926933,
  "lr": 0.0006554416469075746,
  "min_score": 15,
  "msblocks": 0.3948345447476336,
  "nblocks": 2.9201148582681213,
  "net": "mscnn",
  "timeout": 10800,
  "train_verbose": true,
  "window": 170.28759119856642,
  "working_dir": "/home/dasolma/papers/rul_stacked/src"
}