{
  "batch_normalization": -0.12260866449461433,
  "batch_size": 39.60681784544575,
  "block_size": 2.337069400423373,
  "channels": 2.5537872352284596,
  "conv_activation": 1.546657208272096,
  "debug": false,
  "dense_activation": 1.026862769570761,
  "dilation_rate": 10.281833474336931,
  "dropout": 0.6492439678968576,
  "epochs": 100,
  "experiment": "cnn_multichannel_rna",
  "extra_channel": true,
  "fc1": 117.29446599847732,
  "fc2": 167.72273460772124,
  "kernel_size": 0,
  "l1": 0.00034216659257298144,
  "l2": 0.00026869205110789494,
  "lr": 7.727229125565192e-05,
  "min_score": 0.15,
  "nblocks": 3.4008497388419503,
  "net": "cnn",
  "timeout": 10800,
  "train_verbose": true,
  "working_dir": "/home/dasolma/papers/fer-rna/src"
}