{
  "batch_normalization": 1.4152701169348014,
  "batch_size": 40.05703346641165,
  "block_size": 2.4945520416669233,
  "channels": 2.105739053437204,
  "conv_activation": 0.34452148313240283,
  "debug": false,
  "dense_activation": -0.3993391579364016,
  "dilation_rate": 6.59345205311937,
  "dropout": 0.45241112090597535,
  "epochs": 100,
  "experiment": "cnn_multichannel_rna",
  "extra_channel": true,
  "fc1": 73.88392023999796,
  "fc2": 117.50012113342939,
  "kernel_size": 0,
  "l1": 0.0009082658859666537,
  "l2": 0.00023956189066697242,
  "lr": 0.00015344592337031087,
  "min_score": 0.15,
  "nblocks": 2.4791164653495747,
  "net": "cnn",
  "timeout": 10800,
  "train_verbose": true,
  "working_dir": "/home/dasolma/papers/fer-rna/src"
}