{
  "batch_normalization": 1.1530010768342007,
  "batch_size": 39.831956632026404,
  "block_size": 3.483189550392221,
  "channels": 2.5212562840857515,
  "conv_activation": 2.328381398840329,
  "debug": false,
  "dense_activation": 0.2878694896910807,
  "dilation_rate": 6.046211441252964,
  "dropout": 0.43368933544211885,
  "epochs": 100,
  "experiment": "cnn_multichannel_rna",
  "extra_channel": true,
  "fc1": 147.65582558468932,
  "fc2": 245.91916268997733,
  "kernel_size": 0,
  "l1": 0.0009517634496627364,
  "l2": 0.0005556810012498762,
  "lr": 0.0003790169129366179,
  "min_score": 0.15,
  "nblocks": 2.2413162902298227,
  "net": "cnn",
  "timeout": 10800,
  "train_verbose": true,
  "working_dir": "/home/dasolma/papers/fer-rna/src"
}