{
  "batch_normalization": 0.9193571265737601,
  "batch_size": 56.34512155574072,
  "block_size": 2.6213288511876027,
  "conv_activation": 1.8029015398636827,
  "debug": false,
  "dense_activation": 0.9713867890931722,
  "dilation_rate": 5.726873637232301,
  "dropout": 0.3847869165226947,
  "epochs": 100,
  "experiment": "rnn_cnn_l2",
  "extra_channel": true,
  "fc1": 68.88047233486628,
  "fc2": 84.71515398271445,
  "kernel_size": 0,
  "l1": 3.142918568673425e-05,
  "l2": 0.0006364104112637804,
  "lr": 0.0003212124212655634,
  "min_score": 15,
  "nblocks": 2.5169699685061113,
  "net": "cnn",
  "timeout": 10800,
  "train_verbose": true,
  "working_dir": "/home/dasolma/papers/fer-rna/src"
}