{
  "batch_normalization": 0.07684531069971678,
  "batch_size": 40.59303876498702,
  "block_size": 2.0320359887026562,
  "conv_activation": 0.6632031573757928,
  "debug": false,
  "dense_activation": -0.5089223514497122,
  "dilation_rate": 7.815345881972668,
  "dropout": 0.22452341020259797,
  "epochs": 100,
  "extra_channel": true,
  "f1": 9.579818770910661,
  "f2": 9.360525477340529,
  "f3": 6.020770169575705,
  "fc1": 226.3276747099615,
  "fc2": 100,
  "kernel_size": 0.11307410268652562,
  "kernels": [
    [
      2,
      3
    ],
    [
      2,
      5
    ],
    [
      2,
      10
    ],
    [
      1,
      3
    ],
    [
      1,
      5
    ],
    [
      1,
      10
    ]
  ],
  "l1": 5.280115332691427e-05,
  "l2": 0.0005071157115914634,
  "lr": 0.0009981111841552825,
  "min_score": 15,
  "msblocks": 1.3360925513014377,
  "nblocks": 1.5243816194334812,
  "net": "mscnn",
  "timeout": 10800,
  "train_verbose": true,
  "window": 111.41921550716646,
  "working_dir": "/home/dasolma/papers/rul_stacked/src"
}