{
  "batch_normalization": 0.38928264856176165,
  "batch_size": 53.96753543779709,
  "block_size": 3.053938611550664,
  "conv_activation": 1.1779124931339962,
  "debug": false,
  "dense_activation": 0.011126568387970881,
  "dilation_rate": 6.796383469573066,
  "dropout": 0.8871976084281277,
  "epochs": 100,
  "experiment": "cnn_l2",
  "extra_channel": true,
  "fc1": 166.66714717985184,
  "fc2": 81.64950024003707,
  "kernel_size": 0,
  "l1": 0.00013568276051772243,
  "l2": 0.00028875517508991134,
  "lr": 0.0009005822415145615,
  "min_score": 15,
  "nblocks": 1.749492764557917,
  "net": "cnn",
  "timeout": 10800,
  "train_verbose": true,
  "working_dir": "/home/dasolma/papers/rul_stacked/src"
}