{
  "batch_normalization": 0.48853212359771336,
  "batch_size": 32.37598779408032,
  "block_size": 2.04213091945725,
  "conv_activation": 2.3516761220280653,
  "debug": false,
  "dense_activation": 0.3479106238453582,
  "dilation_rate": 0.5525663550457863,
  "dropout": 0.21796129303509684,
  "epochs": 100,
  "extra_channel": true,
  "f1": 12.396606541770678,
  "f2": 8.700003435716836,
  "f3": 9.460307013872498,
  "fc1": 206.09388869826893,
  "fc2": 100,
  "kernel_size": 0.9050816473360728,
  "kernels": [
    [
      2,
      3
    ],
    [
      2,
      5
    ],
    [
      2,
      10
    ],
    [
      1,
      3
    ],
    [
      1,
      5
    ],
    [
      1,
      10
    ]
  ],
  "l1": 0.0009578294035817344,
  "l2": 0.000660293252559526,
  "lr": 0.0001506435056010005,
  "min_score": 15,
  "msblocks": -0.31022732802964736,
  "nblocks": 2.174912683228535,
  "net": "mscnn",
  "timeout": 10800,
  "train_verbose": true,
  "window": 271.48112568184837,
  "working_dir": "/home/dasolma/papers/rul_stacked/src"
}