{
  "batch_normalization": 0.8774650903202985,
  "batch_size": 34.841603533433684,
  "block_size": 2.1840967487408602,
  "conv_activation": 1.9009675421837595,
  "debug": false,
  "dense_activation": 2.1069832778410955,
  "dilation_rate": 7.979201068052758,
  "dropout": 0.43330928557022147,
  "epochs": 100,
  "experiment": "cnn_l2",
  "extra_channel": true,
  "fc1": 255.24087743375605,
  "fc2": 64.47521137824512,
  "kernel_size": 0,
  "l1": 0.00010583807512751941,
  "l2": 0.00046084011636474446,
  "lr": 0.0007121032798796668,
  "min_score": 15,
  "nblocks": 1.5636601271730457,
  "net": "cnn",
  "timeout": 10800,
  "train_verbose": true,
  "working_dir": "/home/dasolma/papers/rul_stacked/src"
}