{
  "attention": 1.053317726043237,
  "batch_normalization": 1.1653060288853434,
  "batch_size": 56.470858363767896,
  "bidirectional": 1.3814572151438407,
  "cell_type": 0.9711141733867223,
  "debug": false,
  "dense_activation": 1.6795896605790939,
  "dropout": 0.26297641893875506,
  "epochs": 100,
  "extra_channel": false,
  "fc1": 254.0576856260063,
  "fc2": 100,
  "kernels": [
    [
      2,
      3
    ],
    [
      2,
      5
    ],
    [
      2,
      10
    ],
    [
      1,
      3
    ],
    [
      1,
      5
    ],
    [
      1,
      10
    ]
  ],
  "l1": 0.0004737381784481471,
  "l2": 0.0006071138945465729,
  "lr": 0.0006001324161760821,
  "lstm_units": 90.06460066437955,
  "min_score": 15,
  "nblocks": 3.5749993869984404,
  "net": "rnn",
  "timeout": 10800,
  "train_verbose": true,
  "window": 178.7960402984884,
  "working_dir": "/home/dasolma/papers/rul_stacked/src"
}