{
  "batch_normalization": 1.422762688804546,
  "batch_size": 63.927066965927345,
  "block_size": 1.8910657539980267,
  "conv_activation": 1.7557723209893392,
  "debug": false,
  "dense_activation": 0.9690494013112756,
  "dilation_rate": 6.515183032841073,
  "dropout": 0.844352333966134,
  "epochs": 100,
  "experiment": "cnn_l2",
  "extra_channel": true,
  "fc1": 255.83965754853028,
  "fc2": 68.73389313277411,
  "kernel_size": 0,
  "l1": 0.0008199960036947824,
  "l2": 0.0007610594201826562,
  "lr": 8.133545893584672e-05,
  "min_score": 15,
  "nblocks": 2.991766653314067,
  "net": "cnn",
  "timeout": 10800,
  "train_verbose": true,
  "working_dir": "/home/dasolma/papers/rul_stacked/src"
}