{
  "batch_normalization": 0.6875247823646318,
  "batch_size": 62.78129314620459,
  "block_size": 2.5533625764921655,
  "conv_activation": 0.7239481565185775,
  "debug": false,
  "dense_activation": -0.4593998297490306,
  "dilation_rate": 8.09969336824345,
  "dropout": 0.48183564800642953,
  "epochs": 100,
  "experiment": "cnn_l2",
  "extra_channel": true,
  "fc1": 104.23615662085668,
  "fc2": 146.4854315017405,
  "kernel_size": 0,
  "l1": 0.0009642235892876282,
  "l2": 0.00022327312616874674,
  "lr": 0.0006969886570054153,
  "min_score": 15,
  "nblocks": 2.9956856970347054,
  "net": "cnn",
  "timeout": 10800,
  "train_verbose": true,
  "working_dir": "/home/dasolma/papers/rul_stacked/src"
}