{
  "batch_normalization": 0.08695427940888434,
  "batch_size": 46.39558800693569,
  "block_size": 2.165805081469175,
  "conv_activation": 0.41251982212777416,
  "debug": false,
  "dense_activation": 1.1235766616524288,
  "dilation_rate": 0.6876455666107308,
  "dropout": 0.19030256884718796,
  "epochs": 100,
  "extra_channel": true,
  "f1": 14.392433197968826,
  "f2": 11.569690683090206,
  "f3": 12.227647076650193,
  "fc1": 188.42394004526497,
  "fc2": 100,
  "kernel_size": 1.4046125477232154,
  "kernels": [
    [
      2,
      3
    ],
    [
      2,
      5
    ],
    [
      2,
      10
    ],
    [
      1,
      3
    ],
    [
      1,
      5
    ],
    [
      1,
      10
    ]
  ],
  "l1": 0.0009691794574531004,
  "l2": 0.0008487429780224478,
  "lr": 0.00026850910785483715,
  "min_score": 15,
  "msblocks": 1.6161654290436411,
  "nblocks": 2.008822769354301,
  "net": "mscnn",
  "timeout": 10800,
  "train_verbose": true,
  "window": 321.92520015832565,
  "working_dir": "/home/dasolma/papers/rul_stacked/src"
}