{
  "batch_normalization": 0.4407701827631595,
  "batch_size": 35.96980792793185,
  "block_size": 3.2115112780968715,
  "conv_activation": -0.25585560490889403,
  "debug": false,
  "dense_activation": -0.4487204142049629,
  "dilation_rate": 8.965168473451559,
  "dropout": 0.41788841644065355,
  "epochs": 100,
  "experiment": "cnn_l2",
  "extra_channel": true,
  "fc1": 234.19106975662282,
  "fc2": 186.03599769027704,
  "kernel_size": 0,
  "l1": 0.0007369510512186377,
  "l2": 2.3499140826971134e-05,
  "lr": 0.00022571170460427328,
  "min_score": 15,
  "nblocks": 3.4628293791230487,
  "net": "cnn",
  "timeout": 10800,
  "train_verbose": true,
  "working_dir": "/home/dasolma/papers/rul_stacked/src"
}