{
  "batch_normalization": 0.6939311615455044,
  "batch_size": 35.67040326818264,
  "block_size": 2.940621708413742,
  "conv_activation": -0.41053479683925864,
  "debug": false,
  "dense_activation": 0.5483338872900483,
  "dilation_rate": 2.550682060283462,
  "dropout": 0.8812148967073449,
  "epochs": 100,
  "extra_channel": true,
  "f1": 14.205427549502406,
  "f2": 6.409365490091427,
  "f3": 10.216489884831173,
  "fc1": 125.06446212458965,
  "fc2": 100,
  "kernel_size": 4.238485338808089,
  "kernels": [
    [
      2,
      3
    ],
    [
      2,
      5
    ],
    [
      2,
      10
    ],
    [
      1,
      3
    ],
    [
      1,
      5
    ],
    [
      1,
      10
    ]
  ],
  "l1": 0.000595980446376067,
  "l2": 0.0008945487009078575,
  "lr": 8.165486143646016e-05,
  "min_score": 15,
  "msblocks": -0.4898809967030439,
  "nblocks": 1.9420826815905032,
  "net": "mscnn",
  "timeout": 10800,
  "train_verbose": true,
  "window": 466.2508048952562,
  "working_dir": "/home/dasolma/papers/rul_stacked/src"
}